[{"@type":"dssTask","id":"@1","name":"Synchronization Task2","description":"","maxLogs":10,"sourceConnectionId":"@aS3jigXQm4PeXgIWxDRtEu","targetConnectionId":"@6PBF1WoLURrlROwHC3qB20","targetObject":"CUSTOMER.csv","operation":"Insert","maxRows":0,"truncateTarget":false,"bulkApiDBTarget":false,"verbose":false,"tgtFlatFileAttrs":{"@type":"flatFileAttrs","id":2053350,"delimiter":",","textQualifier":"\"","escapeChar":"","headerLineNo":1,"firstDataRow":2},"targetMetadataUpdated":false,"modelVersion":"V3-R600","queryAll":false,"srcSettings":{"@type":"taskDataSourceSetting","isShowLabels":false,"isNaturalOrder":true},"tgtSettings":{"@type":"taskDataSourceSetting","isShowLabels":false,"isNaturalOrder":true},"cfSettings":{"@type":"taskDataSourceSetting","isShowLabels":false,"isNaturalOrder":false},"bulkApi":false,"bulkApiSerialMode":false,"bulkApiMonitor":false,"isTargetObjectSfCustom":false,"allowNullUpdates":false,"targetBatchSize":200,"assignmentRuleId":"-1","assignmentRuleType":"None","createSuccessFile":false,"bulkApiHardDelete":false,"srcRuntimeAttrs":{"@type":"taskRuntimeAttrs","attrs":{}},"tgtRuntimeAttrs":{"@type":"taskRuntimeAttrs","attrs":{}},"parameterFileEncoding":"UTF-8","serverlessProperties":{},"sourceObjects":[{"@type":"mObject","name":"CUSTOMER","label":"CUSTOMER","metadataUpdated":false,"relations":[],"children":[]}],"advancedFilters":[],"filters":[],"fieldMaps":[{"@type":"fieldMap","id":"19879695","targetField":{"@type":"field","id":119315238,"name":"CUST_ID","type":"nstring","uniqueName":"CUST_ID","label":"CUST_ID","parentObject":"CUSTOMER.csv","pcType":"UNISTRING","precision":6,"scale":0,"columnIndex":0,"isKey":false,"isWaterMarkKey":false,"isExternalId":false,"isSfIdLookup":false,"isNullable":true,"isUnique":false,"isCreateable":false,"isUpdateable":true,"isFilterable":true,"isCalculated":false,"showLabel":false,"naturalOrder":0,"linkedFields":["CUST_ID"],"relatedInfos":[],"references":[]},"expression":"CUST_ID"},{"@type":"fieldMap","id":"19879696","targetField":{"@type":"field","id":119315239,"name":"NAME","type":"nstring","uniqueName":"NAME","label":"NAME","parentObject":"CUSTOMER.csv","pcType":"UNISTRING","precision":30,"scale":0,"columnIndex":1,"isKey":false,"isWaterMarkKey":false,"isExternalId":false,"isSfIdLookup":false,"isNullable":true,"isUnique":false,"isCreateable":false,"isUpdateable":true,"isFilterable":true,"isCalculated":false,"showLabel":false,"naturalOrder":0,"linkedFields":["NAME"],"relatedInfos":[],"references":[]},"expression":"NAME"},{"@type":"fieldMap","id":"19879697","targetField":{"@type":"field","id":119315240,"name":"ADDRESS","type":"nstring","uniqueName":"ADDRESS","label":"ADDRESS","parentObject":"CUSTOMER.csv","pcType":"UNISTRING","precision":60,"scale":0,"columnIndex":2,"isKey":false,"isWaterMarkKey":false,"isExternalId":false,"isSfIdLookup":false,"isNullable":true,"isUnique":false,"isCreateable":false,"isUpdateable":true,"isFilterable":true,"isCalculated":false,"showLabel":false,"naturalOrder":0,"linkedFields":["ADDRESS"],"relatedInfos":[],"references":[]},"expression":"ADDRESS"},{"@type":"fieldMap","id":"19879698","targetField":{"@type":"field","id":119315241,"name":"CITY","type":"nstring","uniqueName":"CITY","label":"CITY","parentObject":"CUSTOMER.csv","pcType":"UNISTRING","precision":30,"scale":0,"columnIndex":3,"isKey":false,"isWaterMarkKey":false,"isExternalId":false,"isSfIdLookup":false,"isNullable":true,"isUnique":false,"isCreateable":false,"isUpdateable":true,"isFilterable":true,"isCalculated":false,"showLabel":false,"naturalOrder":0,"linkedFields":["CITY"],"relatedInfos":[],"references":[]},"expression":"CITY"},{"@type":"fieldMap","id":"19879699","targetField":{"@type":"field","id":119315242,"name":"STATE","type":"nstring","uniqueName":"STATE","label":"STATE","parentObject":"CUSTOMER.csv","pcType":"UNISTRING","precision":2,"scale":0,"columnIndex":4,"isKey":false,"isWaterMarkKey":false,"isExternalId":false,"isSfIdLookup":false,"isNullable":true,"isUnique":false,"isCreateable":false,"isUpdateable":true,"isFilterable":true,"isCalculated":false,"showLabel":false,"naturalOrder":0,"linkedFields":["STATE"],"relatedInfos":[],"references":[]},"expression":"STATE"},{"@type":"fieldMap","id":"19879700","targetField":{"@type":"field","id":119315243,"name":"POSTALCODE","type":"nstring","uniqueName":"POSTALCODE","label":"POSTALCODE","parentObject":"CUSTOMER.csv","pcType":"UNISTRING","precision":5,"scale":0,"columnIndex":5,"isKey":false,"isWaterMarkKey":false,"isExternalId":false,"isSfIdLookup":false,"isNullable":true,"isUnique":false,"isCreateable":false,"isUpdateable":true,"isFilterable":true,"isCalculated":false,"showLabel":false,"naturalOrder":0,"linkedFields":["POSTALCODE"],"relatedInfos":[],"references":[]},"expression":"POSTALCODE"},{"@type":"fieldMap","id":"19879701","targetField":{"@type":"field","id":119315244,"name":"COUNTRY","type":"nstring","uniqueName":"COUNTRY","label":"COUNTRY","parentObject":"CUSTOMER.csv","pcType":"UNISTRING","precision":15,"scale":0,"columnIndex":6,"isKey":false,"isWaterMarkKey":false,"isExternalId":false,"isSfIdLookup":false,"isNullable":true,"isUnique":false,"isCreateable":false,"isUpdateable":true,"isFilterable":true,"isCalculated":false,"showLabel":false,"naturalOrder":0,"linkedFields":["COUNTRY"],"relatedInfos":[],"references":[]},"expression":"COUNTRY"},{"@type":"fieldMap","id":"19879702","targetField":{"@type":"field","id":119315245,"name":"PHONE","type":"nstring","uniqueName":"PHONE","label":"PHONE","parentObject":"CUSTOMER.csv","pcType":"UNISTRING","precision":20,"scale":0,"columnIndex":7,"isKey":false,"isWaterMarkKey":false,"isExternalId":false,"isSfIdLookup":false,"isNullable":true,"isUnique":false,"isCreateable":false,"isUpdateable":true,"isFilterable":true,"isCalculated":false,"showLabel":false,"naturalOrder":0,"linkedFields":["PHONE"],"relatedInfos":[],"references":[]},"expression":"PHONE"},{"@type":"fieldMap","id":"19879703","targetField":{"@type":"field","id":119315246,"name":"LAST_ORDER_DATE","type":"datetime","uniqueName":"LAST_ORDER_DATE","label":"LAST_ORDER_DATE","parentObject":"CUSTOMER.csv","pcType":"DATE","precision":19,"scale":0,"columnIndex":8,"isKey":false,"isWaterMarkKey":false,"isExternalId":false,"isSfIdLookup":false,"isNullable":true,"isUnique":false,"isCreateable":false,"isUpdateable":true,"isFilterable":true,"isCalculated":false,"showLabel":false,"naturalOrder":0,"linkedFields":["LAST_ORDER_DATE"],"relatedInfos":[],"references":[]},"expression":"LAST_ORDER_DATE"},{"@type":"fieldMap","id":"19879704","targetField":{"@type":"field","id":119315247,"name":"STATUS","type":"nstring","uniqueName":"STATUS","label":"STATUS","parentObject":"CUSTOMER.csv","pcType":"UNISTRING","precision":10,"scale":0,"columnIndex":9,"isKey":false,"isWaterMarkKey":false,"isExternalId":false,"isSfIdLookup":false,"isNullable":true,"isUnique":false,"isCreateable":false,"isUpdateable":true,"isFilterable":true,"isCalculated":false,"showLabel":false,"naturalOrder":0,"linkedFields":["STATUS"],"relatedInfos":[],"references":[]},"expression":"STATUS"},{"@type":"fieldMap","id":"19879705","targetField":{"@type":"field","id":119315248,"name":"TIER","type":"nstring","uniqueName":"TIER","label":"TIER","parentObject":"CUSTOMER.csv","pcType":"UNISTRING","precision":5,"scale":0,"columnIndex":10,"isKey":false,"isWaterMarkKey":false,"isExternalId":false,"isSfIdLookup":false,"isNullable":true,"isUnique":false,"isCreateable":false,"isUpdateable":true,"isFilterable":true,"isCalculated":false,"showLabel":false,"naturalOrder":0,"linkedFields":["TIER"],"relatedInfos":[],"references":[]},"expression":"TIER"},{"@type":"fieldMap","id":"19879706","targetField":{"@type":"field","id":119315249,"name":"MODIFIED_DATE","type":"datetime","uniqueName":"MODIFIED_DATE","label":"MODIFIED_DATE","parentObject":"CUSTOMER.csv","pcType":"DATE","precision":19,"scale":0,"columnIndex":11,"isKey":false,"isWaterMarkKey":false,"isExternalId":false,"isSfIdLookup":false,"isNullable":true,"isUnique":false,"isCreateable":false,"isUpdateable":true,"isFilterable":true,"isCalculated":false,"showLabel":false,"naturalOrder":0,"linkedFields":["MODIFIED_DATE"],"relatedInfos":[],"references":[]},"expression":"MODIFIED_DATE"}],"sourceFields":[{"@type":"field","id":119315250,"name":"CUST_ID","type":"varchar","uniqueName":"CUST_ID","label":"CUST_ID","parentObject":"CUSTOMER","pcType":"STRING","precision":6,"scale":0,"columnIndex":0,"isKey":false,"isWaterMarkKey":false,"isExternalId":false,"isSfIdLookup":false,"isNullable":true,"isUnique":false,"isCreateable":false,"isUpdateable":true,"isFilterable":true,"isCalculated":false,"showLabel":false,"naturalOrder":0,"linkedFields":["CUST_ID"],"relatedInfos":[],"references":[]},{"@type":"field","id":119315251,"name":"NAME","type":"varchar","uniqueName":"NAME","label":"NAME","parentObject":"CUSTOMER","pcType":"STRING","precision":30,"scale":0,"columnIndex":1,"isKey":false,"isWaterMarkKey":false,"isExternalId":false,"isSfIdLookup":false,"isNullable":true,"isUnique":false,"isCreateable":false,"isUpdateable":true,"isFilterable":true,"isCalculated":false,"showLabel":false,"naturalOrder":1,"linkedFields":["NAME"],"relatedInfos":[],"references":[]},{"@type":"field","id":119315252,"name":"ADDRESS","type":"varchar","uniqueName":"ADDRESS","label":"ADDRESS","parentObject":"CUSTOMER","pcType":"STRING","precision":60,"scale":0,"columnIndex":2,"isKey":false,"isWaterMarkKey":false,"isExternalId":false,"isSfIdLookup":false,"isNullable":true,"isUnique":false,"isCreateable":false,"isUpdateable":true,"isFilterable":true,"isCalculated":false,"showLabel":false,"naturalOrder":2,"linkedFields":["ADDRESS"],"relatedInfos":[],"references":[]},{"@type":"field","id":119315253,"name":"CITY","type":"varchar","uniqueName":"CITY","label":"CITY","parentObject":"CUSTOMER","pcType":"STRING","precision":30,"scale":0,"columnIndex":3,"isKey":false,"isWaterMarkKey":false,"isExternalId":false,"isSfIdLookup":false,"isNullable":true,"isUnique":false,"isCreateable":false,"isUpdateable":true,"isFilterable":true,"isCalculated":false,"showLabel":false,"naturalOrder":3,"linkedFields":["CITY"],"relatedInfos":[],"references":[]},{"@type":"field","id":119315254,"name":"STATE","type":"varchar","uniqueName":"STATE","label":"STATE","parentObject":"CUSTOMER","pcType":"STRING","precision":2,"scale":0,"columnIndex":4,"isKey":false,"isWaterMarkKey":false,"isExternalId":false,"isSfIdLookup":false,"isNullable":true,"isUnique":false,"isCreateable":false,"isUpdateable":true,"isFilterable":true,"isCalculated":false,"showLabel":false,"naturalOrder":4,"linkedFields":["STATE"],"relatedInfos":[],"references":[]},{"@type":"field","id":119315255,"name":"POSTALCODE","type":"varchar","uniqueName":"POSTALCODE","label":"POSTALCODE","parentObject":"CUSTOMER","pcType":"STRING","precision":5,"scale":0,"columnIndex":5,"isKey":false,"isWaterMarkKey":false,"isExternalId":false,"isSfIdLookup":false,"isNullable":true,"isUnique":false,"isCreateable":false,"isUpdateable":true,"isFilterable":true,"isCalculated":false,"showLabel":false,"naturalOrder":5,"linkedFields":["POSTALCODE"],"relatedInfos":[],"references":[]},{"@type":"field","id":119315256,"name":"COUNTRY","type":"varchar","uniqueName":"COUNTRY","label":"COUNTRY","parentObject":"CUSTOMER","pcType":"STRING","precision":15,"scale":0,"columnIndex":6,"isKey":false,"isWaterMarkKey":false,"isExternalId":false,"isSfIdLookup":false,"isNullable":true,"isUnique":false,"isCreateable":false,"isUpdateable":true,"isFilterable":true,"isCalculated":false,"showLabel":false,"naturalOrder":6,"linkedFields":["COUNTRY"],"relatedInfos":[],"references":[]},{"@type":"field","id":119315257,"name":"PHONE","type":"varchar","uniqueName":"PHONE","label":"PHONE","parentObject":"CUSTOMER","pcType":"STRING","precision":20,"scale":0,"columnIndex":7,"isKey":false,"isWaterMarkKey":false,"isExternalId":false,"isSfIdLookup":false,"isNullable":true,"isUnique":false,"isCreateable":false,"isUpdateable":true,"isFilterable":true,"isCalculated":false,"showLabel":false,"naturalOrder":7,"linkedFields":["PHONE"],"relatedInfos":[],"references":[]},{"@type":"field","id":119315258,"name":"LAST_ORDER_DATE","type":"timestamp","uniqueName":"LAST_ORDER_DATE","label":"LAST_ORDER_DATE","parentObject":"CUSTOMER","pcType":"DATE","precision":23,"scale":3,"columnIndex":8,"isKey":false,"isWaterMarkKey":false,"isExternalId":false,"isSfIdLookup":false,"isNullable":true,"isUnique":false,"isCreateable":false,"isUpdateable":true,"isFilterable":true,"isCalculated":false,"showLabel":false,"naturalOrder":8,"linkedFields":["LAST_ORDER_DATE"],"relatedInfos":[],"references":[]},{"@type":"field","id":119315259,"name":"STATUS","type":"varchar","uniqueName":"STATUS","label":"STATUS","parentObject":"CUSTOMER","pcType":"STRING","precision":10,"scale":0,"columnIndex":9,"isKey":false,"isWaterMarkKey":false,"isExternalId":false,"isSfIdLookup":false,"isNullable":true,"isUnique":false,"isCreateable":false,"isUpdateable":true,"isFilterable":true,"isCalculated":false,"showLabel":false,"naturalOrder":9,"linkedFields":["STATUS"],"relatedInfos":[],"references":[]},{"@type":"field","id":119315260,"name":"TIER","type":"varchar","uniqueName":"TIER","label":"TIER","parentObject":"CUSTOMER","pcType":"STRING","precision":5,"scale":0,"columnIndex":10,"isKey":false,"isWaterMarkKey":false,"isExternalId":false,"isSfIdLookup":false,"isNullable":true,"isUnique":false,"isCreateable":false,"isUpdateable":true,"isFilterable":true,"isCalculated":false,"showLabel":false,"naturalOrder":10,"linkedFields":["TIER"],"relatedInfos":[],"references":[]},{"@type":"field","id":119315261,"name":"MODIFIED_DATE","type":"timestamp","uniqueName":"MODIFIED_DATE","label":"MODIFIED_DATE","parentObject":"CUSTOMER","pcType":"DATE","precision":23,"scale":3,"columnIndex":11,"isKey":false,"isWaterMarkKey":false,"isExternalId":false,"isSfIdLookup":false,"isNullable":true,"isUnique":false,"isCreateable":false,"isUpdateable":true,"isFilterable":true,"isCalculated":false,"showLabel":false,"naturalOrder":11,"linkedFields":["MODIFIED_DATE"],"relatedInfos":[],"references":[]}],"sortFields":[],"groupFields":[]}]