[{"@type":"fileRecord","id":"@4","name":"metadata","type":"JSON","size":19645,"attachTime":1695405376000},{"@type":"fileRecord","id":"@2","name":"extension","type":"XML","size":50626,"attachTime":1695405376000},{"@type":"fileRecord","id":"@3","name":"fault","type":"XSD","size":6628,"attachTime":1695405376000},{"@type":"fileRecord","id":"@6","name":"response","type":"XSD","size":30806,"attachTime":1695405376000},{"@type":"fileRecord","id":"@5","name":"request","type":"XSD","size":6610,"attachTime":1695405376000}]