[{"@type":"drsTask","id":"@1","name":"rt_04557477","maxLogs":10,"sourceConnectionId":"@0NrXXUCV3cJiZO7TmGbiyw","targetConnectionId":"@1PLiSc5GA6oge4Ya9e0Kq3","tablePrefix":"SFSep_","verbose":false,"fullRefresh":false,"replicateAllObjects":false,"removeDeleted":true,"queryAll":false,"srcShowLabels":true,"maxRows":0,"stopOnError":true,"replicationObjects":["Contact"],"excludedReplicationObjects":[],"majorUpdateTime":1696002807000,"metadataMode":0,"bulkApi":true,"base64BodySize":0.0,"commitInterval":10000,"bulkApiDBTarget":true,"fieldExclusions":[],"filters":[],"advancedFilters":[],"srcRuntimeAttrs":{"@type":"taskRuntimeAttrs","attrs":{"Maximum Rows Per Request":"0","PK Chunking size":"100000","Enable PK Chunking":"0","PK Chunking startRow ID":""}}}]