[{"@type":"mappingTemplate","id":"@1","name":"m_ldap","description":"","bundleVersion":"0","templateId":"@3","deployTime":1676575085000,"hasParameters":false,"valid":true,"fixedConnection":true,"hasParametersDeployed":false,"fixedConnectionDeployed":true,"isSchemaValidationEnabled":false,"tasks":1,"mappingPreviewFileRecordId":"@2","documentType":"MAPPING","references":[{"@type":"reference","refObjectId":"@5JfngqNmmqbeMzoqSX4sw6","refType":"connection"},{"@type":"reference","refObjectId":"@6PBF1WoLURrlROwHC3qB20","refType":"connection"}]}]