[{"@type":"mappingTemplate","id":"@1","name":"m_OracleWrite - Copy 1","description":"","bundleVersion":"0","templateId":"@3","deployTime":1689175421000,"hasParameters":false,"valid":true,"fixedConnection":true,"hasParametersDeployed":false,"fixedConnectionDeployed":true,"isSchemaValidationEnabled":false,"tasks":1,"mappingPreviewFileRecordId":"@2","documentType":"MAPPING","references":[{"@type":"reference","refObjectId":"@ja7B19G1LgrerkXccycZk8","refType":"connection"},{"@type":"reference","refObjectId":"@czPefzxYNCNgTtAW4cgpgJ","refType":"connection"}]}]