[{"@type":"mappingTemplate","id":"@1","name":"SDB_Ductuan_WebServices","description":"","bundleVersion":"0","templateId":"@3","deployTime":1631309618000,"hasParameters":false,"valid":true,"fixedConnection":true,"hasParametersDeployed":false,"fixedConnectionDeployed":true,"isSchemaValidationEnabled":false,"tasks":0,"mappingPreviewFileRecordId":"@2","documentType":"MAPPING","references":[{"@type":"reference","refObjectId":"@2peIyF6BO2xbrd2goQsHit","refType":"connection"},{"@type":"reference","refObjectId":"@490GxajCSQsc1Jwei3NpQG","refType":"businessService"},{"@type":"reference","refObjectId":"@490GxajCSQsc1Jwei3NpQG@NumberToDollars","refType":"businessOperation"}]}]