[{"@type":"mappingTemplate","id":"@1","name":"m_SQL_FF","description":"","bundleVersion":"0","templateId":"@3","deployTime":1644617654000,"hasParameters":false,"valid":true,"fixedConnection":true,"hasParametersDeployed":false,"fixedConnectionDeployed":true,"isSchemaValidationEnabled":false,"tasks":1,"mappingPreviewFileRecordId":"@2","documentType":"MAPPING","references":[{"@type":"reference","refObjectId":"@ja7B19G1LgrerkXccycZk8","refType":"connection"},{"@type":"reference","refObjectId":"@1PBosx9sNIiiQUr7fEhMuA","refType":"connection"}]}]