[{"@type":"mappingTemplate","id":"@1","name":"m_schedule_export","description":"","autoExpireObject":false,"bundleVersion":"0","assetFrsGuid":"6UxFfP4HWwPkxyey9v8bw6","templateId":"@3","deployTime":1738619084000,"hasParameters":false,"valid":true,"fixedConnection":true,"hasParametersDeployed":false,"fixedConnectionDeployed":true,"isSchemaValidationEnabled":false,"tasks":1,"mappingPreviewFileRecordId":"@2","documentType":"MAPPING","references":[{"@type":"reference","refObjectId":"@1PPpBC0LMxrj6mxb1PVjUG","refType":"connection"}]}]