[{"@type":"pcsTask","id":"@1","name":"PowerCenter Task1","runtimeEnvironmentId":"@0Ks4S1oI3awlsbGmqdCak7","maxLogs":10,"pcXmlFile":"wf_IICS_Datahub_Test_0403.xml","workflowName":"wf_IICS_Datahub_Test","sessionName":"s_m_S1_Earned_Premium_New_EPM_Test_only","mappingName":"m_S1_Earned_Premium_New_EPM_Test_only","serverlessProperties":{},"paramFileType":"PARAM_FILE_LOCAL","parameterFileEncoding":"UTF-8","transformations":[{"@type":"pcsTransformation","name":"S1_EARNED_PREMIUM_NEW","type":"S1_EARNED_PREMIUM_NEW","connectionRef":"DHSBX301_INFA_SA_DATAHUB_APP","description":""},{"@type":"pcsTransformation","name":"S3_EARNED_PREMIUM_HISTORY","type":"S3_EARNED_PREMIUM_HISTORY","connectionRef":"DHSBX301_INFA_SA_DATAHUB_APP","description":""},{"@type":"pcsTransformation","name":"EARNED_PREMIUM_ARCHIVE_NEW","type":"EARNED_PREMIUM_ARCHIVE_NEW","description":""},{"@type":"pcsTransformation","name":"exp_transform_fields_new","type":"exp_transform_fields_new","description":""},{"@type":"pcsTransformation","name":"exp_gather_output_new","type":"exp_gather_output_new","description":""},{"@type":"pcsTransformation","name":"exp_gather_output_history","type":"exp_gather_output_history","description":""},{"@type":"pcsTransformation","name":"rtr_new_or_history","type":"rtr_new_or_history","description":"Check to see if a transaction has finished earning or not:\r\n\r\nNEW : epm.pc_periodend >= the new ep_accountingdate for the current month then write the row to the s1_earned_premium_new table\r\n\r\nHISTORY : Earned_Premium_Master(EPM).pc_periodend < the ep_accountingdate (1st day of the current month) for the new accounting period being processed and epm.net_total_written = epm.earned_premium_total and epm.remaining_term_days = 0 then write row to s3_earned_premium_history.\r\n"},{"@type":"pcsTransformation","name":"exp_gather_input","type":"exp_gather_input","description":""},{"@type":"pcsTransformation","name":"SQ_EARNED_PREMIUM_ARCHIVE_NEW","type":"SQ_EARNED_PREMIUM_ARCHIVE_NEW","connectionRef":"DHSBX301_INFA_DATAHUB_APP","description":""},{"@type":"pcsTransformation","name":"seq_Earned_Premium_Test","type":"seq_Earned_Premium_Test","description":""}],"connections":[{"@type":"pcsConnection","id":15690,"name":"DHSBX301_INFA_SA_DATAHUB_APP","type":"Relational","subType":"Oracle","connectionId":"@llKL1SrOva6gFpIoXzvUCl"},{"@type":"pcsConnection","id":15691,"name":"DHSBX301_INFA_DATAHUB_APP","type":"Relational","subType":"Oracle","connectionId":"@llKL1SrOva6gFpIoXzvUCl"}],"parameters":[],"inOutParameters":[]}]