[{"@type":"mappingTemplate","id":"@1","name":"m_FF_to_SQL - Copy 1","description":"","bundleVersion":"0","templateId":"@3","deployTime":1657659583000,"hasParameters":false,"valid":false,"fixedConnection":true,"hasParametersDeployed":true,"fixedConnectionDeployed":true,"isSchemaValidationEnabled":false,"tasks":0,"mappingPreviewFileRecordId":"@2","documentType":"MAPPING","references":[{"@type":"reference","refObjectId":"@gtv63Xrsg4ad5MRMlwM9Q7","refType":"connection"},{"@type":"reference","refObjectId":"@6PBF1WoLURrlROwHC3qB20","refType":"connection"}]}]