[{"@type":"fileRecord","id":"@5","name":"request","type":"XSD","size":5011,"attachTime":1631309245000},{"@type":"fileRecord","id":"@4","name":"metadata","type":"JSON","size":2898,"attachTime":1631309245000},{"@type":"fileRecord","id":"@2","name":"extension","type":"XML","size":16498,"attachTime":1631309245000},{"@type":"fileRecord","id":"@3","name":"fault","type":"XSD","size":4848,"attachTime":1631309245000},{"@type":"fileRecord","id":"@6","name":"response","type":"XSD","size":5057,"attachTime":1631309245000}]