[{"@type":"mappingTemplate","id":"@1","name":"m_partitionTest","description":"","bundleVersion":"0","templateId":"@3","deployTime":1637602032000,"hasParameters":false,"valid":true,"fixedConnection":true,"hasParametersDeployed":false,"fixedConnectionDeployed":true,"tasks":1,"mappingPreviewFileRecordId":"@2","documentType":"MAPPING","references":[{"@type":"reference","refObjectId":"@llKL1SrOva6gFpIoXzvUCl","refType":"connection"},{"@type":"reference","refObjectId":"@lvMoendpumRfm3jkbOPOkZ","refType":"connection"}]}]