[{"@type":"mappingTemplate","id":"@1","name":"TestingParam","description":"","bundleVersion":"0","templateId":"@3","deployTime":1690393164000,"hasParameters":true,"valid":true,"fixedConnection":true,"hasParametersDeployed":true,"fixedConnectionDeployed":true,"isSchemaValidationEnabled":false,"tasks":1,"mappingPreviewFileRecordId":"@2","documentType":"MAPPING","references":[{"@type":"reference","refObjectId":"@6oEJ1dRVIIxfwUdYRlUfaT","refType":"connection"},{"@type":"reference","refObjectId":"@dbwcbrXt1y6bQ0LQ10R28G","refType":"connection"}]}]