[{"@type":"mappingTemplate","id":"@1","name":"m_DST","description":"","bundleVersion":"0","templateId":"@3","deployTime":1636748622000,"hasParameters":false,"valid":true,"fixedConnection":true,"hasParametersDeployed":false,"fixedConnectionDeployed":true,"tasks":1,"mappingPreviewFileRecordId":"@2","documentType":"MAPPING","references":[{"@type":"reference","refObjectId":"@ja7B19G1LgrerkXccycZk8","refType":"connection"},{"@type":"reference","refObjectId":"@lvMoendpumRfm3jkbOPOkZ","refType":"connection"}]}]