[{"@type":"mappingTemplate","id":"@1","name":"m_pendo_restv2 - Copy 1","description":"","bundleVersion":"0","templateId":"@3","hasParameters":false,"valid":true,"fixedConnection":true,"hasParametersDeployed":false,"fixedConnectionDeployed":false,"isSchemaValidationEnabled":false,"tasks":0,"mappingPreviewFileRecordId":"@2","documentType":"MAPPING","references":[{"@type":"reference","refObjectId":"@4LyVxuKWVA9gW20p2HfG2E","refType":"connection"},{"@type":"reference","refObjectId":"@gMgKlX14KKze1MfG1VcWGA","refType":"connection"}]}]