[{"@type":"mappingTemplate","id":"@1","name":"m_SimpleMapplet_no_join","description":"","bundleVersion":"0","templateId":"@2","deployTime":1637263642000,"hasParameters":false,"valid":true,"fixedConnection":true,"hasParametersDeployed":false,"fixedConnectionDeployed":true,"isSchemaValidationEnabled":false,"tasks":1,"documentType":"MAPPING","references":[{"@type":"reference","refObjectId":"@4LyVxuKWVA9gW20p2HfG2E","refType":"connection"},{"@type":"reference","refObjectId":"@aB2rqELBYNKeC6cJhHDso3","refType":"mappletTemplate"}]}]