[{"@type":"mappingTemplate","id":"@1","name":"m_mongoUpdate","description":"","bundleVersion":"0","templateId":"@3","deployTime":1670368599000,"hasParameters":false,"valid":true,"fixedConnection":true,"hasParametersDeployed":false,"fixedConnectionDeployed":true,"isSchemaValidationEnabled":false,"tasks":0,"mappingPreviewFileRecordId":"@2","documentType":"MAPPING","references":[{"@type":"reference","refObjectId":"@6PBF1WoLURrlROwHC3qB20","refType":"connection"},{"@type":"reference","refObjectId":"@gkgM9aBqFk7gyJZFvzQpAn","refType":"connection"}]}]