[{"@type":"mappingTemplate","id":"@1","name":"m_msd365_to_ff","description":"","bundleVersion":"0","templateId":"@3","deployTime":1686243127000,"hasParameters":false,"valid":true,"fixedConnection":true,"hasParametersDeployed":false,"fixedConnectionDeployed":true,"isSchemaValidationEnabled":false,"tasks":1,"mappingPreviewFileRecordId":"@2","documentType":"MAPPING","references":[{"@type":"reference","refObjectId":"@0YxGGC7zrDXhWn7Zxpolo4","refType":"connection"},{"@type":"reference","refObjectId":"@ja7B19G1LgrerkXccycZk8","refType":"connection"}]}]