[{"@type":"mappingTemplate","id":"@1","name":"m_sql_to_snow","description":"","bundleVersion":"0","templateId":"@3","deployTime":1683646009000,"hasParameters":false,"valid":true,"fixedConnection":true,"hasParametersDeployed":false,"fixedConnectionDeployed":true,"isSchemaValidationEnabled":false,"tasks":1,"mappingPreviewFileRecordId":"@2","documentType":"MAPPING","references":[{"@type":"reference","refObjectId":"@7zfQJiGsbuRcpvW72vtxAE","refType":"connection"},{"@type":"reference","refObjectId":"@1PLiSc5GA6oge4Ya9e0Kq3","refType":"connection"}]}]