[{"@type":"mappingTemplate","id":"@1","name":"vivek_sanofi_november_release","description":"","bundleVersion":"0","templateId":"@3","deployTime":1700181796000,"hasParameters":false,"valid":true,"fixedConnection":true,"hasParametersDeployed":false,"fixedConnectionDeployed":true,"isSchemaValidationEnabled":false,"tasks":1,"mappingPreviewFileRecordId":"@2","documentType":"MAPPING","references":[{"@type":"reference","refObjectId":"@87D1yreN6AkbASrVni89IT","refType":"connection"},{"@type":"reference","refObjectId":"@0NrXXUCV3cJiZO7TmGbiyw","refType":"connection"}]}]