[{"@type":"mappingTemplate","id":"@1","name":"SDB_Ductuan_Employees","description":"","bundleVersion":"0","templateId":"@3","deployTime":1631311165000,"hasParameters":false,"valid":true,"fixedConnection":true,"hasParametersDeployed":false,"fixedConnectionDeployed":true,"isSchemaValidationEnabled":false,"tasks":1,"mappingPreviewFileRecordId":"@2","documentType":"MAPPING","references":[{"@type":"reference","refObjectId":"@2peIyF6BO2xbrd2goQsHit","refType":"connection"},{"@type":"reference","refObjectId":"@hHQEb8ZzZW7hntO5bRCIqm","refType":"hschema"}]}]