[{"@type":"mappingTemplate","id":"@1","name":"m_odbc","description":"","bundleVersion":"0","templateId":"@3","deployTime":1685718932000,"hasParameters":false,"valid":true,"fixedConnection":true,"hasParametersDeployed":false,"fixedConnectionDeployed":true,"isSchemaValidationEnabled":false,"tasks":0,"mappingPreviewFileRecordId":"@2","documentType":"MAPPING","references":[{"@type":"reference","refObjectId":"@6PBF1WoLURrlROwHC3qB20","refType":"connection"},{"@type":"reference","refObjectId":"@kyMll0VJiyejwLl6MVUWap","refType":"connection"}]}]