[{"@type":"mappingTemplate","id":"@1","name":"dynamTest","description":"","bundleVersion":"0","templateId":"@3","deployTime":1712855499000,"hasParameters":true,"valid":true,"fixedConnection":true,"hasParametersDeployed":true,"fixedConnectionDeployed":true,"isSchemaValidationEnabled":false,"tasks":0,"mappingPreviewFileRecordId":"@2","documentType":"MAPPING","references":[{"@type":"reference","refObjectId":"@775nqB0tO0ihnBLPdF55w6","refType":"connection"},{"@type":"reference","refObjectId":"@1PLiSc5GA6oge4Ya9e0Kq3","refType":"connection"}]}]