[{"@type":"dssTask","id":"@1","name":"st_Orc_to_FF","description":"","maxLogs":10,"sourceConnectionId":"@llKL1SrOva6gFpIoXzvUCl","targetConnectionId":"@ja7B19G1LgrerkXccycZk8","targetObject":"TestOutput.txt","targetObjectLabel":"TestOutput.txt","operation":"Insert","maxRows":0,"truncateTarget":false,"bulkApiDBTarget":false,"verbose":false,"tgtFlatFileAttrs":{"@type":"flatFileAttrs","id":1559515,"delimiter":",","textQualifier":"\"","escapeChar":"","headerLineNo":1,"firstDataRow":2},"targetMetadataUpdated":false,"modelVersion":"V3-R600","queryAll":false,"srcSettings":{"@type":"taskDataSourceSetting","isShowLabels":false,"isNaturalOrder":false},"tgtSettings":{"@type":"taskDataSourceSetting","isShowLabels":false,"isNaturalOrder":false},"cfSettings":{"@type":"taskDataSourceSetting","isShowLabels":false,"isNaturalOrder":false},"bulkApi":false,"bulkApiSerialMode":false,"bulkApiMonitor":false,"isTargetObjectSfCustom":false,"allowNullUpdates":false,"targetBatchSize":200,"assignmentRuleId":"-1","assignmentRuleType":"None","createSuccessFile":false,"bulkApiHardDelete":false,"srcRuntimeAttrs":{"@type":"taskRuntimeAttrs","attrs":{}},"tgtRuntimeAttrs":{"@type":"taskRuntimeAttrs","attrs":{}},"parameterFileEncoding":"UTF-8","serverlessProperties":{},"sourceObjects":[{"@type":"mObject","name":"DUMMY","label":"DUMMY","metadataUpdated":false,"relations":[],"children":[]}],"advancedFilters":[],"filters":[],"fieldMaps":[{"@type":"fieldMap","id":"19717104","targetField":{"@type":"field","id":116918304,"name":"ID","type":"nstring","uniqueName":"ID","label":"ID","parentObject":"TestOutput.txt","pcType":"UNISTRING","precision":510,"scale":0,"columnIndex":0,"isKey":false,"isWaterMarkKey":false,"isExternalId":false,"isSfIdLookup":false,"isNullable":true,"isUnique":false,"isCreateable":false,"isUpdateable":true,"isFilterable":true,"isCalculated":false,"showLabel":false,"naturalOrder":0,"linkedFields":["ID"],"relatedInfos":[],"references":[]},"expression":"ID"},{"@type":"fieldMap","id":"19717105","targetField":{"@type":"field","id":116918305,"name":"NAME","type":"nstring","uniqueName":"NAME","label":"NAME","parentObject":"TestOutput.txt","pcType":"UNISTRING","precision":510,"scale":0,"columnIndex":1,"isKey":false,"isWaterMarkKey":false,"isExternalId":false,"isSfIdLookup":false,"isNullable":true,"isUnique":false,"isCreateable":false,"isUpdateable":true,"isFilterable":true,"isCalculated":false,"showLabel":false,"naturalOrder":0,"linkedFields":["NAME"],"relatedInfos":[],"references":[]},"expression":"NAME"},{"@type":"fieldMap","id":"19717106","targetField":{"@type":"field","id":116918306,"name":"ADDRESS","type":"nstring","uniqueName":"ADDRESS","label":"ADDRESS","parentObject":"TestOutput.txt","pcType":"UNISTRING","precision":510,"scale":0,"columnIndex":2,"isKey":false,"isWaterMarkKey":false,"isExternalId":false,"isSfIdLookup":false,"isNullable":true,"isUnique":false,"isCreateable":false,"isUpdateable":true,"isFilterable":true,"isCalculated":false,"showLabel":false,"naturalOrder":0,"linkedFields":["ADDRESS"],"relatedInfos":[],"references":[]},"expression":"ADDRESS"},{"@type":"fieldMap","id":"19717107","targetField":{"@type":"field","id":116918307,"name":"ZIPCODE","type":"nstring","uniqueName":"ZIPCODE","label":"ZIPCODE","parentObject":"TestOutput.txt","pcType":"UNISTRING","precision":510,"scale":0,"columnIndex":3,"isKey":false,"isWaterMarkKey":false,"isExternalId":false,"isSfIdLookup":false,"isNullable":true,"isUnique":false,"isCreateable":false,"isUpdateable":true,"isFilterable":true,"isCalculated":false,"showLabel":false,"naturalOrder":0,"linkedFields":["ZIPCODE"],"relatedInfos":[],"references":[]},"expression":"ZIPCODE"}],"sourceFields":[{"@type":"field","id":116918308,"name":"ID","type":"nvarchar","uniqueName":"ID","label":"ID","parentObject":"DUMMY","pcType":"UNISTRING","precision":510,"scale":0,"columnIndex":0,"isKey":false,"isWaterMarkKey":false,"isExternalId":false,"isSfIdLookup":false,"isNullable":true,"isUnique":false,"isCreateable":false,"isUpdateable":true,"isFilterable":true,"isCalculated":false,"showLabel":false,"naturalOrder":0,"linkedFields":["ID"],"relatedInfos":[],"references":[]},{"@type":"field","id":116918309,"name":"NAME","type":"nvarchar","uniqueName":"NAME","label":"NAME","parentObject":"DUMMY","pcType":"UNISTRING","precision":510,"scale":0,"columnIndex":1,"isKey":false,"isWaterMarkKey":false,"isExternalId":false,"isSfIdLookup":false,"isNullable":true,"isUnique":false,"isCreateable":false,"isUpdateable":true,"isFilterable":true,"isCalculated":false,"showLabel":false,"naturalOrder":1,"linkedFields":["NAME"],"relatedInfos":[],"references":[]},{"@type":"field","id":116918310,"name":"ADDRESS","type":"nvarchar","uniqueName":"ADDRESS","label":"ADDRESS","parentObject":"DUMMY","pcType":"UNISTRING","precision":510,"scale":0,"columnIndex":2,"isKey":false,"isWaterMarkKey":false,"isExternalId":false,"isSfIdLookup":false,"isNullable":true,"isUnique":false,"isCreateable":false,"isUpdateable":true,"isFilterable":true,"isCalculated":false,"showLabel":false,"naturalOrder":2,"linkedFields":["ADDRESS"],"relatedInfos":[],"references":[]},{"@type":"field","id":116918311,"name":"ZIPCODE","type":"nvarchar","uniqueName":"ZIPCODE","label":"ZIPCODE","parentObject":"DUMMY","pcType":"UNISTRING","precision":510,"scale":0,"columnIndex":3,"isKey":false,"isWaterMarkKey":false,"isExternalId":false,"isSfIdLookup":false,"isNullable":true,"isUnique":false,"isCreateable":false,"isUpdateable":true,"isFilterable":true,"isCalculated":false,"showLabel":false,"naturalOrder":3,"linkedFields":["ZIPCODE"],"relatedInfos":[],"references":[]}],"sortFields":[],"groupFields":[]}]