[{"@type":"drsTask","id":"@1","name":"rt_SFDC_to_MSSQL","maxLogs":10,"sourceConnectionId":"@0NrXXUCV3cJiZO7TmGbiyw","targetConnectionId":"@1PLiSc5GA6oge4Ya9e0Kq3","tablePrefix":"SF_","verbose":false,"fullRefresh":false,"replicateAllObjects":false,"removeDeleted":true,"queryAll":false,"srcShowLabels":true,"maxRows":0,"stopOnError":true,"replicationObjects":["User"],"excludedReplicationObjects":[],"majorUpdateTime":1680371982000,"metadataMode":0,"bulkApi":false,"base64BodySize":0.0,"bulkApiDBTarget":false,"fieldExclusions":[],"filters":[],"advancedFilters":[],"srcRuntimeAttrs":{"@type":"taskRuntimeAttrs","attrs":{"Maximum Rows Per Request":"0","PK Chunking size":"100000","Enable PK Chunking":"0","PK Chunking startRow ID":""}}}]