[{"@type":"mappingTemplate","id":"@1","name":"SDB_Ductuan_ShippingFiles","description":"","bundleVersion":"0","templateId":"@3","deployTime":1631137338000,"hasParameters":false,"valid":true,"fixedConnection":true,"hasParametersDeployed":false,"fixedConnectionDeployed":true,"isSchemaValidationEnabled":false,"tasks":0,"mappingPreviewFileRecordId":"@2","documentType":"MAPPING","references":[{"@type":"reference","refObjectId":"@2peIyF6BO2xbrd2goQsHit","refType":"connection"},{"@type":"reference","refObjectId":"@llKL1SrOva6gFpIoXzvUCl","refType":"connection"}]}]