[{"@type":"mappingTemplate","id":"@1","name":"m_excel","description":"","bundleVersion":"0","templateId":"@3","deployTime":1719256006000,"hasParameters":false,"valid":true,"fixedConnection":true,"hasParametersDeployed":false,"fixedConnectionDeployed":true,"isSchemaValidationEnabled":false,"tasks":0,"mappingPreviewFileRecordId":"@2","documentType":"MAPPING","references":[{"@type":"reference","refObjectId":"@775nqB0tO0ihnBLPdF55w6","refType":"connection"},{"@type":"reference","refObjectId":"@0O0X1hyg3Y9dt2ExiknXuw","refType":"connection"}]}]