[{"@type":"mtTask","id":"@1","name":"mct_m_WORKDAY_KAFKA_TO_ODS","description":"","runtimeEnvironmentId":"@bvxnxJxGPOTj0G9sjVbCki","maxLogs":10,"verbose":false,"mappingId":"@6kFLprJr0dAbeRdXwOmdyZ","shortDescription":"","sessionPropertiesList":[{"name":"Data Column Delimiter","value":",","recommended":false},{"name":"Error Log File Directory","value":"C:\\IICS_Output_files","recommended":false},{"name":"Error Log File Name","value":"Wokday_Failedrecords.CSV","recommended":false},{"name":"Error Log Type","value":"Flat File","recommended":false}],"enableCrossSchemaPushdown":true,"enableParallelRun":false,"autoTunedApplied":false,"autoTunedAppliedType":"NONE","parameterFileName":"mct_m_WORKDAY_KAFKA_TO_ODS.param","paramFileType":"PARAM_FILE_LOCAL","schemaMode":"async","parameterFileEncoding":"UTF-8","serverlessProperties":{},"taskProperties":[{"@type":"taskProperty","name":"parameterFileDir","currentValue":"","type":"STRING","label":"label.parameterFileDir","required":false},{"@type":"taskProperty","name":"parameterFileName","currentValue":"mct_m_WORKDAY_KAFKA_TO_ODS.param","type":"STRING","label":"label.parameterFileName","required":false}],"parameters":[{"@type":"mtTaskParameter","id":7621235,"name":"$Source$","type":"EXTENDED_SOURCE","label":"SRC_KAFKA_CON","description":"","uiProperties":{"cnxtype":"Kafka","connectionParameterized":"true","logcnx":"SRC_KAFKA_CON","isMsrcFilterParameterized":"false","isMsrcSortParameterized":"false","objectParameterized":"false","visible":"false"},"sourceConnectionId":"@8khvnIHpsEZg52jRtz35Om","newFlatFile":false,"newObject":false,"showBusinessNames":true,"naturalOrder":true,"truncateTarget":false,"bulkApiDBTarget":false,"customFuncCfg":{"@type":"customFuncConfig","id":-1,"connections":[],"inputMap":[],"outputFields":[]},"tgtFieldRefs":{},"targetUpdateColumns":[],"extendedObject":{"@type":"extendedObject","object":{"@type":"mObject","name":"Topics/worker.unmastered","label":"worker.unmastered","metadataUpdated":false,"relations":[],"children":[]},"objects":[{"@type":"mObject","name":"Topics/worker.unmastered","label":"worker.unmastered","metadataUpdated":false,"relations":[],"children":[]}],"filters":[],"sortFields":[]},"runtimeAttrs":{},"isRESTModernSource":true,"isFileList":false,"handleSpecialChars":false,"frsAsset":false,"dynamicFileName":false,"currentlyProcessedFileName":false,"fetchMode":"ORIGINAL","tgtObjectAttributes":{},"runtimeParameterData":{"@type":"mtTaskRuntimeParameterData","isConnectionRuntimeParameter":true,"isObjectRuntimeParameter":false,"connectionParameterName":"SRC_KAFKA_CON"},"overriddenFields":[]},{"@type":"mtTaskParameter","id":7621236,"name":"$ODS_EXTRACT$","type":"TARGET","label":"TGT_S3_Con","description":"","uiProperties":{"cnxtype":"Amazon S3 v2","connectionParameterized":"true","logcnx":"TGT_S3_Con","objlabel":"TGT_ODS_S3_Extract","objectParameterized":"true","objDesc":"","defaultTargetUpdateColumns":"","fieldMappingParameterized":"true","supportApplyDDLChanges":"false"},"targetConnectionId":"@5m5tQyMkT4vkY5qPqXYsik","targetObject":"s3-mdm-suncor-qa-ca-central-1/WORKER%2F/OUTBOUND_EXTRACT%2F/WORKDAY_ODS_EXTRACT.csv","targetObjectLabel":"WORKDAY_ODS_EXTRACT.csv","newFlatFile":false,"newObject":false,"showBusinessNames":true,"naturalOrder":true,"truncateTarget":false,"bulkApiDBTarget":false,"operationType":"Insert","customFuncCfg":{"@type":"customFuncConfig","id":-1,"connections":[],"inputMap":[],"outputFields":[]},"tgtFieldRefs":{},"targetUpdateColumns":[],"extendedObject":{"@type":"extendedObject","filters":[],"sortFields":[]},"runtimeAttrs":{},"isRESTModernSource":true,"isFileList":false,"handleSpecialChars":false,"frsAsset":false,"dynamicFileName":false,"currentlyProcessedFileName":false,"objectName":"s3-mdm-suncor-qa-ca-central-1/WORKER%2F/OUTBOUND_EXTRACT%2F/WORKDAY_ODS_EXTRACT.csv","objectLabel":"WORKDAY_ODS_EXTRACT.csv","fetchMode":"ORIGINAL","tgtObjectAttributes":{},"dataFormat":{"@type":"dataFormat","formatId":"Flat","dataFormatAttributes":{"escapeChar":"\\","rowDelimiter":"","importColumnFromFirstLine":"true","headerLineNumber":"1","maxRowsToPreview":"0","distributionColumn":"","qualifierMode":"MINIMAL","firstDataRow":"2","generateHeader":"true","delimiter":",","qualifier":"\"","targetHeader":"With Header","escapeCharacterDataRetained":"false","codePage":"UTF-8"}},"runtimeParameterData":{"@type":"mtTaskRuntimeParameterData","isConnectionRuntimeParameter":true,"isObjectRuntimeParameter":true,"connectionParameterName":"TGT_S3_Con","objectParameterName":"TGT_ODS_S3_Extract","objectDefaultValue":"WORKDAY_ODS_EXTRACT.csv"},"overriddenFields":[]},{"@type":"mtTaskParameter","id":7621237,"name":"$TGT_C_X_LND_MDM_CONTROL$","type":"TARGET","label":"TGT_MDM_CON","description":"","uiProperties":{"cnxtype":"Oracle","connectionParameterized":"true","logcnx":"TGT_MDM_CON","default":"C_X_LND_MDM_CONTROL","objectParameterized":"false","visible":"false","defaultTargetUpdateColumns":"SOURCE_TOPIC_NAME","supportApplyDDLChanges":"false"},"targetConnectionId":"@7RVGR6Ohy5cgU09iRN64wl","targetObject":"C_X_LND_MDM_CONTROL","targetObjectLabel":"C_X_LND_MDM_CONTROL","newFlatFile":false,"newObject":false,"showBusinessNames":true,"naturalOrder":true,"truncateTarget":false,"bulkApiDBTarget":false,"operationType":"Update","customFuncCfg":{"@type":"customFuncConfig","id":-1,"connections":[],"inputMap":[],"outputFields":[]},"tgtFieldRefs":{},"targetUpdateColumns":["SOURCE_TOPIC_NAME"],"extendedObject":{"@type":"extendedObject","filters":[],"sortFields":[]},"runtimeAttrs":{},"isRESTModernSource":true,"isFileList":false,"handleSpecialChars":false,"frsAsset":false,"dynamicFileName":false,"currentlyProcessedFileName":false,"objectName":"C_X_LND_MDM_CONTROL","objectLabel":"C_X_LND_MDM_CONTROL","fetchMode":"ORIGINAL","tgtObjectAttributes":{},"runtimeParameterData":{"@type":"mtTaskRuntimeParameterData","isConnectionRuntimeParameter":true,"isObjectRuntimeParameter":false,"connectionParameterName":"TGT_MDM_CON"},"overriddenFields":[]},{"@type":"mtTaskParameter","id":7621238,"name":"$Worker$","type":"TARGET","label":"TGT_MYSQL_CON","description":"","uiProperties":{"cnxtype":"MySQL","connectionParameterized":"true","logcnx":"TGT_MYSQL_CON","default":"worker","objectParameterized":"false","visible":"false","defaultTargetUpdateColumns":"","supportApplyDDLChanges":"false"},"targetConnectionId":"@aIroB5qELxrk65X6xDQtmO","targetObject":"worker","targetObjectLabel":"worker","newFlatFile":false,"newObject":false,"showBusinessNames":true,"naturalOrder":true,"truncateTarget":false,"bulkApiDBTarget":false,"operationType":"Insert","customFuncCfg":{"@type":"customFuncConfig","id":-1,"connections":[],"inputMap":[],"outputFields":[]},"tgtFieldRefs":{},"targetUpdateColumns":[],"extendedObject":{"@type":"extendedObject","filters":[],"sortFields":[]},"runtimeAttrs":{},"isRESTModernSource":true,"isFileList":false,"handleSpecialChars":false,"frsAsset":false,"dynamicFileName":false,"currentlyProcessedFileName":false,"objectName":"worker","objectLabel":"worker","fetchMode":"ORIGINAL","tgtObjectAttributes":{},"runtimeParameterData":{"@type":"mtTaskRuntimeParameterData","isConnectionRuntimeParameter":true,"isObjectRuntimeParameter":false,"connectionParameterName":"TGT_MYSQL_CON"},"overriddenFields":[]},{"@type":"mtTaskParameter","id":7621239,"name":"$ci_worker$","type":"TARGET","label":"ci_worker","uiProperties":{"connectionParameterized":"false","objectParameterized":"false","visible":"false","defaultTargetUpdateColumns":"","supportApplyDDLChanges":"false"},"targetConnectionId":"@aIroB5qELxrk65X6xDQtmO","targetObject":"ci_worker","targetObjectLabel":"ci_worker","newFlatFile":false,"newObject":false,"showBusinessNames":false,"naturalOrder":true,"truncateTarget":false,"bulkApiDBTarget":false,"operationType":"Insert","customFuncCfg":{"@type":"customFuncConfig","id":-1,"connections":[],"inputMap":[],"outputFields":[]},"tgtFieldRefs":{},"targetUpdateColumns":[],"extendedObject":{"@type":"extendedObject","filters":[],"sortFields":[]},"runtimeAttrs":{},"isRESTModernSource":true,"isFileList":false,"handleSpecialChars":false,"frsAsset":false,"dynamicFileName":false,"currentlyProcessedFileName":false,"objectName":"ci_worker","objectLabel":"ci_worker","fetchMode":"ORIGINAL","tgtObjectAttributes":{},"runtimeParameterData":{"@type":"mtTaskRuntimeParameterData","isConnectionRuntimeParameter":false,"isObjectRuntimeParameter":false},"overriddenFields":[]},{"@type":"mtTaskParameter","id":7621240,"name":"$CSV_EXTRACT_MAPPING$","type":"STRING","text":"nstring (256, 0) CorrelationID=NEXTVAL;nstring (256, 0) WorkerID=MAin_id;nstring (256, 0) ActionCode=MAin_actioncode;nstring (256, 0) StaffingEvent=MAin_staffingevent;nstring (256, 0) StaffingEventDate=MAin_o_STAFFINGEVENTDATE;nstring (256, 0) Currentassignmentdate=MAin_o_CURRENTASSIGNMENTDATE;nstring (256, 0) DirectReports=MAin_directreports;nstring (256, 0) BasePayCurrency=MAin_basepaycurrency;nstring (256, 0) PayFrequency=MAin_payfrequency;nstring (256, 0) ReimbursementCurrency=MAin_reimbursementcurrency;nstring (256, 0) LOAType=MAin_leavetype;nstring (256, 0) LOAOperation=MAin_operation;nstring (256, 0) TransLogTypeLOA=Transaction_o_transLogTypeLOA;nstring (256, 0) RescindFlagLOA=Transaction_o_rescindFlagLOA;nstring (256, 0) EmployeeStatus=MAin_status;nstring (256, 0) TransactionLogType=Transaction_type;nstring (256, 0) TransactionEffectiveMoment=Transaction_o_transactionEffectiveMoment;nstring (256, 0) TransLogTypeHire=Transaction_o_transLogTypeHire;nstring (256, 0) RescindFlagHire=Transaction_o_rescindFlagHire;nstring (256, 0) RescindFlagHireStatus=Transaction_isrescinded;nstring (256, 0) PositionOperation=MAin_position_operation;nstring (256, 0) OrganizationTypeCompany=MAin_companytype;nstring (256, 0) OrganizationSubTypeCompany=MAin_companysubtype;nstring (256, 0) OrganizationOperationCompany=MAin_companyoperation;nstring (256, 0) OrganizationTypeCostCenter=MAin_costcentertype;nstring (256, 0) OrganizationSubTypeCostCenter=MAin_costcentersubtype;nstring (256, 0) OrganizationOperationCostCenter=MAin_costcenteroperation;nstring (256, 0) ManagementLevel=MAin_managementlevel;nstring (256, 0) TransLogTypeTermination=Transaction_o_transLogTypeTermination;nstring (256, 0) RescindFlagTermination=Transaction_o_rescindFlagTermination;nstring (256, 0) TransLogTypeReturn=Transaction_o_transLogTypeReturn;nstring (256, 0) RescindFlagReturn=Transaction_o_rescindFlagReturn;nstring (256, 0) TransLogTypeTransfer=Transaction_o_transLogTypeTransfer;nstring (256, 0) RescindFlagTransfer=Transaction_o_rescindFlagTransfer;nstring (256, 0) PreviousEffectiveTime=Transaction_o_transactionEffectiveMoment;nstring (256, 0) previousHireDate=MAin_o_PREVIOUSHIREDATE;nstring (256, 0) previousManagementLevel=MAin_previousmanagementlevel;nstring (256, 0) previousTerminationDate=MAin_o_TERMINATIONDATE;nstring (256, 0) insertTS=o_insert_timestamp;nstring (256, 0) lastupdateSrc=o_LastUpdateSrc;nstring (256, 0) lastUpdateTxID=o_txid;nstring (256, 0) AreaSeniorityDate=MAin_o_AREASENIORITYDTAE;nstring (256, 0) CompensationGrade=MAin_grade;nstring (256, 0) CompensationStepCurrent=MAin_stepname;nstring (256, 0) EmergContactFirstName=MAin_relatedperson_firstname;nstring (256, 0) EmergContactLastName=MAin_relatedperson_lastname;nstring (256, 0) EmergRelation=MAin_relatedperson_type;nstring (256, 0) EmergContactAddressLine1=MAin_location_addressline1;nstring (256, 0) EmergContactAddressLine2=MAin_location_addressline2;nstring (256, 0) EmergContactCity=MAin_relatedperson_location_city;nstring (256, 0) EmergContactCountry=MAin_country;nstring (256, 0) EmergContactLocationRegion=MAin_relatedperson_location_region;nstring (256, 0) EmergContactPostalCode=MAin_location9_zippostalcode;nstring (256, 0) EmergContactPhoneNumberPrimaryWork=MAin_primaryworkphone;nstring (256, 0) EmergContactPhonePrimaryWorkDeviceType=MAin_primaryworkphonedevicetype;nstring (256, 0) EmergContactPhonePrimaryWorkInternationalPhoneCode=MAin_primaryworkphoneinternationalcode;nstring (256, 0) EmergContactPhoneNumberPrimaryhome=MAin_primaryhomephone;nstring (256, 0) EmergContactPhonePrimaryHomeDeviceType=MAin_primaryhomephonedevicetype;nstring (256, 0) EmergContactPhonePrimaryHomeInternationalPhoneCode=MAin_primaryhomephoneinternationalcode;nstring (256, 0) EmergContactPhoneNumber2=MAin_phonenumber2;nstring (256, 0) EmergContactPhoneNumber2DeviceType=MAin_phonenumber2devicetype;nstring (256, 0) EmergContactPhoneNumber2InternationalPhoneCode=MAin_phonenumber2internationalcode;nstring (256, 0) EmergContactPhoneNumber3=MAin_phonenumber3;nstring (256, 0) EmergContactPhoneNumber3DeviceType=MAin_phonenumber3devicetype;nstring (256, 0) EmergContactPhoneNumber3InternationalPhoneCode=MAin_phonenumber3internationalcode;nstring (256, 0) RelatedPersonType=MAin_relatedperson_type;nstring (256, 0) Salary=MAin_salary;nstring (256, 0) EstimatedLeaveReturnDate=MAin_o_ESTIMATEDENDDATE;nstring (256, 0) LeaveStartDate=MAin_o_LEAVE_START_DATE;nstring (256, 0) LeaveEndDate=MAin_o_ENDDATE;nstring (256, 0) LeaveType=MAin_leavetype;nstring (256, 0) LeaveOfAbsenseReasonID=MAin_reasonid;nstring (256, 0) PrimaryTerminationReason=MAin_primaryterminationreason;nstring (256, 0) EmployementType=MAin_employmenttype;nstring (256, 0) LanguagePrefernce=MAin_languagepreference;nstring (256, 0) LanguagePrefernceID=MAin_languagepreferenceid;nstring (256, 0) HourlyRate=MAin_hourlyrate;nstring (256, 0) ci_insertTS=o_insert_timestamp;nstring (256, 0) ci_lastupdateSrc=o_LastUpdateSrc;nstring (256, 0) ci_lastUpdateTxID=o_txid;","label":"CSV_EXTRACT_MAPPING","description":"","uiProperties":{"paramtype":"Fieldmap","supressFieldmappingSuffix":"true","lefttitle":"Incoming Fields","righttitle":"Target Fields"},"newFlatFile":false,"newObject":false,"showBusinessNames":true,"naturalOrder":true,"truncateTarget":false,"bulkApiDBTarget":false,"customFuncCfg":{"@type":"customFuncConfig","id":-1,"connections":[],"inputMap":[],"outputFields":[]},"tgtFieldRefs":{},"targetUpdateColumns":[],"runtimeAttrs":{},"isRESTModernSource":true,"isFileList":false,"handleSpecialChars":false,"frsAsset":false,"dynamicFileName":false,"currentlyProcessedFileName":false,"fetchMode":"ORIGINAL","tgtObjectAttributes":{},"runtimeParameterData":{"@type":"mtTaskRuntimeParameterData","isConnectionRuntimeParameter":false,"isObjectRuntimeParameter":false},"overriddenFields":[]},{"@type":"mtTaskParameter","id":7621241,"name":"$HierarchyParser_new$","type":"HSCHEMA","label":"HierarchyParser_new","uiProperties":{"visible":"false"},"newFlatFile":false,"newObject":false,"showBusinessNames":true,"naturalOrder":true,"truncateTarget":false,"bulkApiDBTarget":false,"customFuncCfg":{"@type":"customFuncConfig","id":-1,"connections":[],"inputMap":[],"outputFields":[]},"tgtFieldRefs":{},"targetUpdateColumns":[],"runtimeAttrs":{},"isRESTModernSource":true,"isFileList":false,"handleSpecialChars":false,"frsAsset":false,"dynamicFileName":false,"currentlyProcessedFileName":false,"fetchMode":"ORIGINAL","tgtObjectAttributes":{},"runtimeParameterData":{"@type":"mtTaskRuntimeParameterData","isConnectionRuntimeParameter":false,"isObjectRuntimeParameter":false},"overriddenFields":[]}],"sequences":[{"@type":"sequenceDefinition","id":"162244","txName":"Sequence","initialValue":"1","currentValue":"112268"}],"inOutParameters":[{"@type":"mtTaskInOutParameter","id":"-1","name":"p_offset_date","description":"","initialValue":"1980-01-01 00:00:00","datatype":"STRING","precision":"255","scale":"0","retentionPolicy":"ON_SUCCESS_OR_WARNING","aggregationType":"MAX","currentValue":"2022-04-07 17:21:54.985"},{"@type":"mtTaskInOutParameter","id":"-1","name":"CSV_EXTRACT","description":"","initialValue":"Y","datatype":"STRING","precision":"10","scale":"0","retentionPolicy":"ON_SUCCESS_OR_WARNING","aggregationType":"MAX","currentValue":"Y"},{"@type":"mtTaskInOutParameter","id":"-1","name":"GroupID","description":"","initialValue":"group.id=cg-worker.unmastered-mdm","datatype":"STRING","precision":"100","scale":"0","retentionPolicy":"ON_SUCCESS_OR_WARNING","aggregationType":"MAX","currentValue":"group.id=cg-worker.unmastered-mdm"}],"connRuntimeAttrs":[]}]