[{"@type":"mappingTemplate","id":"@1","name":"HeaderTestMapping","description":"","bundleVersion":"0","templateId":"@3","deployTime":1634318421000,"hasParameters":false,"valid":true,"fixedConnection":true,"hasParametersDeployed":false,"fixedConnectionDeployed":true,"tasks":1,"mappingPreviewFileRecordId":"@2","documentType":"MAPPING","references":[{"@type":"reference","refObjectId":"@lvMoendpumRfm3jkbOPOkZ","refType":"connection"},{"@type":"reference","refObjectId":"@ja7B19G1LgrerkXccycZk8","refType":"connection"}]}]