[{"@type":"mappingTemplate","id":"@1","name":"m_pendo_restv2","description":"","bundleVersion":"0","templateId":"@3","deployTime":1638384462000,"hasParameters":false,"valid":true,"fixedConnection":true,"hasParametersDeployed":false,"fixedConnectionDeployed":true,"tasks":1,"mappingPreviewFileRecordId":"@2","documentType":"MAPPING","references":[{"@type":"reference","refObjectId":"@gMgKlX14KKze1MfG1VcWGA","refType":"connection"},{"@type":"reference","refObjectId":"@4LyVxuKWVA9gW20p2HfG2E","refType":"connection"}]}]