[{"@type":"workflow","id":"@1","name":"ltf_dummy2","maxLogs":10,"references":[{"@type":"reference","refObjectId":"@85x1QL9ttVBhK5fjRSbZ4t","refType":"mtTask"},{"@type":"reference","refObjectId":"@6hArwQIHzldi2eFh2iLWmZ","refType":"mtTask"}],"tasks":[{"@type":"workflowTask","taskId":"@85x1QL9ttVBhK5fjRSbZ4t","type":"MTT","name":"mt_dummy1","stopOnError":false,"stopOnWarning":false},{"@type":"workflowTask","taskId":"@6hArwQIHzldi2eFh2iLWmZ","type":"MTT","name":"mt_dummy2","stopOnError":false,"stopOnWarning":false}]}]