[{"@type":"drsTask","id":"@1","name":"Orc_to_SQL_Replication","maxLogs":10,"sourceConnectionId":"@llKL1SrOva6gFpIoXzvUCl","targetConnectionId":"@aS3jigXQm4PeXgIWxDRtEu","tablePrefix":"SF_","verbose":true,"fullRefresh":true,"replicateAllObjects":false,"removeDeleted":true,"queryAll":false,"srcShowLabels":false,"maxRows":0,"stopOnError":false,"replicationObjects":["CUSTOMER"],"excludedReplicationObjects":[],"majorUpdateTime":1633983587000,"metadataMode":0,"bulkApi":false,"base64BodySize":0.0,"bulkApiDBTarget":false,"fieldExclusions":[],"filters":[],"advancedFilters":[],"srcRuntimeAttrs":{"@type":"taskRuntimeAttrs","attrs":{}}}]