[{"@type":"mappingTemplate","id":"@1","name":"m_msd365_update_with_router_WORKAROUND","description":"","bundleVersion":"0","templateId":"@3","deployTime":1686767035000,"hasParameters":false,"valid":true,"fixedConnection":true,"hasParametersDeployed":false,"fixedConnectionDeployed":true,"isSchemaValidationEnabled":false,"tasks":1,"mappingPreviewFileRecordId":"@2","documentType":"MAPPING","references":[{"@type":"reference","refObjectId":"@0YxGGC7zrDXhWn7Zxpolo4","refType":"connection"},{"@type":"reference","refObjectId":"@6PBF1WoLURrlROwHC3qB20","refType":"connection"},{"@type":"reference","refObjectId":"@0Ccdwhs48qXhsUDfytM146","refType":"connection"}]}]