[{"@type":"mappingTemplate","id":"@1","name":"m_exponential","description":"","bundleVersion":"0","templateId":"@3","deployTime":1693429686000,"hasParameters":false,"valid":true,"fixedConnection":true,"hasParametersDeployed":false,"fixedConnectionDeployed":true,"isSchemaValidationEnabled":false,"tasks":1,"mappingPreviewFileRecordId":"@2","documentType":"MAPPING","references":[{"@type":"reference","refObjectId":"@1mNDuRF6UqXhuJVnAP7PGv","refType":"connection"},{"@type":"reference","refObjectId":"@7zfQJiGsbuRcpvW72vtxAE","refType":"connection"}]}]