[{"@type":"mappingTemplate","id":"@1","name":"m_macroTest","description":"","bundleVersion":"0","templateId":"@3","deployTime":1700606166000,"hasParameters":false,"valid":true,"fixedConnection":true,"hasParametersDeployed":false,"fixedConnectionDeployed":true,"isSchemaValidationEnabled":false,"tasks":1,"mappingPreviewFileRecordId":"@2","documentType":"MAPPING","references":[{"@type":"reference","refObjectId":"@0NrXXUCV3cJiZO7TmGbiyw","refType":"connection"},{"@type":"reference","refObjectId":"@6PBF1WoLURrlROwHC3qB20","refType":"connection"}]}]