[{"@type":"mappingTemplate","id":"@1","name":"m_resttest - Copy 1","description":"","bundleVersion":"0","templateId":"@3","deployTime":1697582294000,"hasParameters":false,"valid":true,"fixedConnection":true,"hasParametersDeployed":false,"fixedConnectionDeployed":true,"isSchemaValidationEnabled":false,"tasks":1,"mappingPreviewFileRecordId":"@2","documentType":"MAPPING","references":[{"@type":"reference","refObjectId":"@6PBF1WoLURrlROwHC3qB20","refType":"connection"},{"@type":"reference","refObjectId":"@6o6WPVo00Swds0mvrmgEAR@demo_1","refType":"businessOperation"},{"@type":"reference","refObjectId":"@6o6WPVo00Swds0mvrmgEAR","refType":"businessService"}]}]