[{"@type":"mappingTemplate","id":"@1","name":"m_keyTest - Copy 1","description":"","bundleVersion":"0","templateId":"@3","deployTime":1677789201000,"hasParameters":false,"valid":true,"fixedConnection":true,"hasParametersDeployed":false,"fixedConnectionDeployed":true,"isSchemaValidationEnabled":false,"tasks":1,"mappingPreviewFileRecordId":"@2","documentType":"MAPPING","references":[{"@type":"reference","refObjectId":"@6PBF1WoLURrlROwHC3qB20","refType":"connection"},{"@type":"reference","refObjectId":"@kyMll0VJiyejwLl6MVUWap","refType":"connection"}]}]