[{"@type":"drsTask","id":"@1","name":"RepTask1","maxLogs":10,"sourceConnectionId":"@llKL1SrOva6gFpIoXzvUCl","targetConnectionId":"@aS3jigXQm4PeXgIWxDRtEu","tablePrefix":"SF_","verbose":false,"fullRefresh":true,"replicateAllObjects":false,"removeDeleted":true,"queryAll":false,"srcShowLabels":false,"maxRows":0,"stopOnError":true,"replicationObjects":["TGRAWTEST","SNOW","CUSTOMER_TARGET"],"excludedReplicationObjects":[],"majorUpdateTime":1646251580000,"metadataMode":0,"bulkApi":false,"base64BodySize":0.0,"bulkApiDBTarget":false,"fieldExclusions":[],"filters":[],"advancedFilters":[],"srcRuntimeAttrs":{"@type":"taskRuntimeAttrs","attrs":{}}}]