[{"@type":"mappingTemplate","id":"@1","name":"m_WORKDAY_KAFKA_TO_ODS","description":"Description: This mapping will fetch Workday transactional data from Kafka topic and load to ODS tables.....\\\\\\\\\\","bundleVersion":"0","templateId":"@3","deployTime":1649775766000,"hasParameters":true,"valid":true,"fixedConnection":true,"hasParametersDeployed":true,"fixedConnectionDeployed":true,"tasks":1,"mappingPreviewFileRecordId":"@2","documentType":"","references":[{"@type":"reference","refObjectId":"@5STX4cBXQIYgMyflNmkl80","refType":"hschema"},{"@type":"reference","refObjectId":"@aIroB5qELxrk65X6xDQtmO","refType":"connection"}]}]