[{"@type":"mappingTemplate","id":"@1","name":"m_timezoneMapping","description":"","bundleVersion":"0","templateId":"@3","deployTime":1644881995000,"hasParameters":false,"valid":false,"fixedConnection":true,"hasParametersDeployed":false,"fixedConnectionDeployed":true,"isSchemaValidationEnabled":false,"tasks":1,"mappingPreviewFileRecordId":"@2","documentType":"MAPPING","references":[{"@type":"reference","refObjectId":"@aS3jigXQm4PeXgIWxDRtEu","refType":"connection"},{"@type":"reference","refObjectId":"@ja7B19G1LgrerkXccycZk8","refType":"connection"},{"@type":"reference","refObjectId":"@llKL1SrOva6gFpIoXzvUCl","refType":"connection"}]}]