[{"@type":"mappingTemplate","id":"@1","name":"m_FirstTabMapping","description":"","bundleVersion":"0","templateId":"@3","deployTime":1635441397000,"hasParameters":false,"valid":true,"fixedConnection":true,"hasParametersDeployed":false,"fixedConnectionDeployed":true,"isSchemaValidationEnabled":false,"tasks":1,"mappingPreviewFileRecordId":"@2","documentType":"MAPPING","references":[{"@type":"reference","refObjectId":"@aS3jigXQm4PeXgIWxDRtEu","refType":"connection"},{"@type":"reference","refObjectId":"@ja7B19G1LgrerkXccycZk8","refType":"connection"}]}]