[{"@type":"mappingTemplate","id":"@1","name":"m_ParamSrcTest","description":"","bundleVersion":"0","templateId":"@3","deployTime":1635528638000,"hasParameters":false,"valid":true,"fixedConnection":true,"hasParametersDeployed":false,"fixedConnectionDeployed":true,"tasks":0,"mappingPreviewFileRecordId":"@2","documentType":"MAPPING","references":[{"@type":"reference","refObjectId":"@ja7B19G1LgrerkXccycZk8","refType":"connection"},{"@type":"reference","refObjectId":"@aS3jigXQm4PeXgIWxDRtEu","refType":"connection"}]}]