[{"@type":"drsTask","id":"@1","name":"rt_SFDC_to_Orc","maxLogs":10,"sourceConnectionId":"@dCgqP97MrsMkZ2UmGLbOCg","targetConnectionId":"@llKL1SrOva6gFpIoXzvUCl","tablePrefix":"SF_","verbose":false,"fullRefresh":false,"replicateAllObjects":false,"removeDeleted":true,"queryAll":false,"srcShowLabels":false,"maxRows":0,"stopOnError":true,"replicationObjects":["Contact"],"excludedReplicationObjects":[],"majorUpdateTime":1652910640000,"metadataMode":0,"bulkApi":false,"base64BodySize":0.0,"bulkApiDBTarget":false,"fieldExclusions":[],"filters":[],"advancedFilters":[],"srcRuntimeAttrs":{"@type":"taskRuntimeAttrs","attrs":{"Maximum Rows Per Request":"0","PK Chunking size":"100000","Enable PK Chunking":"0","PK Chunking startRow ID":""}}}]