[{"@type":"mappingTemplate","id":"@1","name":"monitorTesting","description":"","bundleVersion":"0","templateId":"@3","deployTime":1689887044000,"hasParameters":false,"valid":true,"fixedConnection":true,"hasParametersDeployed":false,"fixedConnectionDeployed":true,"isSchemaValidationEnabled":false,"tasks":0,"mappingPreviewFileRecordId":"@2","documentType":"MAPPING","references":[{"@type":"reference","refObjectId":"@87D1yreN6AkbASrVni89IT","refType":"connection"},{"@type":"reference","refObjectId":"@6PBF1WoLURrlROwHC3qB20","refType":"connection"}]}]