[{"@type":"mappingTemplate","id":"@1","name":"m_read_mysql_jdbc","description":"","bundleVersion":"0","templateId":"@3","deployTime":1665947208000,"hasParameters":false,"valid":true,"fixedConnection":true,"hasParametersDeployed":false,"fixedConnectionDeployed":true,"isSchemaValidationEnabled":false,"tasks":1,"mappingPreviewFileRecordId":"@2","documentType":"MAPPING","references":[{"@type":"reference","refObjectId":"@5hAsNCeNAIXkfjFDz0pvaJ","refType":"connection"},{"@type":"reference","refObjectId":"@4LyVxuKWVA9gW20p2HfG2E","refType":"connection"}]}]