{
  "objectInfo" : {
    "id" : "65AocqppOQIfLzUUpj8TsU",
    "name" : "mp_TSdecom_IntertribalChoHE_Applications",
    "type" : "DTEMPLATE",
    "metadata" : {
      "modelVersion" : {
        "major" : 0,
        "minor" : 0
      },
      "repoInfo" : {
        "repoHandle" : "019EVA1700000000000A"
      },
      "contextAttributes" : [ {
        "name" : "id",
        "value" : "@1"
      } ],
      "additionalInfo" : {
        "description" : "Extracts all data from source IntertribalChoHE Applications and loads it to the existing target in DataStaging.",
        "contentType" : "JSON",
        "documentState" : "VALID"
      }
    }
  },
  "dataFileExtension" : "zip",
  "objectRefs" : [ ]
}