{
  "objectInfo" : {
    "id" : "jI37OdM8R6Vjd3k9akg26c",
    "name" : "mp_TSdecom_IntertribalChoHE_CCPrograms",
    "type" : "DTEMPLATE",
    "metadata" : {
      "modelVersion" : {
        "major" : 0,
        "minor" : 0
      },
      "repoInfo" : {
        "repoHandle" : "019EVA1700000000000B"
      },
      "contextAttributes" : [ {
        "name" : "id",
        "value" : "@1"
      } ],
      "additionalInfo" : {
        "description" : "Extracts all data from source IntertribalChoHE CCPrograms and loads it to the existing target in DataStaging.",
        "contentType" : "JSON",
        "documentState" : "VALID"
      }
    }
  },
  "dataFileExtension" : "zip",
  "objectRefs" : [ ]
}