{
  "objectInfo" : {
    "id" : "5ypAn7aih0NkMvOj6paQyw",
    "name" : "mp_TSdecom_IntertribalChoWIA_refServiceTypes",
    "type" : "DTEMPLATE",
    "metadata" : {
      "modelVersion" : {
        "major" : 0,
        "minor" : 0
      },
      "repoInfo" : {
        "repoHandle" : "019EVB1700000000004N"
      },
      "contextAttributes" : [ {
        "name" : "id",
        "value" : "@1"
      } ],
      "additionalInfo" : {
        "description" : "Extract all data from IntertribalChoWIA table refServiceTypes  and load into DataStaging",
        "contentType" : "JSON",
        "documentState" : "VALID"
      }
    }
  },
  "dataFileExtension" : "zip",
  "objectRefs" : [ ]
}