{
  "objectInfo" : {
    "id" : "eCOk37aHykxlrYoc2N04O9",
    "name" : "mp_TSdecom_Procare_Fund_ARAccounts",
    "type" : "DTEMPLATE",
    "metadata" : {
      "modelVersion" : {
        "major" : 0,
        "minor" : 0
      },
      "repoInfo" : {
        "repoHandle" : "019EVB17000000000045"
      },
      "contextAttributes" : [ {
        "name" : "id",
        "value" : "@1"
      } ],
      "additionalInfo" : {
        "description" : "Load data into DataStaging Procare_Fund_ARAccounts table",
        "contentType" : "JSON",
        "documentState" : "VALID"
      }
    }
  },
  "dataFileExtension" : "zip",
  "objectRefs" : [ ]
}