{
  "objectInfo" : {
    "id" : "jitnKnaUyQqbiDFvgPbrkE",
    "name" : "mp_TSdecom_IntertribalChoWIA_Barriers",
    "type" : "DTEMPLATE",
    "metadata" : {
      "modelVersion" : {
        "major" : 0,
        "minor" : 0
      },
      "repoInfo" : {
        "repoHandle" : "019EVC1700000000007I"
      },
      "contextAttributes" : [ {
        "name" : "id",
        "value" : "@1"
      } ],
      "additionalInfo" : {
        "description" : "Extract all data from IntertribalChoWIA table Barriers and load into DataStaging",
        "contentType" : "JSON",
        "documentState" : "VALID"
      }
    }
  },
  "dataFileExtension" : "zip",
  "objectRefs" : [ ]
}