{
  "objectInfo" : {
    "id" : "1W3o9uG7zSYdUIUkI7oK8M",
    "name" : "mp_TSdecom_IntertribalCore_Addresses",
    "type" : "DTEMPLATE",
    "metadata" : {
      "modelVersion" : {
        "major" : 0,
        "minor" : 0
      },
      "repoInfo" : {
        "repoHandle" : "019EVB17000000000041"
      },
      "contextAttributes" : [ {
        "name" : "id",
        "value" : "@1"
      } ],
      "additionalInfo" : {
        "description" : "Extract all data from IntertribalCore table Addresses and load into DataStaging",
        "contentType" : "JSON",
        "documentState" : "VALID"
      }
    }
  },
  "dataFileExtension" : "zip",
  "objectRefs" : [ ]
}