{
  "objectInfo" : {
    "id" : "9xpei4Ymz8PeBpxXp81jAZ",
    "name" : "mp_TSdecom_Procare_G_OptionSchool",
    "type" : "DTEMPLATE",
    "metadata" : {
      "modelVersion" : {
        "major" : 0,
        "minor" : 0
      },
      "repoInfo" : {
        "repoHandle" : "019EVB1700000000004X"
      },
      "contextAttributes" : [ {
        "name" : "id",
        "value" : "@1"
      } ],
      "additionalInfo" : {
        "description" : "Load data into DataStaging Procare_G_OptionSchool table",
        "contentType" : "JSON",
        "documentState" : "VALID"
      }
    }
  },
  "dataFileExtension" : "zip",
  "objectRefs" : [ ]
}