{
  "objectInfo" : {
    "id" : "5g1kLv5WewdkrfIIPCiEYm",
    "name" : "mp_TSdecom_IntertribalChoWIA_refBarriers",
    "type" : "DTEMPLATE",
    "metadata" : {
      "modelVersion" : {
        "major" : 0,
        "minor" : 0
      },
      "repoInfo" : {
        "repoHandle" : "019EVB17000000000052"
      },
      "contextAttributes" : [ {
        "name" : "id",
        "value" : "@1"
      } ],
      "additionalInfo" : {
        "description" : "Extract all data from IntertribalChoWIA_refBarriers  and load into DataStaging\n",
        "contentType" : "JSON",
        "documentState" : "VALID"
      }
    }
  },
  "dataFileExtension" : "zip",
  "objectRefs" : [ ]
}