[{"@type":"mappingTemplate","id":"@1","name":"m_SF_to_MySQL","description":"","bundleVersion":"0","templateId":"@3","deployTime":1665942867000,"hasParameters":false,"valid":true,"fixedConnection":true,"hasParametersDeployed":false,"fixedConnectionDeployed":true,"isSchemaValidationEnabled":false,"tasks":1,"mappingPreviewFileRecordId":"@2","documentType":"MAPPING","references":[{"@type":"reference","refObjectId":"@2MWo1Q5VppFjl9D7UbMGy8","refType":"connection"},{"@type":"reference","refObjectId":"@9zy4pkT5x4fjrmdpAWCMYW","refType":"connection"}]}]