[{"@type":"mappingTemplate","id":"@1","name":"m_ff_to_db2","description":"","bundleVersion":"0","templateId":"@3","deployTime":1708619371000,"hasParameters":false,"valid":true,"fixedConnection":true,"hasParametersDeployed":false,"fixedConnectionDeployed":true,"isSchemaValidationEnabled":false,"tasks":1,"mappingPreviewFileRecordId":"@2","documentType":"MAPPING","references":[{"@type":"reference","refObjectId":"@bFemlXBRf2NgCpVizSuLCk","refType":"connection"},{"@type":"reference","refObjectId":"@1PPpBC0LMxrj6mxb1PVjUG","refType":"connection"}]}]