[{"@type":"mappingTemplate","id":"@1","name":"m_readpar","description":"","bundleVersion":"0","templateId":"@3","deployTime":1683149531000,"hasParameters":false,"valid":true,"fixedConnection":true,"hasParametersDeployed":false,"fixedConnectionDeployed":true,"isSchemaValidationEnabled":false,"tasks":0,"mappingPreviewFileRecordId":"@2","documentType":"MAPPING","references":[{"@type":"reference","refObjectId":"@aaJ7IMSBid6hxtpF2pGrev","refType":"connection"},{"@type":"reference","refObjectId":"@lvMoendpumRfm3jkbOPOkZ","refType":"connection"}]}]