[{"@type":"mappingTemplate","id":"@1","name":"m_SecondTabMapping","description":"","bundleVersion":"0","templateId":"@3","deployTime":1635441352000,"hasParameters":false,"valid":true,"fixedConnection":true,"hasParametersDeployed":false,"fixedConnectionDeployed":true,"tasks":1,"mappingPreviewFileRecordId":"@2","documentType":"MAPPING","references":[{"@type":"reference","refObjectId":"@2MWo1Q5VppFjl9D7UbMGy8","refType":"connection"},{"@type":"reference","refObjectId":"@2peIyF6BO2xbrd2goQsHit","refType":"connection"}]}]