[{"@type":"fileRecord","id":"@3","name":"fault","type":"XSD","size":6610,"attachTime":1695403050000},{"@type":"fileRecord","id":"@6","name":"response","type":"XSD","size":16878,"attachTime":1695403050000},{"@type":"fileRecord","id":"@5","name":"request","type":"XSD","size":6464,"attachTime":1695403050000},{"@type":"fileRecord","id":"@4","name":"metadata","type":"JSON","size":8512,"attachTime":1695403050000},{"@type":"fileRecord","id":"@2","name":"extension","type":"XML","size":36536,"attachTime":1695403050000}]