[{"@type":"workflow","id":"@1","name":"SF to SQL Linear Taskflow1","maxLogs":10,"references":[{"@type":"reference","refObjectId":"@7zgSzedqisulmoq510ZJYF","refType":"drsTask"},{"@type":"reference","refObjectId":"@7gSRCJslQuWebUiwtBkRqp","refType":"drsTask"}],"tasks":[{"@type":"workflowTask","taskId":"@7zgSzedqisulmoq510ZJYF","type":"DRS","name":"Event Replication Task1","stopOnError":false,"stopOnWarning":false},{"@type":"workflowTask","taskId":"@7gSRCJslQuWebUiwtBkRqp","type":"DRS","name":"EventRelation Replication Task1","stopOnError":false,"stopOnWarning":false}]}]