[{"@type":"drsTask","id":"@1","name":"drs_SFDC_to_Orc","maxLogs":10,"sourceConnectionId":"@0NrXXUCV3cJiZO7TmGbiyw","targetConnectionId":"@eyLGeVSAFoGj3H3sU8r68M","tablePrefix":"SF_","verbose":false,"fullRefresh":true,"replicateAllObjects":false,"removeDeleted":true,"queryAll":false,"srcShowLabels":true,"maxRows":0,"stopOnError":true,"replicationObjects":["Contact"],"excludedReplicationObjects":[],"majorUpdateTime":1689782217000,"metadataMode":0,"bulkApi":true,"base64BodySize":0.0,"commitInterval":10000,"bulkApiDBTarget":true,"fieldExclusions":[],"filters":[],"advancedFilters":[],"srcRuntimeAttrs":{"@type":"taskRuntimeAttrs","attrs":{"Maximum Rows Per Request":"0","PK Chunking size":"100000","Enable PK Chunking":"0","PK Chunking startRow ID":""}}}]