[{"@type":"dssTask","id":"@1","name":"dss_demo","description":"","maxLogs":10,"sourceConnectionId":"@gtv63Xrsg4ad5MRMlwM9Q7","targetConnectionId":"@1PLiSc5GA6oge4Ya9e0Kq3","targetObject":"SF_EVENT","targetObjectLabel":"SF_EVENT","operation":"Insert","maxRows":0,"truncateTarget":true,"bulkApiDBTarget":false,"verbose":false,"targetMetadataUpdated":false,"modelVersion":"V3-R600","queryAll":false,"srcSettings":{"@type":"taskDataSourceSetting","isShowLabels":false,"isNaturalOrder":true},"tgtSettings":{"@type":"taskDataSourceSetting","isShowLabels":false,"isNaturalOrder":true},"cfSettings":{"@type":"taskDataSourceSetting","isShowLabels":false,"isNaturalOrder":false},"bulkApi":false,"bulkApiSerialMode":false,"bulkApiMonitor":false,"isTargetObjectSfCustom":false,"allowNullUpdates":false,"targetBatchSize":200,"assignmentRuleId":"-1","assignmentRuleType":"None","createSuccessFile":false,"bulkApiHardDelete":false,"srcRuntimeAttrs":{"@type":"taskRuntimeAttrs","attrs":{}},"tgtRuntimeAttrs":{"@type":"taskRuntimeAttrs","attrs":{}},"parameterFileEncoding":"UTF-8","serverlessProperties":{},"sourceObjects":[{"@type":"mObject","name":"SF_COPY_EVENT","label":"SF_COPY_EVENT","metadataUpdated":false,"relations":[],"children":[]}],"advancedFilters":[],"filters":[],"fieldMaps":[{"@type":"fieldMap","id":"19915998","targetField":{"@type":"field","id":119977563,"name":"ID","type":"nvarchar","uniqueName":"ID","label":"ID","parentObject":"SF_EVENT","pcType":"UNISTRING","precision":18,"scale":0,"columnIndex":0,"isKey":false,"isWaterMarkKey":false,"isExternalId":false,"isSfIdLookup":false,"isNullable":true,"isUnique":false,"isCreateable":false,"isUpdateable":true,"isFilterable":true,"isCalculated":false,"showLabel":false,"naturalOrder":0,"linkedFields":["ID"],"relatedInfos":[],"references":[]},"expression":"ID"},{"@type":"fieldMap","id":"19915999","targetField":{"@type":"field","id":119977564,"name":"WHOID","type":"nvarchar","uniqueName":"WHOID","label":"WHOID","parentObject":"SF_EVENT","pcType":"UNISTRING","precision":18,"scale":0,"columnIndex":1,"isKey":false,"isWaterMarkKey":false,"isExternalId":false,"isSfIdLookup":false,"isNullable":true,"isUnique":false,"isCreateable":false,"isUpdateable":true,"isFilterable":true,"isCalculated":false,"showLabel":false,"naturalOrder":1,"linkedFields":["WHOID"],"relatedInfos":[],"references":[]},"expression":"WHOID"},{"@type":"fieldMap","id":"19916000","targetField":{"@type":"field","id":119977565,"name":"WHATID","type":"nvarchar","uniqueName":"WHATID","label":"WHATID","parentObject":"SF_EVENT","pcType":"UNISTRING","precision":18,"scale":0,"columnIndex":2,"isKey":false,"isWaterMarkKey":false,"isExternalId":false,"isSfIdLookup":false,"isNullable":true,"isUnique":false,"isCreateable":false,"isUpdateable":true,"isFilterable":true,"isCalculated":false,"showLabel":false,"naturalOrder":2,"linkedFields":["WHATID"],"relatedInfos":[],"references":[]},"expression":"WHATID"},{"@type":"fieldMap","id":"19916001","targetField":{"@type":"field","id":119977566,"name":"SUBJECT","type":"nvarchar","uniqueName":"SUBJECT","label":"SUBJECT","parentObject":"SF_EVENT","pcType":"UNISTRING","precision":255,"scale":0,"columnIndex":3,"isKey":false,"isWaterMarkKey":false,"isExternalId":false,"isSfIdLookup":false,"isNullable":true,"isUnique":false,"isCreateable":false,"isUpdateable":true,"isFilterable":true,"isCalculated":false,"showLabel":false,"naturalOrder":3,"linkedFields":["SUBJECT"],"relatedInfos":[],"references":[]},"expression":"SUBJECT"},{"@type":"fieldMap","id":"19916002","targetField":{"@type":"field","id":119977567,"name":"LOCATION","type":"nvarchar","uniqueName":"LOCATION","label":"LOCATION","parentObject":"SF_EVENT","pcType":"UNISTRING","precision":255,"scale":0,"columnIndex":4,"isKey":false,"isWaterMarkKey":false,"isExternalId":false,"isSfIdLookup":false,"isNullable":true,"isUnique":false,"isCreateable":false,"isUpdateable":true,"isFilterable":true,"isCalculated":false,"showLabel":false,"naturalOrder":4,"linkedFields":["LOCATION"],"relatedInfos":[],"references":[]},"expression":"LOCATION"},{"@type":"fieldMap","id":"19916003","targetField":{"@type":"field","id":119977568,"name":"ISALLDAYEVENT","type":"integer","uniqueName":"ISALLDAYEVENT","label":"ISALLDAYEVENT","parentObject":"SF_EVENT","pcType":"INT","precision":10,"scale":0,"columnIndex":5,"isKey":false,"isWaterMarkKey":false,"isExternalId":false,"isSfIdLookup":false,"isNullable":true,"isUnique":false,"isCreateable":false,"isUpdateable":true,"isFilterable":true,"isCalculated":false,"showLabel":false,"naturalOrder":5,"linkedFields":["ISALLDAYEVENT"],"relatedInfos":[],"references":[]},"expression":"ISALLDAYEVENT"},{"@type":"fieldMap","id":"19916004","targetField":{"@type":"field","id":119977569,"name":"ACTIVITYDATETIME","type":"timestamp","uniqueName":"ACTIVITYDATETIME","label":"ACTIVITYDATETIME","parentObject":"SF_EVENT","pcType":"DATE","precision":23,"scale":3,"columnIndex":6,"isKey":false,"isWaterMarkKey":false,"isExternalId":false,"isSfIdLookup":false,"isNullable":true,"isUnique":false,"isCreateable":false,"isUpdateable":true,"isFilterable":true,"isCalculated":false,"showLabel":false,"naturalOrder":6,"linkedFields":["ACTIVITYDATETIME"],"relatedInfos":[],"references":[]},"expression":"ACTIVITYDATETIME"},{"@type":"fieldMap","id":"19916005","targetField":{"@type":"field","id":119977570,"name":"ACTIVITYDATE","type":"timestamp","uniqueName":"ACTIVITYDATE","label":"ACTIVITYDATE","parentObject":"SF_EVENT","pcType":"DATE","precision":23,"scale":3,"columnIndex":7,"isKey":false,"isWaterMarkKey":false,"isExternalId":false,"isSfIdLookup":false,"isNullable":true,"isUnique":false,"isCreateable":false,"isUpdateable":true,"isFilterable":true,"isCalculated":false,"showLabel":false,"naturalOrder":7,"linkedFields":["ACTIVITYDATE"],"relatedInfos":[],"references":[]},"expression":"ACTIVITYDATE"},{"@type":"fieldMap","id":"19916006","targetField":{"@type":"field","id":119977571,"name":"DURATIONINMINUTES","type":"integer","uniqueName":"DURATIONINMINUTES","label":"DURATIONINMINUTES","parentObject":"SF_EVENT","pcType":"INT","precision":10,"scale":0,"columnIndex":8,"isKey":false,"isWaterMarkKey":false,"isExternalId":false,"isSfIdLookup":false,"isNullable":true,"isUnique":false,"isCreateable":false,"isUpdateable":true,"isFilterable":true,"isCalculated":false,"showLabel":false,"naturalOrder":8,"linkedFields":["DURATIONINMINUTES"],"relatedInfos":[],"references":[]},"expression":"DURATIONINMINUTES"},{"@type":"fieldMap","id":"19916007","targetField":{"@type":"field","id":119977572,"name":"STARTDATETIME","type":"timestamp","uniqueName":"STARTDATETIME","label":"STARTDATETIME","parentObject":"SF_EVENT","pcType":"DATE","precision":23,"scale":3,"columnIndex":9,"isKey":false,"isWaterMarkKey":false,"isExternalId":false,"isSfIdLookup":false,"isNullable":true,"isUnique":false,"isCreateable":false,"isUpdateable":true,"isFilterable":true,"isCalculated":false,"showLabel":false,"naturalOrder":9,"linkedFields":["STARTDATETIME"],"relatedInfos":[],"references":[]},"expression":"STARTDATETIME"},{"@type":"fieldMap","id":"19916008","targetField":{"@type":"field","id":119977573,"name":"ENDDATETIME","type":"timestamp","uniqueName":"ENDDATETIME","label":"ENDDATETIME","parentObject":"SF_EVENT","pcType":"DATE","precision":23,"scale":3,"columnIndex":10,"isKey":false,"isWaterMarkKey":false,"isExternalId":false,"isSfIdLookup":false,"isNullable":true,"isUnique":false,"isCreateable":false,"isUpdateable":true,"isFilterable":true,"isCalculated":false,"showLabel":false,"naturalOrder":10,"linkedFields":["ENDDATETIME"],"relatedInfos":[],"references":[]},"expression":"ENDDATETIME"},{"@type":"fieldMap","id":"19916009","targetField":{"@type":"field","id":119977574,"name":"ENDDATE","type":"timestamp","uniqueName":"ENDDATE","label":"ENDDATE","parentObject":"SF_EVENT","pcType":"DATE","precision":23,"scale":3,"columnIndex":11,"isKey":false,"isWaterMarkKey":false,"isExternalId":false,"isSfIdLookup":false,"isNullable":true,"isUnique":false,"isCreateable":false,"isUpdateable":true,"isFilterable":true,"isCalculated":false,"showLabel":false,"naturalOrder":11,"linkedFields":["ENDDATE"],"relatedInfos":[],"references":[]},"expression":"ENDDATE"},{"@type":"fieldMap","id":"19916010","targetField":{"@type":"field","id":119977575,"name":"DESCRIPTION","type":"ntext","uniqueName":"DESCRIPTION","label":"DESCRIPTION","parentObject":"SF_EVENT","pcType":"UNISTRING","precision":32000,"scale":0,"columnIndex":12,"isKey":false,"isWaterMarkKey":false,"isExternalId":false,"isSfIdLookup":false,"isNullable":true,"isUnique":false,"isCreateable":false,"isUpdateable":true,"isFilterable":false,"isCalculated":false,"showLabel":false,"naturalOrder":12,"linkedFields":["DESCRIPTION"],"relatedInfos":[],"references":[]},"expression":"DESCRIPTION"},{"@type":"fieldMap","id":"19916011","targetField":{"@type":"field","id":119977576,"name":"ACCOUNTID","type":"nvarchar","uniqueName":"ACCOUNTID","label":"ACCOUNTID","parentObject":"SF_EVENT","pcType":"UNISTRING","precision":18,"scale":0,"columnIndex":13,"isKey":false,"isWaterMarkKey":false,"isExternalId":false,"isSfIdLookup":false,"isNullable":true,"isUnique":false,"isCreateable":false,"isUpdateable":true,"isFilterable":true,"isCalculated":false,"showLabel":false,"naturalOrder":13,"linkedFields":["ACCOUNTID"],"relatedInfos":[],"references":[]},"expression":"ACCOUNTID"},{"@type":"fieldMap","id":"19916012","targetField":{"@type":"field","id":119977577,"name":"OWNERID","type":"nvarchar","uniqueName":"OWNERID","label":"OWNERID","parentObject":"SF_EVENT","pcType":"UNISTRING","precision":18,"scale":0,"columnIndex":14,"isKey":false,"isWaterMarkKey":false,"isExternalId":false,"isSfIdLookup":false,"isNullable":true,"isUnique":false,"isCreateable":false,"isUpdateable":true,"isFilterable":true,"isCalculated":false,"showLabel":false,"naturalOrder":14,"linkedFields":["OWNERID"],"relatedInfos":[],"references":[]},"expression":"OWNERID"},{"@type":"fieldMap","id":"19916013","targetField":{"@type":"field","id":119977578,"name":"ISPRIVATE","type":"integer","uniqueName":"ISPRIVATE","label":"ISPRIVATE","parentObject":"SF_EVENT","pcType":"INT","precision":10,"scale":0,"columnIndex":15,"isKey":false,"isWaterMarkKey":false,"isExternalId":false,"isSfIdLookup":false,"isNullable":true,"isUnique":false,"isCreateable":false,"isUpdateable":true,"isFilterable":true,"isCalculated":false,"showLabel":false,"naturalOrder":15,"linkedFields":["ISPRIVATE"],"relatedInfos":[],"references":[]},"expression":"ISPRIVATE"},{"@type":"fieldMap","id":"19916014","targetField":{"@type":"field","id":119977579,"name":"SHOWAS","type":"nvarchar","uniqueName":"SHOWAS","label":"SHOWAS","parentObject":"SF_EVENT","pcType":"UNISTRING","precision":40,"scale":0,"columnIndex":16,"isKey":false,"isWaterMarkKey":false,"isExternalId":false,"isSfIdLookup":false,"isNullable":true,"isUnique":false,"isCreateable":false,"isUpdateable":true,"isFilterable":true,"isCalculated":false,"showLabel":false,"naturalOrder":16,"linkedFields":["SHOWAS"],"relatedInfos":[],"references":[]},"expression":"SHOWAS"},{"@type":"fieldMap","id":"19916015","targetField":{"@type":"field","id":119977580,"name":"ISDELETED","type":"integer","uniqueName":"ISDELETED","label":"ISDELETED","parentObject":"SF_EVENT","pcType":"INT","precision":10,"scale":0,"columnIndex":17,"isKey":false,"isWaterMarkKey":false,"isExternalId":false,"isSfIdLookup":false,"isNullable":true,"isUnique":false,"isCreateable":false,"isUpdateable":true,"isFilterable":true,"isCalculated":false,"showLabel":false,"naturalOrder":17,"linkedFields":["ISDELETED"],"relatedInfos":[],"references":[]},"expression":"ISDELETED"},{"@type":"fieldMap","id":"19916016","targetField":{"@type":"field","id":119977581,"name":"ISCHILD","type":"integer","uniqueName":"ISCHILD","label":"ISCHILD","parentObject":"SF_EVENT","pcType":"INT","precision":10,"scale":0,"columnIndex":18,"isKey":false,"isWaterMarkKey":false,"isExternalId":false,"isSfIdLookup":false,"isNullable":true,"isUnique":false,"isCreateable":false,"isUpdateable":true,"isFilterable":true,"isCalculated":false,"showLabel":false,"naturalOrder":18,"linkedFields":["ISCHILD"],"relatedInfos":[],"references":[]},"expression":"ISCHILD"},{"@type":"fieldMap","id":"19916017","targetField":{"@type":"field","id":119977582,"name":"ISGROUPEVENT","type":"integer","uniqueName":"ISGROUPEVENT","label":"ISGROUPEVENT","parentObject":"SF_EVENT","pcType":"INT","precision":10,"scale":0,"columnIndex":19,"isKey":false,"isWaterMarkKey":false,"isExternalId":false,"isSfIdLookup":false,"isNullable":true,"isUnique":false,"isCreateable":false,"isUpdateable":true,"isFilterable":true,"isCalculated":false,"showLabel":false,"naturalOrder":19,"linkedFields":["ISGROUPEVENT"],"relatedInfos":[],"references":[]},"expression":"ISGROUPEVENT"},{"@type":"fieldMap","id":"19916018","targetField":{"@type":"field","id":119977583,"name":"GROUPEVENTTYPE","type":"nvarchar","uniqueName":"GROUPEVENTTYPE","label":"GROUPEVENTTYPE","parentObject":"SF_EVENT","pcType":"UNISTRING","precision":40,"scale":0,"columnIndex":20,"isKey":false,"isWaterMarkKey":false,"isExternalId":false,"isSfIdLookup":false,"isNullable":true,"isUnique":false,"isCreateable":false,"isUpdateable":true,"isFilterable":true,"isCalculated":false,"showLabel":false,"naturalOrder":20,"linkedFields":["GROUPEVENTTYPE"],"relatedInfos":[],"references":[]},"expression":"GROUPEVENTTYPE"},{"@type":"fieldMap","id":"19916019","targetField":{"@type":"field","id":119977584,"name":"CREATEDDATE","type":"timestamp","uniqueName":"CREATEDDATE","label":"CREATEDDATE","parentObject":"SF_EVENT","pcType":"DATE","precision":23,"scale":3,"columnIndex":21,"isKey":false,"isWaterMarkKey":false,"isExternalId":false,"isSfIdLookup":false,"isNullable":true,"isUnique":false,"isCreateable":false,"isUpdateable":true,"isFilterable":true,"isCalculated":false,"showLabel":false,"naturalOrder":21,"linkedFields":["CREATEDDATE"],"relatedInfos":[],"references":[]},"expression":"CREATEDDATE"},{"@type":"fieldMap","id":"19916020","targetField":{"@type":"field","id":119977585,"name":"CREATEDBYID","type":"nvarchar","uniqueName":"CREATEDBYID","label":"CREATEDBYID","parentObject":"SF_EVENT","pcType":"UNISTRING","precision":18,"scale":0,"columnIndex":22,"isKey":false,"isWaterMarkKey":false,"isExternalId":false,"isSfIdLookup":false,"isNullable":true,"isUnique":false,"isCreateable":false,"isUpdateable":true,"isFilterable":true,"isCalculated":false,"showLabel":false,"naturalOrder":22,"linkedFields":["CREATEDBYID"],"relatedInfos":[],"references":[]},"expression":"CREATEDBYID"},{"@type":"fieldMap","id":"19916021","targetField":{"@type":"field","id":119977586,"name":"LASTMODIFIEDDATE","type":"timestamp","uniqueName":"LASTMODIFIEDDATE","label":"LASTMODIFIEDDATE","parentObject":"SF_EVENT","pcType":"DATE","precision":23,"scale":3,"columnIndex":23,"isKey":false,"isWaterMarkKey":false,"isExternalId":false,"isSfIdLookup":false,"isNullable":true,"isUnique":false,"isCreateable":false,"isUpdateable":true,"isFilterable":true,"isCalculated":false,"showLabel":false,"naturalOrder":23,"linkedFields":["LASTMODIFIEDDATE"],"relatedInfos":[],"references":[]},"expression":"LASTMODIFIEDDATE"},{"@type":"fieldMap","id":"19916022","targetField":{"@type":"field","id":119977587,"name":"LASTMODIFIEDBYID","type":"nvarchar","uniqueName":"LASTMODIFIEDBYID","label":"LASTMODIFIEDBYID","parentObject":"SF_EVENT","pcType":"UNISTRING","precision":18,"scale":0,"columnIndex":24,"isKey":false,"isWaterMarkKey":false,"isExternalId":false,"isSfIdLookup":false,"isNullable":true,"isUnique":false,"isCreateable":false,"isUpdateable":true,"isFilterable":true,"isCalculated":false,"showLabel":false,"naturalOrder":24,"linkedFields":["LASTMODIFIEDBYID"],"relatedInfos":[],"references":[]},"expression":"LASTMODIFIEDBYID"},{"@type":"fieldMap","id":"19916023","targetField":{"@type":"field","id":119977588,"name":"SYSTEMMODSTAMP","type":"timestamp","uniqueName":"SYSTEMMODSTAMP","label":"SYSTEMMODSTAMP","parentObject":"SF_EVENT","pcType":"DATE","precision":23,"scale":3,"columnIndex":25,"isKey":false,"isWaterMarkKey":false,"isExternalId":false,"isSfIdLookup":false,"isNullable":true,"isUnique":false,"isCreateable":false,"isUpdateable":true,"isFilterable":true,"isCalculated":false,"showLabel":false,"naturalOrder":25,"linkedFields":["SYSTEMMODSTAMP"],"relatedInfos":[],"references":[]},"expression":"SYSTEMMODSTAMP"},{"@type":"fieldMap","id":"19916024","targetField":{"@type":"field","id":119977589,"name":"ISARCHIVED","type":"integer","uniqueName":"ISARCHIVED","label":"ISARCHIVED","parentObject":"SF_EVENT","pcType":"INT","precision":10,"scale":0,"columnIndex":26,"isKey":false,"isWaterMarkKey":false,"isExternalId":false,"isSfIdLookup":false,"isNullable":true,"isUnique":false,"isCreateable":false,"isUpdateable":true,"isFilterable":true,"isCalculated":false,"showLabel":false,"naturalOrder":26,"linkedFields":["ISARCHIVED"],"relatedInfos":[],"references":[]},"expression":"ISARCHIVED"},{"@type":"fieldMap","id":"19916025","targetField":{"@type":"field","id":119977590,"name":"RECURRENCEACTIVITYID","type":"nvarchar","uniqueName":"RECURRENCEACTIVITYID","label":"RECURRENCEACTIVITYID","parentObject":"SF_EVENT","pcType":"UNISTRING","precision":18,"scale":0,"columnIndex":27,"isKey":false,"isWaterMarkKey":false,"isExternalId":false,"isSfIdLookup":false,"isNullable":true,"isUnique":false,"isCreateable":false,"isUpdateable":true,"isFilterable":true,"isCalculated":false,"showLabel":false,"naturalOrder":27,"linkedFields":["RECURRENCEACTIVITYID"],"relatedInfos":[],"references":[]},"expression":"RECURRENCEACTIVITYID"},{"@type":"fieldMap","id":"19916026","targetField":{"@type":"field","id":119977591,"name":"ISRECURRENCE","type":"integer","uniqueName":"ISRECURRENCE","label":"ISRECURRENCE","parentObject":"SF_EVENT","pcType":"INT","precision":10,"scale":0,"columnIndex":28,"isKey":false,"isWaterMarkKey":false,"isExternalId":false,"isSfIdLookup":false,"isNullable":true,"isUnique":false,"isCreateable":false,"isUpdateable":true,"isFilterable":true,"isCalculated":false,"showLabel":false,"naturalOrder":28,"linkedFields":["ISRECURRENCE"],"relatedInfos":[],"references":[]},"expression":"ISRECURRENCE"},{"@type":"fieldMap","id":"19916027","targetField":{"@type":"field","id":119977592,"name":"RECURRENCESTARTDATETIME","type":"timestamp","uniqueName":"RECURRENCESTARTDATETIME","label":"RECURRENCESTARTDATETIME","parentObject":"SF_EVENT","pcType":"DATE","precision":23,"scale":3,"columnIndex":29,"isKey":false,"isWaterMarkKey":false,"isExternalId":false,"isSfIdLookup":false,"isNullable":true,"isUnique":false,"isCreateable":false,"isUpdateable":true,"isFilterable":true,"isCalculated":false,"showLabel":false,"naturalOrder":29,"linkedFields":["RECURRENCESTARTDATETIME"],"relatedInfos":[],"references":[]},"expression":"RECURRENCESTARTDATETIME"},{"@type":"fieldMap","id":"19916028","targetField":{"@type":"field","id":119977593,"name":"RECURRENCEENDDATEONLY","type":"timestamp","uniqueName":"RECURRENCEENDDATEONLY","label":"RECURRENCEENDDATEONLY","parentObject":"SF_EVENT","pcType":"DATE","precision":23,"scale":3,"columnIndex":30,"isKey":false,"isWaterMarkKey":false,"isExternalId":false,"isSfIdLookup":false,"isNullable":true,"isUnique":false,"isCreateable":false,"isUpdateable":true,"isFilterable":true,"isCalculated":false,"showLabel":false,"naturalOrder":30,"linkedFields":["RECURRENCEENDDATEONLY"],"relatedInfos":[],"references":[]},"expression":"RECURRENCEENDDATEONLY"},{"@type":"fieldMap","id":"19916029","targetField":{"@type":"field","id":119977594,"name":"RECURRENCETIMEZONESIDKEY","type":"nvarchar","uniqueName":"RECURRENCETIMEZONESIDKEY","label":"RECURRENCETIMEZONESIDKEY","parentObject":"SF_EVENT","pcType":"UNISTRING","precision":40,"scale":0,"columnIndex":31,"isKey":false,"isWaterMarkKey":false,"isExternalId":false,"isSfIdLookup":false,"isNullable":true,"isUnique":false,"isCreateable":false,"isUpdateable":true,"isFilterable":true,"isCalculated":false,"showLabel":false,"naturalOrder":31,"linkedFields":["RECURRENCETIMEZONESIDKEY"],"relatedInfos":[],"references":[]},"expression":"RECURRENCETIMEZONESIDKEY"},{"@type":"fieldMap","id":"19916030","targetField":{"@type":"field","id":119977595,"name":"RECURRENCETYPE","type":"nvarchar","uniqueName":"RECURRENCETYPE","label":"RECURRENCETYPE","parentObject":"SF_EVENT","pcType":"UNISTRING","precision":40,"scale":0,"columnIndex":32,"isKey":false,"isWaterMarkKey":false,"isExternalId":false,"isSfIdLookup":false,"isNullable":true,"isUnique":false,"isCreateable":false,"isUpdateable":true,"isFilterable":true,"isCalculated":false,"showLabel":false,"naturalOrder":32,"linkedFields":["RECURRENCETYPE"],"relatedInfos":[],"references":[]},"expression":"RECURRENCETYPE"},{"@type":"fieldMap","id":"19916031","targetField":{"@type":"field","id":119977596,"name":"RECURRENCEINTERVAL","type":"integer","uniqueName":"RECURRENCEINTERVAL","label":"RECURRENCEINTERVAL","parentObject":"SF_EVENT","pcType":"INT","precision":10,"scale":0,"columnIndex":33,"isKey":false,"isWaterMarkKey":false,"isExternalId":false,"isSfIdLookup":false,"isNullable":true,"isUnique":false,"isCreateable":false,"isUpdateable":true,"isFilterable":true,"isCalculated":false,"showLabel":false,"naturalOrder":33,"linkedFields":["RECURRENCEINTERVAL"],"relatedInfos":[],"references":[]},"expression":"RECURRENCEINTERVAL"},{"@type":"fieldMap","id":"19916032","targetField":{"@type":"field","id":119977597,"name":"RECURRENCEDAYOFWEEKMASK","type":"integer","uniqueName":"RECURRENCEDAYOFWEEKMASK","label":"RECURRENCEDAYOFWEEKMASK","parentObject":"SF_EVENT","pcType":"INT","precision":10,"scale":0,"columnIndex":34,"isKey":false,"isWaterMarkKey":false,"isExternalId":false,"isSfIdLookup":false,"isNullable":true,"isUnique":false,"isCreateable":false,"isUpdateable":true,"isFilterable":true,"isCalculated":false,"showLabel":false,"naturalOrder":34,"linkedFields":["RECURRENCEDAYOFWEEKMASK"],"relatedInfos":[],"references":[]},"expression":"RECURRENCEDAYOFWEEKMASK"},{"@type":"fieldMap","id":"19916033","targetField":{"@type":"field","id":119977598,"name":"RECURRENCEDAYOFMONTH","type":"integer","uniqueName":"RECURRENCEDAYOFMONTH","label":"RECURRENCEDAYOFMONTH","parentObject":"SF_EVENT","pcType":"INT","precision":10,"scale":0,"columnIndex":35,"isKey":false,"isWaterMarkKey":false,"isExternalId":false,"isSfIdLookup":false,"isNullable":true,"isUnique":false,"isCreateable":false,"isUpdateable":true,"isFilterable":true,"isCalculated":false,"showLabel":false,"naturalOrder":35,"linkedFields":["RECURRENCEDAYOFMONTH"],"relatedInfos":[],"references":[]},"expression":"RECURRENCEDAYOFMONTH"},{"@type":"fieldMap","id":"19916034","targetField":{"@type":"field","id":119977599,"name":"RECURRENCEINSTANCE","type":"nvarchar","uniqueName":"RECURRENCEINSTANCE","label":"RECURRENCEINSTANCE","parentObject":"SF_EVENT","pcType":"UNISTRING","precision":40,"scale":0,"columnIndex":36,"isKey":false,"isWaterMarkKey":false,"isExternalId":false,"isSfIdLookup":false,"isNullable":true,"isUnique":false,"isCreateable":false,"isUpdateable":true,"isFilterable":true,"isCalculated":false,"showLabel":false,"naturalOrder":36,"linkedFields":["RECURRENCEINSTANCE"],"relatedInfos":[],"references":[]},"expression":"RECURRENCEINSTANCE"},{"@type":"fieldMap","id":"19916035","targetField":{"@type":"field","id":119977600,"name":"RECURRENCEMONTHOFYEAR","type":"nvarchar","uniqueName":"RECURRENCEMONTHOFYEAR","label":"RECURRENCEMONTHOFYEAR","parentObject":"SF_EVENT","pcType":"UNISTRING","precision":40,"scale":0,"columnIndex":37,"isKey":false,"isWaterMarkKey":false,"isExternalId":false,"isSfIdLookup":false,"isNullable":true,"isUnique":false,"isCreateable":false,"isUpdateable":true,"isFilterable":true,"isCalculated":false,"showLabel":false,"naturalOrder":37,"linkedFields":["RECURRENCEMONTHOFYEAR"],"relatedInfos":[],"references":[]},"expression":"RECURRENCEMONTHOFYEAR"},{"@type":"fieldMap","id":"19916036","targetField":{"@type":"field","id":119977601,"name":"REMINDERDATETIME","type":"timestamp","uniqueName":"REMINDERDATETIME","label":"REMINDERDATETIME","parentObject":"SF_EVENT","pcType":"DATE","precision":23,"scale":3,"columnIndex":38,"isKey":false,"isWaterMarkKey":false,"isExternalId":false,"isSfIdLookup":false,"isNullable":true,"isUnique":false,"isCreateable":false,"isUpdateable":true,"isFilterable":true,"isCalculated":false,"showLabel":false,"naturalOrder":38,"linkedFields":["REMINDERDATETIME"],"relatedInfos":[],"references":[]},"expression":"REMINDERDATETIME"},{"@type":"fieldMap","id":"19916037","targetField":{"@type":"field","id":119977602,"name":"ISREMINDERSET","type":"integer","uniqueName":"ISREMINDERSET","label":"ISREMINDERSET","parentObject":"SF_EVENT","pcType":"INT","precision":10,"scale":0,"columnIndex":39,"isKey":false,"isWaterMarkKey":false,"isExternalId":false,"isSfIdLookup":false,"isNullable":true,"isUnique":false,"isCreateable":false,"isUpdateable":true,"isFilterable":true,"isCalculated":false,"showLabel":false,"naturalOrder":39,"linkedFields":["ISREMINDERSET"],"relatedInfos":[],"references":[]},"expression":"ISREMINDERSET"},{"@type":"fieldMap","id":"19916038","targetField":{"@type":"field","id":119977603,"name":"EVENTSUBTYPE","type":"nvarchar","uniqueName":"EVENTSUBTYPE","label":"EVENTSUBTYPE","parentObject":"SF_EVENT","pcType":"UNISTRING","precision":40,"scale":0,"columnIndex":40,"isKey":false,"isWaterMarkKey":false,"isExternalId":false,"isSfIdLookup":false,"isNullable":true,"isUnique":false,"isCreateable":false,"isUpdateable":true,"isFilterable":true,"isCalculated":false,"showLabel":false,"naturalOrder":40,"linkedFields":["EVENTSUBTYPE"],"relatedInfos":[],"references":[]},"expression":"EVENTSUBTYPE"},{"@type":"fieldMap","id":"19916039","targetField":{"@type":"field","id":119977604,"name":"ISRECURRENCE2EXCLUSION","type":"integer","uniqueName":"ISRECURRENCE2EXCLUSION","label":"ISRECURRENCE2EXCLUSION","parentObject":"SF_EVENT","pcType":"INT","precision":10,"scale":0,"columnIndex":41,"isKey":false,"isWaterMarkKey":false,"isExternalId":false,"isSfIdLookup":false,"isNullable":true,"isUnique":false,"isCreateable":false,"isUpdateable":true,"isFilterable":true,"isCalculated":false,"showLabel":false,"naturalOrder":41,"linkedFields":["ISRECURRENCE2EXCLUSION"],"relatedInfos":[],"references":[]},"expression":"ISRECURRENCE2EXCLUSION"},{"@type":"fieldMap","id":"19916040","targetField":{"@type":"field","id":119977605,"name":"RECURRENCE2PATTERNTEXT","type":"nvarchar","uniqueName":"RECURRENCE2PATTERNTEXT","label":"RECURRENCE2PATTERNTEXT","parentObject":"SF_EVENT","pcType":"UNISTRING","precision":512,"scale":0,"columnIndex":42,"isKey":false,"isWaterMarkKey":false,"isExternalId":false,"isSfIdLookup":false,"isNullable":true,"isUnique":false,"isCreateable":false,"isUpdateable":true,"isFilterable":true,"isCalculated":false,"showLabel":false,"naturalOrder":42,"linkedFields":["RECURRENCE2PATTERNTEXT"],"relatedInfos":[],"references":[]},"expression":"RECURRENCE2PATTERNTEXT"},{"@type":"fieldMap","id":"19916041","targetField":{"@type":"field","id":119977606,"name":"RECURRENCE2PATTERNVERSION","type":"nvarchar","uniqueName":"RECURRENCE2PATTERNVERSION","label":"RECURRENCE2PATTERNVERSION","parentObject":"SF_EVENT","pcType":"UNISTRING","precision":40,"scale":0,"columnIndex":43,"isKey":false,"isWaterMarkKey":false,"isExternalId":false,"isSfIdLookup":false,"isNullable":true,"isUnique":false,"isCreateable":false,"isUpdateable":true,"isFilterable":true,"isCalculated":false,"showLabel":false,"naturalOrder":43,"linkedFields":["RECURRENCE2PATTERNVERSION"],"relatedInfos":[],"references":[]},"expression":"RECURRENCE2PATTERNVERSION"},{"@type":"fieldMap","id":"19916042","targetField":{"@type":"field","id":119977607,"name":"ISRECURRENCE2","type":"integer","uniqueName":"ISRECURRENCE2","label":"ISRECURRENCE2","parentObject":"SF_EVENT","pcType":"INT","precision":10,"scale":0,"columnIndex":44,"isKey":false,"isWaterMarkKey":false,"isExternalId":false,"isSfIdLookup":false,"isNullable":true,"isUnique":false,"isCreateable":false,"isUpdateable":true,"isFilterable":true,"isCalculated":false,"showLabel":false,"naturalOrder":44,"linkedFields":["ISRECURRENCE2"],"relatedInfos":[],"references":[]},"expression":"ISRECURRENCE2"},{"@type":"fieldMap","id":"19916043","targetField":{"@type":"field","id":119977608,"name":"ISRECURRENCE2EXCEPTION","type":"integer","uniqueName":"ISRECURRENCE2EXCEPTION","label":"ISRECURRENCE2EXCEPTION","parentObject":"SF_EVENT","pcType":"INT","precision":10,"scale":0,"columnIndex":45,"isKey":false,"isWaterMarkKey":false,"isExternalId":false,"isSfIdLookup":false,"isNullable":true,"isUnique":false,"isCreateable":false,"isUpdateable":true,"isFilterable":true,"isCalculated":false,"showLabel":false,"naturalOrder":45,"linkedFields":["ISRECURRENCE2EXCEPTION"],"relatedInfos":[],"references":[]},"expression":"ISRECURRENCE2EXCEPTION"},{"@type":"fieldMap","id":"19916044","targetField":{"@type":"field","id":119977609,"name":"RECURRENCE2PATTERNSTARTDATE","type":"timestamp","uniqueName":"RECURRENCE2PATTERNSTARTDATE","label":"RECURRENCE2PATTERNSTARTDATE","parentObject":"SF_EVENT","pcType":"DATE","precision":23,"scale":3,"columnIndex":46,"isKey":false,"isWaterMarkKey":false,"isExternalId":false,"isSfIdLookup":false,"isNullable":true,"isUnique":false,"isCreateable":false,"isUpdateable":true,"isFilterable":true,"isCalculated":false,"showLabel":false,"naturalOrder":46,"linkedFields":["RECURRENCE2PATTERNSTARTDATE"],"relatedInfos":[],"references":[]},"expression":"RECURRENCE2PATTERNSTARTDATE"},{"@type":"fieldMap","id":"19916045","targetField":{"@type":"field","id":119977610,"name":"RECURRENCE2PATTERNTIMEZONE","type":"nvarchar","uniqueName":"RECURRENCE2PATTERNTIMEZONE","label":"RECURRENCE2PATTERNTIMEZONE","parentObject":"SF_EVENT","pcType":"UNISTRING","precision":255,"scale":0,"columnIndex":47,"isKey":false,"isWaterMarkKey":false,"isExternalId":false,"isSfIdLookup":false,"isNullable":true,"isUnique":false,"isCreateable":false,"isUpdateable":true,"isFilterable":true,"isCalculated":false,"showLabel":false,"naturalOrder":47,"linkedFields":["RECURRENCE2PATTERNTIMEZONE"],"relatedInfos":[],"references":[]},"expression":"RECURRENCE2PATTERNTIMEZONE"},{"@type":"fieldMap","id":"19916046","targetField":{"@type":"field","id":119977611,"name":"SERVICEAPPOINTMENTID","type":"nvarchar","uniqueName":"SERVICEAPPOINTMENTID","label":"SERVICEAPPOINTMENTID","parentObject":"SF_EVENT","pcType":"UNISTRING","precision":18,"scale":0,"columnIndex":48,"isKey":false,"isWaterMarkKey":false,"isExternalId":false,"isSfIdLookup":false,"isNullable":true,"isUnique":false,"isCreateable":false,"isUpdateable":true,"isFilterable":true,"isCalculated":false,"showLabel":false,"naturalOrder":48,"linkedFields":["SERVICEAPPOINTMENTID"],"relatedInfos":[],"references":[]},"expression":"SERVICEAPPOINTMENTID"}],"sourceFields":[{"@type":"field","id":119977612,"name":"ID","type":"nvarchar","uniqueName":"ID","label":"ID","parentObject":"SF_COPY_EVENT","pcType":"UNISTRING","precision":18,"scale":0,"columnIndex":0,"isKey":false,"isWaterMarkKey":false,"isExternalId":false,"isSfIdLookup":false,"isNullable":true,"isUnique":false,"isCreateable":false,"isUpdateable":true,"isFilterable":true,"isCalculated":false,"showLabel":false,"naturalOrder":0,"linkedFields":["ID"],"relatedInfos":[],"references":[]},{"@type":"field","id":119977613,"name":"WHOID","type":"nvarchar","uniqueName":"WHOID","label":"WHOID","parentObject":"SF_COPY_EVENT","pcType":"UNISTRING","precision":18,"scale":0,"columnIndex":1,"isKey":false,"isWaterMarkKey":false,"isExternalId":false,"isSfIdLookup":false,"isNullable":true,"isUnique":false,"isCreateable":false,"isUpdateable":true,"isFilterable":true,"isCalculated":false,"showLabel":false,"naturalOrder":1,"linkedFields":["WHOID"],"relatedInfos":[],"references":[]},{"@type":"field","id":119977614,"name":"WHATID","type":"nvarchar","uniqueName":"WHATID","label":"WHATID","parentObject":"SF_COPY_EVENT","pcType":"UNISTRING","precision":18,"scale":0,"columnIndex":2,"isKey":false,"isWaterMarkKey":false,"isExternalId":false,"isSfIdLookup":false,"isNullable":true,"isUnique":false,"isCreateable":false,"isUpdateable":true,"isFilterable":true,"isCalculated":false,"showLabel":false,"naturalOrder":2,"linkedFields":["WHATID"],"relatedInfos":[],"references":[]},{"@type":"field","id":119977615,"name":"SUBJECT","type":"nvarchar","uniqueName":"SUBJECT","label":"SUBJECT","parentObject":"SF_COPY_EVENT","pcType":"UNISTRING","precision":255,"scale":0,"columnIndex":3,"isKey":false,"isWaterMarkKey":false,"isExternalId":false,"isSfIdLookup":false,"isNullable":true,"isUnique":false,"isCreateable":false,"isUpdateable":true,"isFilterable":true,"isCalculated":false,"showLabel":false,"naturalOrder":3,"linkedFields":["SUBJECT"],"relatedInfos":[],"references":[]},{"@type":"field","id":119977616,"name":"LOCATION","type":"nvarchar","uniqueName":"LOCATION","label":"LOCATION","parentObject":"SF_COPY_EVENT","pcType":"UNISTRING","precision":255,"scale":0,"columnIndex":4,"isKey":false,"isWaterMarkKey":false,"isExternalId":false,"isSfIdLookup":false,"isNullable":true,"isUnique":false,"isCreateable":false,"isUpdateable":true,"isFilterable":true,"isCalculated":false,"showLabel":false,"naturalOrder":4,"linkedFields":["LOCATION"],"relatedInfos":[],"references":[]},{"@type":"field","id":119977617,"name":"ISALLDAYEVENT","type":"integer","uniqueName":"ISALLDAYEVENT","label":"ISALLDAYEVENT","parentObject":"SF_COPY_EVENT","pcType":"INT","precision":10,"scale":0,"columnIndex":5,"isKey":false,"isWaterMarkKey":false,"isExternalId":false,"isSfIdLookup":false,"isNullable":true,"isUnique":false,"isCreateable":false,"isUpdateable":true,"isFilterable":true,"isCalculated":false,"showLabel":false,"naturalOrder":5,"linkedFields":["ISALLDAYEVENT"],"relatedInfos":[],"references":[]},{"@type":"field","id":119977618,"name":"ACTIVITYDATETIME","type":"timestamp","uniqueName":"ACTIVITYDATETIME","label":"ACTIVITYDATETIME","parentObject":"SF_COPY_EVENT","pcType":"DATE","precision":23,"scale":3,"columnIndex":6,"isKey":false,"isWaterMarkKey":false,"isExternalId":false,"isSfIdLookup":false,"isNullable":true,"isUnique":false,"isCreateable":false,"isUpdateable":true,"isFilterable":true,"isCalculated":false,"showLabel":false,"naturalOrder":6,"linkedFields":["ACTIVITYDATETIME"],"relatedInfos":[],"references":[]},{"@type":"field","id":119977619,"name":"ACTIVITYDATE","type":"timestamp","uniqueName":"ACTIVITYDATE","label":"ACTIVITYDATE","parentObject":"SF_COPY_EVENT","pcType":"DATE","precision":23,"scale":3,"columnIndex":7,"isKey":false,"isWaterMarkKey":false,"isExternalId":false,"isSfIdLookup":false,"isNullable":true,"isUnique":false,"isCreateable":false,"isUpdateable":true,"isFilterable":true,"isCalculated":false,"showLabel":false,"naturalOrder":7,"linkedFields":["ACTIVITYDATE"],"relatedInfos":[],"references":[]},{"@type":"field","id":119977620,"name":"DURATIONINMINUTES","type":"integer","uniqueName":"DURATIONINMINUTES","label":"DURATIONINMINUTES","parentObject":"SF_COPY_EVENT","pcType":"INT","precision":10,"scale":0,"columnIndex":8,"isKey":false,"isWaterMarkKey":false,"isExternalId":false,"isSfIdLookup":false,"isNullable":true,"isUnique":false,"isCreateable":false,"isUpdateable":true,"isFilterable":true,"isCalculated":false,"showLabel":false,"naturalOrder":8,"linkedFields":["DURATIONINMINUTES"],"relatedInfos":[],"references":[]},{"@type":"field","id":119977621,"name":"STARTDATETIME","type":"timestamp","uniqueName":"STARTDATETIME","label":"STARTDATETIME","parentObject":"SF_COPY_EVENT","pcType":"DATE","precision":23,"scale":3,"columnIndex":9,"isKey":false,"isWaterMarkKey":false,"isExternalId":false,"isSfIdLookup":false,"isNullable":true,"isUnique":false,"isCreateable":false,"isUpdateable":true,"isFilterable":true,"isCalculated":false,"showLabel":false,"naturalOrder":9,"linkedFields":["STARTDATETIME"],"relatedInfos":[],"references":[]},{"@type":"field","id":119977622,"name":"ENDDATETIME","type":"timestamp","uniqueName":"ENDDATETIME","label":"ENDDATETIME","parentObject":"SF_COPY_EVENT","pcType":"DATE","precision":23,"scale":3,"columnIndex":10,"isKey":false,"isWaterMarkKey":false,"isExternalId":false,"isSfIdLookup":false,"isNullable":true,"isUnique":false,"isCreateable":false,"isUpdateable":true,"isFilterable":true,"isCalculated":false,"showLabel":false,"naturalOrder":10,"linkedFields":["ENDDATETIME"],"relatedInfos":[],"references":[]},{"@type":"field","id":119977623,"name":"ENDDATE","type":"timestamp","uniqueName":"ENDDATE","label":"ENDDATE","parentObject":"SF_COPY_EVENT","pcType":"DATE","precision":23,"scale":3,"columnIndex":11,"isKey":false,"isWaterMarkKey":false,"isExternalId":false,"isSfIdLookup":false,"isNullable":true,"isUnique":false,"isCreateable":false,"isUpdateable":true,"isFilterable":true,"isCalculated":false,"showLabel":false,"naturalOrder":11,"linkedFields":["ENDDATE"],"relatedInfos":[],"references":[]},{"@type":"field","id":119977624,"name":"DESCRIPTION","type":"ntext","uniqueName":"DESCRIPTION","label":"DESCRIPTION","parentObject":"SF_COPY_EVENT","pcType":"UNISTRING","precision":32000,"scale":0,"columnIndex":12,"isKey":false,"isWaterMarkKey":false,"isExternalId":false,"isSfIdLookup":false,"isNullable":true,"isUnique":false,"isCreateable":false,"isUpdateable":true,"isFilterable":false,"isCalculated":false,"showLabel":false,"naturalOrder":12,"linkedFields":["DESCRIPTION"],"relatedInfos":[],"references":[]},{"@type":"field","id":119977625,"name":"ACCOUNTID","type":"nvarchar","uniqueName":"ACCOUNTID","label":"ACCOUNTID","parentObject":"SF_COPY_EVENT","pcType":"UNISTRING","precision":18,"scale":0,"columnIndex":13,"isKey":false,"isWaterMarkKey":false,"isExternalId":false,"isSfIdLookup":false,"isNullable":true,"isUnique":false,"isCreateable":false,"isUpdateable":true,"isFilterable":true,"isCalculated":false,"showLabel":false,"naturalOrder":13,"linkedFields":["ACCOUNTID"],"relatedInfos":[],"references":[]},{"@type":"field","id":119977626,"name":"OWNERID","type":"nvarchar","uniqueName":"OWNERID","label":"OWNERID","parentObject":"SF_COPY_EVENT","pcType":"UNISTRING","precision":18,"scale":0,"columnIndex":14,"isKey":false,"isWaterMarkKey":false,"isExternalId":false,"isSfIdLookup":false,"isNullable":true,"isUnique":false,"isCreateable":false,"isUpdateable":true,"isFilterable":true,"isCalculated":false,"showLabel":false,"naturalOrder":14,"linkedFields":["OWNERID"],"relatedInfos":[],"references":[]},{"@type":"field","id":119977627,"name":"ISPRIVATE","type":"integer","uniqueName":"ISPRIVATE","label":"ISPRIVATE","parentObject":"SF_COPY_EVENT","pcType":"INT","precision":10,"scale":0,"columnIndex":15,"isKey":false,"isWaterMarkKey":false,"isExternalId":false,"isSfIdLookup":false,"isNullable":true,"isUnique":false,"isCreateable":false,"isUpdateable":true,"isFilterable":true,"isCalculated":false,"showLabel":false,"naturalOrder":15,"linkedFields":["ISPRIVATE"],"relatedInfos":[],"references":[]},{"@type":"field","id":119977628,"name":"SHOWAS","type":"nvarchar","uniqueName":"SHOWAS","label":"SHOWAS","parentObject":"SF_COPY_EVENT","pcType":"UNISTRING","precision":40,"scale":0,"columnIndex":16,"isKey":false,"isWaterMarkKey":false,"isExternalId":false,"isSfIdLookup":false,"isNullable":true,"isUnique":false,"isCreateable":false,"isUpdateable":true,"isFilterable":true,"isCalculated":false,"showLabel":false,"naturalOrder":16,"linkedFields":["SHOWAS"],"relatedInfos":[],"references":[]},{"@type":"field","id":119977629,"name":"ISDELETED","type":"integer","uniqueName":"ISDELETED","label":"ISDELETED","parentObject":"SF_COPY_EVENT","pcType":"INT","precision":10,"scale":0,"columnIndex":17,"isKey":false,"isWaterMarkKey":false,"isExternalId":false,"isSfIdLookup":false,"isNullable":true,"isUnique":false,"isCreateable":false,"isUpdateable":true,"isFilterable":true,"isCalculated":false,"showLabel":false,"naturalOrder":17,"linkedFields":["ISDELETED"],"relatedInfos":[],"references":[]},{"@type":"field","id":119977630,"name":"ISCHILD","type":"integer","uniqueName":"ISCHILD","label":"ISCHILD","parentObject":"SF_COPY_EVENT","pcType":"INT","precision":10,"scale":0,"columnIndex":18,"isKey":false,"isWaterMarkKey":false,"isExternalId":false,"isSfIdLookup":false,"isNullable":true,"isUnique":false,"isCreateable":false,"isUpdateable":true,"isFilterable":true,"isCalculated":false,"showLabel":false,"naturalOrder":18,"linkedFields":["ISCHILD"],"relatedInfos":[],"references":[]},{"@type":"field","id":119977631,"name":"ISGROUPEVENT","type":"integer","uniqueName":"ISGROUPEVENT","label":"ISGROUPEVENT","parentObject":"SF_COPY_EVENT","pcType":"INT","precision":10,"scale":0,"columnIndex":19,"isKey":false,"isWaterMarkKey":false,"isExternalId":false,"isSfIdLookup":false,"isNullable":true,"isUnique":false,"isCreateable":false,"isUpdateable":true,"isFilterable":true,"isCalculated":false,"showLabel":false,"naturalOrder":19,"linkedFields":["ISGROUPEVENT"],"relatedInfos":[],"references":[]},{"@type":"field","id":119977632,"name":"GROUPEVENTTYPE","type":"nvarchar","uniqueName":"GROUPEVENTTYPE","label":"GROUPEVENTTYPE","parentObject":"SF_COPY_EVENT","pcType":"UNISTRING","precision":40,"scale":0,"columnIndex":20,"isKey":false,"isWaterMarkKey":false,"isExternalId":false,"isSfIdLookup":false,"isNullable":true,"isUnique":false,"isCreateable":false,"isUpdateable":true,"isFilterable":true,"isCalculated":false,"showLabel":false,"naturalOrder":20,"linkedFields":["GROUPEVENTTYPE"],"relatedInfos":[],"references":[]},{"@type":"field","id":119977633,"name":"CREATEDDATE","type":"timestamp","uniqueName":"CREATEDDATE","label":"CREATEDDATE","parentObject":"SF_COPY_EVENT","pcType":"DATE","precision":23,"scale":3,"columnIndex":21,"isKey":false,"isWaterMarkKey":false,"isExternalId":false,"isSfIdLookup":false,"isNullable":true,"isUnique":false,"isCreateable":false,"isUpdateable":true,"isFilterable":true,"isCalculated":false,"showLabel":false,"naturalOrder":21,"linkedFields":["CREATEDDATE"],"relatedInfos":[],"references":[]},{"@type":"field","id":119977634,"name":"CREATEDBYID","type":"nvarchar","uniqueName":"CREATEDBYID","label":"CREATEDBYID","parentObject":"SF_COPY_EVENT","pcType":"UNISTRING","precision":18,"scale":0,"columnIndex":22,"isKey":false,"isWaterMarkKey":false,"isExternalId":false,"isSfIdLookup":false,"isNullable":true,"isUnique":false,"isCreateable":false,"isUpdateable":true,"isFilterable":true,"isCalculated":false,"showLabel":false,"naturalOrder":22,"linkedFields":["CREATEDBYID"],"relatedInfos":[],"references":[]},{"@type":"field","id":119977635,"name":"LASTMODIFIEDDATE","type":"timestamp","uniqueName":"LASTMODIFIEDDATE","label":"LASTMODIFIEDDATE","parentObject":"SF_COPY_EVENT","pcType":"DATE","precision":23,"scale":3,"columnIndex":23,"isKey":false,"isWaterMarkKey":false,"isExternalId":false,"isSfIdLookup":false,"isNullable":true,"isUnique":false,"isCreateable":false,"isUpdateable":true,"isFilterable":true,"isCalculated":false,"showLabel":false,"naturalOrder":23,"linkedFields":["LASTMODIFIEDDATE"],"relatedInfos":[],"references":[]},{"@type":"field","id":119977636,"name":"LASTMODIFIEDBYID","type":"nvarchar","uniqueName":"LASTMODIFIEDBYID","label":"LASTMODIFIEDBYID","parentObject":"SF_COPY_EVENT","pcType":"UNISTRING","precision":18,"scale":0,"columnIndex":24,"isKey":false,"isWaterMarkKey":false,"isExternalId":false,"isSfIdLookup":false,"isNullable":true,"isUnique":false,"isCreateable":false,"isUpdateable":true,"isFilterable":true,"isCalculated":false,"showLabel":false,"naturalOrder":24,"linkedFields":["LASTMODIFIEDBYID"],"relatedInfos":[],"references":[]},{"@type":"field","id":119977637,"name":"SYSTEMMODSTAMP","type":"timestamp","uniqueName":"SYSTEMMODSTAMP","label":"SYSTEMMODSTAMP","parentObject":"SF_COPY_EVENT","pcType":"DATE","precision":23,"scale":3,"columnIndex":25,"isKey":false,"isWaterMarkKey":false,"isExternalId":false,"isSfIdLookup":false,"isNullable":true,"isUnique":false,"isCreateable":false,"isUpdateable":true,"isFilterable":true,"isCalculated":false,"showLabel":false,"naturalOrder":25,"linkedFields":["SYSTEMMODSTAMP"],"relatedInfos":[],"references":[]},{"@type":"field","id":119977638,"name":"ISARCHIVED","type":"integer","uniqueName":"ISARCHIVED","label":"ISARCHIVED","parentObject":"SF_COPY_EVENT","pcType":"INT","precision":10,"scale":0,"columnIndex":26,"isKey":false,"isWaterMarkKey":false,"isExternalId":false,"isSfIdLookup":false,"isNullable":true,"isUnique":false,"isCreateable":false,"isUpdateable":true,"isFilterable":true,"isCalculated":false,"showLabel":false,"naturalOrder":26,"linkedFields":["ISARCHIVED"],"relatedInfos":[],"references":[]},{"@type":"field","id":119977639,"name":"RECURRENCEACTIVITYID","type":"nvarchar","uniqueName":"RECURRENCEACTIVITYID","label":"RECURRENCEACTIVITYID","parentObject":"SF_COPY_EVENT","pcType":"UNISTRING","precision":18,"scale":0,"columnIndex":27,"isKey":false,"isWaterMarkKey":false,"isExternalId":false,"isSfIdLookup":false,"isNullable":true,"isUnique":false,"isCreateable":false,"isUpdateable":true,"isFilterable":true,"isCalculated":false,"showLabel":false,"naturalOrder":27,"linkedFields":["RECURRENCEACTIVITYID"],"relatedInfos":[],"references":[]},{"@type":"field","id":119977640,"name":"ISRECURRENCE","type":"integer","uniqueName":"ISRECURRENCE","label":"ISRECURRENCE","parentObject":"SF_COPY_EVENT","pcType":"INT","precision":10,"scale":0,"columnIndex":28,"isKey":false,"isWaterMarkKey":false,"isExternalId":false,"isSfIdLookup":false,"isNullable":true,"isUnique":false,"isCreateable":false,"isUpdateable":true,"isFilterable":true,"isCalculated":false,"showLabel":false,"naturalOrder":28,"linkedFields":["ISRECURRENCE"],"relatedInfos":[],"references":[]},{"@type":"field","id":119977641,"name":"RECURRENCESTARTDATETIME","type":"timestamp","uniqueName":"RECURRENCESTARTDATETIME","label":"RECURRENCESTARTDATETIME","parentObject":"SF_COPY_EVENT","pcType":"DATE","precision":23,"scale":3,"columnIndex":29,"isKey":false,"isWaterMarkKey":false,"isExternalId":false,"isSfIdLookup":false,"isNullable":true,"isUnique":false,"isCreateable":false,"isUpdateable":true,"isFilterable":true,"isCalculated":false,"showLabel":false,"naturalOrder":29,"linkedFields":["RECURRENCESTARTDATETIME"],"relatedInfos":[],"references":[]},{"@type":"field","id":119977642,"name":"RECURRENCEENDDATEONLY","type":"timestamp","uniqueName":"RECURRENCEENDDATEONLY","label":"RECURRENCEENDDATEONLY","parentObject":"SF_COPY_EVENT","pcType":"DATE","precision":23,"scale":3,"columnIndex":30,"isKey":false,"isWaterMarkKey":false,"isExternalId":false,"isSfIdLookup":false,"isNullable":true,"isUnique":false,"isCreateable":false,"isUpdateable":true,"isFilterable":true,"isCalculated":false,"showLabel":false,"naturalOrder":30,"linkedFields":["RECURRENCEENDDATEONLY"],"relatedInfos":[],"references":[]},{"@type":"field","id":119977643,"name":"RECURRENCETIMEZONESIDKEY","type":"nvarchar","uniqueName":"RECURRENCETIMEZONESIDKEY","label":"RECURRENCETIMEZONESIDKEY","parentObject":"SF_COPY_EVENT","pcType":"UNISTRING","precision":40,"scale":0,"columnIndex":31,"isKey":false,"isWaterMarkKey":false,"isExternalId":false,"isSfIdLookup":false,"isNullable":true,"isUnique":false,"isCreateable":false,"isUpdateable":true,"isFilterable":true,"isCalculated":false,"showLabel":false,"naturalOrder":31,"linkedFields":["RECURRENCETIMEZONESIDKEY"],"relatedInfos":[],"references":[]},{"@type":"field","id":119977644,"name":"RECURRENCETYPE","type":"nvarchar","uniqueName":"RECURRENCETYPE","label":"RECURRENCETYPE","parentObject":"SF_COPY_EVENT","pcType":"UNISTRING","precision":40,"scale":0,"columnIndex":32,"isKey":false,"isWaterMarkKey":false,"isExternalId":false,"isSfIdLookup":false,"isNullable":true,"isUnique":false,"isCreateable":false,"isUpdateable":true,"isFilterable":true,"isCalculated":false,"showLabel":false,"naturalOrder":32,"linkedFields":["RECURRENCETYPE"],"relatedInfos":[],"references":[]},{"@type":"field","id":119977645,"name":"RECURRENCEINTERVAL","type":"integer","uniqueName":"RECURRENCEINTERVAL","label":"RECURRENCEINTERVAL","parentObject":"SF_COPY_EVENT","pcType":"INT","precision":10,"scale":0,"columnIndex":33,"isKey":false,"isWaterMarkKey":false,"isExternalId":false,"isSfIdLookup":false,"isNullable":true,"isUnique":false,"isCreateable":false,"isUpdateable":true,"isFilterable":true,"isCalculated":false,"showLabel":false,"naturalOrder":33,"linkedFields":["RECURRENCEINTERVAL"],"relatedInfos":[],"references":[]},{"@type":"field","id":119977646,"name":"RECURRENCEDAYOFWEEKMASK","type":"integer","uniqueName":"RECURRENCEDAYOFWEEKMASK","label":"RECURRENCEDAYOFWEEKMASK","parentObject":"SF_COPY_EVENT","pcType":"INT","precision":10,"scale":0,"columnIndex":34,"isKey":false,"isWaterMarkKey":false,"isExternalId":false,"isSfIdLookup":false,"isNullable":true,"isUnique":false,"isCreateable":false,"isUpdateable":true,"isFilterable":true,"isCalculated":false,"showLabel":false,"naturalOrder":34,"linkedFields":["RECURRENCEDAYOFWEEKMASK"],"relatedInfos":[],"references":[]},{"@type":"field","id":119977647,"name":"RECURRENCEDAYOFMONTH","type":"integer","uniqueName":"RECURRENCEDAYOFMONTH","label":"RECURRENCEDAYOFMONTH","parentObject":"SF_COPY_EVENT","pcType":"INT","precision":10,"scale":0,"columnIndex":35,"isKey":false,"isWaterMarkKey":false,"isExternalId":false,"isSfIdLookup":false,"isNullable":true,"isUnique":false,"isCreateable":false,"isUpdateable":true,"isFilterable":true,"isCalculated":false,"showLabel":false,"naturalOrder":35,"linkedFields":["RECURRENCEDAYOFMONTH"],"relatedInfos":[],"references":[]},{"@type":"field","id":119977648,"name":"RECURRENCEINSTANCE","type":"nvarchar","uniqueName":"RECURRENCEINSTANCE","label":"RECURRENCEINSTANCE","parentObject":"SF_COPY_EVENT","pcType":"UNISTRING","precision":40,"scale":0,"columnIndex":36,"isKey":false,"isWaterMarkKey":false,"isExternalId":false,"isSfIdLookup":false,"isNullable":true,"isUnique":false,"isCreateable":false,"isUpdateable":true,"isFilterable":true,"isCalculated":false,"showLabel":false,"naturalOrder":36,"linkedFields":["RECURRENCEINSTANCE"],"relatedInfos":[],"references":[]},{"@type":"field","id":119977649,"name":"RECURRENCEMONTHOFYEAR","type":"nvarchar","uniqueName":"RECURRENCEMONTHOFYEAR","label":"RECURRENCEMONTHOFYEAR","parentObject":"SF_COPY_EVENT","pcType":"UNISTRING","precision":40,"scale":0,"columnIndex":37,"isKey":false,"isWaterMarkKey":false,"isExternalId":false,"isSfIdLookup":false,"isNullable":true,"isUnique":false,"isCreateable":false,"isUpdateable":true,"isFilterable":true,"isCalculated":false,"showLabel":false,"naturalOrder":37,"linkedFields":["RECURRENCEMONTHOFYEAR"],"relatedInfos":[],"references":[]},{"@type":"field","id":119977650,"name":"REMINDERDATETIME","type":"timestamp","uniqueName":"REMINDERDATETIME","label":"REMINDERDATETIME","parentObject":"SF_COPY_EVENT","pcType":"DATE","precision":23,"scale":3,"columnIndex":38,"isKey":false,"isWaterMarkKey":false,"isExternalId":false,"isSfIdLookup":false,"isNullable":true,"isUnique":false,"isCreateable":false,"isUpdateable":true,"isFilterable":true,"isCalculated":false,"showLabel":false,"naturalOrder":38,"linkedFields":["REMINDERDATETIME"],"relatedInfos":[],"references":[]},{"@type":"field","id":119977651,"name":"ISREMINDERSET","type":"integer","uniqueName":"ISREMINDERSET","label":"ISREMINDERSET","parentObject":"SF_COPY_EVENT","pcType":"INT","precision":10,"scale":0,"columnIndex":39,"isKey":false,"isWaterMarkKey":false,"isExternalId":false,"isSfIdLookup":false,"isNullable":true,"isUnique":false,"isCreateable":false,"isUpdateable":true,"isFilterable":true,"isCalculated":false,"showLabel":false,"naturalOrder":39,"linkedFields":["ISREMINDERSET"],"relatedInfos":[],"references":[]},{"@type":"field","id":119977652,"name":"EVENTSUBTYPE","type":"nvarchar","uniqueName":"EVENTSUBTYPE","label":"EVENTSUBTYPE","parentObject":"SF_COPY_EVENT","pcType":"UNISTRING","precision":40,"scale":0,"columnIndex":40,"isKey":false,"isWaterMarkKey":false,"isExternalId":false,"isSfIdLookup":false,"isNullable":true,"isUnique":false,"isCreateable":false,"isUpdateable":true,"isFilterable":true,"isCalculated":false,"showLabel":false,"naturalOrder":40,"linkedFields":["EVENTSUBTYPE"],"relatedInfos":[],"references":[]},{"@type":"field","id":119977653,"name":"ISRECURRENCE2EXCLUSION","type":"integer","uniqueName":"ISRECURRENCE2EXCLUSION","label":"ISRECURRENCE2EXCLUSION","parentObject":"SF_COPY_EVENT","pcType":"INT","precision":10,"scale":0,"columnIndex":41,"isKey":false,"isWaterMarkKey":false,"isExternalId":false,"isSfIdLookup":false,"isNullable":true,"isUnique":false,"isCreateable":false,"isUpdateable":true,"isFilterable":true,"isCalculated":false,"showLabel":false,"naturalOrder":41,"linkedFields":["ISRECURRENCE2EXCLUSION"],"relatedInfos":[],"references":[]},{"@type":"field","id":119977654,"name":"RECURRENCE2PATTERNTEXT","type":"nvarchar","uniqueName":"RECURRENCE2PATTERNTEXT","label":"RECURRENCE2PATTERNTEXT","parentObject":"SF_COPY_EVENT","pcType":"UNISTRING","precision":512,"scale":0,"columnIndex":42,"isKey":false,"isWaterMarkKey":false,"isExternalId":false,"isSfIdLookup":false,"isNullable":true,"isUnique":false,"isCreateable":false,"isUpdateable":true,"isFilterable":true,"isCalculated":false,"showLabel":false,"naturalOrder":42,"linkedFields":["RECURRENCE2PATTERNTEXT"],"relatedInfos":[],"references":[]},{"@type":"field","id":119977655,"name":"RECURRENCE2PATTERNVERSION","type":"nvarchar","uniqueName":"RECURRENCE2PATTERNVERSION","label":"RECURRENCE2PATTERNVERSION","parentObject":"SF_COPY_EVENT","pcType":"UNISTRING","precision":40,"scale":0,"columnIndex":43,"isKey":false,"isWaterMarkKey":false,"isExternalId":false,"isSfIdLookup":false,"isNullable":true,"isUnique":false,"isCreateable":false,"isUpdateable":true,"isFilterable":true,"isCalculated":false,"showLabel":false,"naturalOrder":43,"linkedFields":["RECURRENCE2PATTERNVERSION"],"relatedInfos":[],"references":[]},{"@type":"field","id":119977656,"name":"ISRECURRENCE2","type":"integer","uniqueName":"ISRECURRENCE2","label":"ISRECURRENCE2","parentObject":"SF_COPY_EVENT","pcType":"INT","precision":10,"scale":0,"columnIndex":44,"isKey":false,"isWaterMarkKey":false,"isExternalId":false,"isSfIdLookup":false,"isNullable":true,"isUnique":false,"isCreateable":false,"isUpdateable":true,"isFilterable":true,"isCalculated":false,"showLabel":false,"naturalOrder":44,"linkedFields":["ISRECURRENCE2"],"relatedInfos":[],"references":[]},{"@type":"field","id":119977657,"name":"ISRECURRENCE2EXCEPTION","type":"integer","uniqueName":"ISRECURRENCE2EXCEPTION","label":"ISRECURRENCE2EXCEPTION","parentObject":"SF_COPY_EVENT","pcType":"INT","precision":10,"scale":0,"columnIndex":45,"isKey":false,"isWaterMarkKey":false,"isExternalId":false,"isSfIdLookup":false,"isNullable":true,"isUnique":false,"isCreateable":false,"isUpdateable":true,"isFilterable":true,"isCalculated":false,"showLabel":false,"naturalOrder":45,"linkedFields":["ISRECURRENCE2EXCEPTION"],"relatedInfos":[],"references":[]},{"@type":"field","id":119977658,"name":"RECURRENCE2PATTERNSTARTDATE","type":"timestamp","uniqueName":"RECURRENCE2PATTERNSTARTDATE","label":"RECURRENCE2PATTERNSTARTDATE","parentObject":"SF_COPY_EVENT","pcType":"DATE","precision":23,"scale":3,"columnIndex":46,"isKey":false,"isWaterMarkKey":false,"isExternalId":false,"isSfIdLookup":false,"isNullable":true,"isUnique":false,"isCreateable":false,"isUpdateable":true,"isFilterable":true,"isCalculated":false,"showLabel":false,"naturalOrder":46,"linkedFields":["RECURRENCE2PATTERNSTARTDATE"],"relatedInfos":[],"references":[]},{"@type":"field","id":119977659,"name":"RECURRENCE2PATTERNTIMEZONE","type":"nvarchar","uniqueName":"RECURRENCE2PATTERNTIMEZONE","label":"RECURRENCE2PATTERNTIMEZONE","parentObject":"SF_COPY_EVENT","pcType":"UNISTRING","precision":255,"scale":0,"columnIndex":47,"isKey":false,"isWaterMarkKey":false,"isExternalId":false,"isSfIdLookup":false,"isNullable":true,"isUnique":false,"isCreateable":false,"isUpdateable":true,"isFilterable":true,"isCalculated":false,"showLabel":false,"naturalOrder":47,"linkedFields":["RECURRENCE2PATTERNTIMEZONE"],"relatedInfos":[],"references":[]},{"@type":"field","id":119977660,"name":"SERVICEAPPOINTMENTID","type":"nvarchar","uniqueName":"SERVICEAPPOINTMENTID","label":"SERVICEAPPOINTMENTID","parentObject":"SF_COPY_EVENT","pcType":"UNISTRING","precision":18,"scale":0,"columnIndex":48,"isKey":false,"isWaterMarkKey":false,"isExternalId":false,"isSfIdLookup":false,"isNullable":true,"isUnique":false,"isCreateable":false,"isUpdateable":true,"isFilterable":true,"isCalculated":false,"showLabel":false,"naturalOrder":48,"linkedFields":["SERVICEAPPOINTMENTID"],"relatedInfos":[],"references":[]}],"sortFields":[],"groupFields":[]}]