{
  "objectInfo" : {
    "id" : "ijT0aXsWqsjeXFUBkaYPCX",
    "name" : "tf_TSdecom_TechnologyAllowance",
    "type" : "TASKFLOW",
    "metadata" : {
      "modelVersion" : {
        "major" : 1,
        "minor" : 0
      },
      "repoInfo" : {
        "repoHandle" : "gqRQciSrZMSPfXB-gt-624768-2022-02-25T03:22:41.12Z::tf.xml"
      },
      "contextAttributes" : null,
      "additionalInfo" : {
        "description" : "TF to load Technology Allowance tables",
        "contentType" : "application/json; charset=utf-8",
        "documentState" : "VALID"
      }
    }
  },
  "dataFileExtension" : "xml",
  "objectRefs" : [ {
    "id" : "6ZSCf8bFrhSc5p8wlys1sZ",
    "name" : "mt_TSdecom_TechnologyAllowance_Application",
    "type" : "MTT",
    "metadata" : {
      "modelVersion" : {
        "major" : 0,
        "minor" : 0
      },
      "repoInfo" : {
        "repoHandle" : "019EVC0Z00000000008H"
      },
      "contextAttributes" : null,
      "additionalInfo" : {
        "description" : "ETL for TechnologyAllowance_Application",
        "contentType" : "JSON",
        "documentState" : "VALID"
      }
    },
    "path" : "/Explore/Government/Completed_Mapping_Tasks"
  }, {
    "id" : "1Iq9XbS4fbmfrdhL3k8qGF",
    "name" : "mt_TSdecom_TechnologyAllowance_Batch",
    "type" : "MTT",
    "metadata" : {
      "modelVersion" : {
        "major" : 0,
        "minor" : 0
      },
      "repoInfo" : {
        "repoHandle" : "019EVC0Z00000000008M"
      },
      "contextAttributes" : null,
      "additionalInfo" : {
        "description" : "ETL for TechnologyAllowance_Batch",
        "contentType" : "JSON",
        "documentState" : "VALID"
      }
    },
    "path" : "/Explore/Government/Completed_Mapping_Tasks"
  }, {
    "id" : "0xPNpQEkvPhignotKh224e",
    "name" : "mt_TSdecom_TechnologyAllowance_Classification",
    "type" : "MTT",
    "metadata" : {
      "modelVersion" : {
        "major" : 0,
        "minor" : 0
      },
      "repoInfo" : {
        "repoHandle" : "019EVC0Z0000000000AF"
      },
      "contextAttributes" : null,
      "additionalInfo" : {
        "description" : "ETL for TechnologyAllowance_Classification",
        "contentType" : "JSON",
        "documentState" : "VALID"
      }
    },
    "path" : "/Explore/Government/Completed_Mapping_Tasks"
  }, {
    "id" : "8tx8uliPaeckN1hcjPCG2F",
    "name" : "mt_TSdecom_TechnologyAllowance_Award",
    "type" : "MTT",
    "metadata" : {
      "modelVersion" : {
        "major" : 0,
        "minor" : 0
      },
      "repoInfo" : {
        "repoHandle" : "019EVC0Z00000000008S"
      },
      "contextAttributes" : null,
      "additionalInfo" : {
        "description" : "ETL for TechnologyAllowance_Award",
        "contentType" : "JSON",
        "documentState" : "VALID"
      }
    },
    "path" : "/Explore/Government/Completed_Mapping_Tasks"
  }, {
    "id" : "9riNQzLSdgGb4NAwjrLB27",
    "name" : "mt_TSdecom_TechnologyAllowance_Student",
    "type" : "MTT",
    "metadata" : {
      "modelVersion" : {
        "major" : 0,
        "minor" : 0
      },
      "repoInfo" : {
        "repoHandle" : "019EVC0Z00000000009O"
      },
      "contextAttributes" : null,
      "additionalInfo" : {
        "description" : "ETL for TechnologyAllowance_Student",
        "contentType" : "JSON",
        "documentState" : "VALID"
      }
    },
    "path" : "/Explore/Government/Completed_Mapping_Tasks"
  }, {
    "id" : "cCg9GNvxXYxd006TMy90gf",
    "name" : "mt_TSdecom_TechnologyAllowance_User",
    "type" : "MTT",
    "metadata" : {
      "modelVersion" : {
        "major" : 0,
        "minor" : 0
      },
      "repoInfo" : {
        "repoHandle" : "019EVC0Z00000000009Y"
      },
      "contextAttributes" : null,
      "additionalInfo" : {
        "description" : "ETL for TechnologyAllowance_User",
        "contentType" : "JSON",
        "documentState" : "VALID"
      }
    },
    "path" : "/Explore/Government/Completed_Mapping_Tasks"
  }, {
    "id" : "2aDHroM9wiJeAcvNcvov4H",
    "name" : "mt_TSdecom_TechnologyAllowance_ApplicationStatus",
    "type" : "MTT",
    "metadata" : {
      "modelVersion" : {
        "major" : 0,
        "minor" : 0
      },
      "repoInfo" : {
        "repoHandle" : "019EVC0Z00000000009E"
      },
      "contextAttributes" : null,
      "additionalInfo" : {
        "description" : "ETL for TechnologyAllowance_ApplicationStatus",
        "contentType" : "JSON",
        "documentState" : "VALID"
      }
    },
    "path" : "/Explore/Government/Completed_Mapping_Tasks"
  } ]
}