{
  "objectInfo" : {
    "id" : "5p8RGxg1E6XjDlwZnWaa44",
    "name" : "tf_TSdecom_Procare",
    "type" : "TASKFLOW",
    "metadata" : {
      "modelVersion" : {
        "major" : 1,
        "minor" : 0
      },
      "repoInfo" : {
        "repoHandle" : "XycotFgpKi9zhFt-gt-4443556-2021-11-13T03:53:42.802Z::tf.xml"
      },
      "contextAttributes" : null,
      "additionalInfo" : {
        "description" : "TF for updating tables fromProcare tables into DataStaging for the TSReport DB decommission",
        "contentType" : "application/json; charset=utf-8",
        "documentState" : "VALID"
      }
    }
  },
  "dataFileExtension" : "xml",
  "objectRefs" : [ {
    "id" : "akE0VkS0Mznc3hRI6u5wMf",
    "name" : "mt_TSdecom_Procare_PR_PayCheckGrossPay",
    "type" : "MTT",
    "metadata" : {
      "modelVersion" : {
        "major" : 0,
        "minor" : 0
      },
      "repoInfo" : {
        "repoHandle" : "019EVC0Z00000000008K"
      },
      "contextAttributes" : null,
      "additionalInfo" : {
        "description" : "ETL for Procare_PR_PayCheckGrossPay",
        "contentType" : "JSON",
        "documentState" : "VALID"
      }
    },
    "path" : "/Explore/Government/Completed_Mapping_Tasks"
  }, {
    "id" : "6Hye1JuKyGxj9DTS6ZmPwE",
    "name" : "mt_TSdecom_Procare_PR_WithholdingGroup",
    "type" : "MTT",
    "metadata" : {
      "modelVersion" : {
        "major" : 0,
        "minor" : 0
      },
      "repoInfo" : {
        "repoHandle" : "019EVC0Z00000000008R"
      },
      "contextAttributes" : null,
      "additionalInfo" : {
        "description" : "ETL for Procare_PR_WithholdingGroup",
        "contentType" : "JSON",
        "documentState" : "VALID"
      }
    },
    "path" : "/Explore/Government/Completed_Mapping_Tasks"
  }, {
    "id" : "1dRJV1zfj0Oe8eVJVDMEQ2",
    "name" : "mt_TSdecom_Procare_AR_DepositReportDetail",
    "type" : "MTT",
    "metadata" : {
      "modelVersion" : {
        "major" : 0,
        "minor" : 0
      },
      "repoInfo" : {
        "repoHandle" : "019EVC0Z00000000009S"
      },
      "contextAttributes" : null,
      "additionalInfo" : {
        "description" : "ETL for Procare_AR_DepositReportDetail",
        "contentType" : "JSON",
        "documentState" : "VALID"
      }
    },
    "path" : "/Explore/Government/Completed_Mapping_Tasks"
  }, {
    "id" : "06k3WS3eLe7bKoOIra2a6o",
    "name" : "mt_TSdecom_Procare_G_PersonPhoneNumber",
    "type" : "MTT",
    "metadata" : {
      "modelVersion" : {
        "major" : 0,
        "minor" : 0
      },
      "repoInfo" : {
        "repoHandle" : "019EVC0Z00000000008W"
      },
      "contextAttributes" : null,
      "additionalInfo" : {
        "description" : "ETL for Procare_G_PersonPhoneNumber",
        "contentType" : "JSON",
        "documentState" : "VALID"
      }
    },
    "path" : "/Explore/Government/Completed_Mapping_Tasks"
  }, {
    "id" : "49dnHBZpcoId1DCvuBcMcY",
    "name" : "mt_TSdecom_Procare_PR_PayCheckSummary",
    "type" : "MTT",
    "metadata" : {
      "modelVersion" : {
        "major" : 0,
        "minor" : 0
      },
      "repoInfo" : {
        "repoHandle" : "019EVC0Z0000000000A3"
      },
      "contextAttributes" : null,
      "additionalInfo" : {
        "description" : "ETL for Procare_PR_PayCheckSummary",
        "contentType" : "JSON",
        "documentState" : "VALID"
      }
    },
    "path" : "/Explore/Government/Completed_Mapping_Tasks"
  }, {
    "id" : "bDBhB6wIJqHgyooovPOcma",
    "name" : "mt_TSdecom_Procare_AP_CheckDetail",
    "type" : "MTT",
    "metadata" : {
      "modelVersion" : {
        "major" : 0,
        "minor" : 0
      },
      "repoInfo" : {
        "repoHandle" : "019EVC0Z00000000009C"
      },
      "contextAttributes" : null,
      "additionalInfo" : {
        "description" : "ETL for Procare_AP_CheckDetail",
        "contentType" : "JSON",
        "documentState" : "VALID"
      }
    },
    "path" : "/Explore/Government/Completed_Mapping_Tasks"
  }, {
    "id" : "0Rji4Zq1fojcZW2Iz4LpgB",
    "name" : "mt_TSdecom_Procare_AR_DepositReport",
    "type" : "MTT",
    "metadata" : {
      "modelVersion" : {
        "major" : 0,
        "minor" : 0
      },
      "repoInfo" : {
        "repoHandle" : "019EVC0Z00000000009Q"
      },
      "contextAttributes" : null,
      "additionalInfo" : {
        "description" : "ETL for Procare_AR_DepositReport",
        "contentType" : "JSON",
        "documentState" : "VALID"
      }
    },
    "path" : "/Explore/Government/Completed_Mapping_Tasks"
  }, {
    "id" : "5hkOA142eOZgJr3NJ75QQ6",
    "name" : "mt_TSdecom_Procare_G_Regions",
    "type" : "MTT",
    "metadata" : {
      "modelVersion" : {
        "major" : 0,
        "minor" : 0
      },
      "repoInfo" : {
        "repoHandle" : "019EVC0Z00000000008O"
      },
      "contextAttributes" : null,
      "additionalInfo" : {
        "description" : "ETL for Procare_G_Regions",
        "contentType" : "JSON",
        "documentState" : "VALID"
      }
    },
    "path" : "/Explore/Government/Completed_Mapping_Tasks"
  }, {
    "id" : "4Zlb9cMVGRmhfnCSokEyau",
    "name" : "mt_TSdecom_Procare_G_ExposureSchool",
    "type" : "MTT",
    "metadata" : {
      "modelVersion" : {
        "major" : 0,
        "minor" : 0
      },
      "repoInfo" : {
        "repoHandle" : "019EVC0Z0000000000CU"
      },
      "contextAttributes" : null,
      "additionalInfo" : {
        "description" : "ETL for Procare G Exposure School data to Data Staging",
        "contentType" : "JSON",
        "documentState" : "VALID"
      }
    },
    "path" : "/Explore/Government/Completed_Mapping_Tasks"
  }, {
    "id" : "fm0lswhglGBldTxlyNA4uF",
    "name" : "mt_TSdecom_Procare_PR_PayCode",
    "type" : "MTT",
    "metadata" : {
      "modelVersion" : {
        "major" : 0,
        "minor" : 0
      },
      "repoInfo" : {
        "repoHandle" : "019EVC0Z00000000008E"
      },
      "contextAttributes" : null,
      "additionalInfo" : {
        "description" : "ETL for Procare_PR_PayCode",
        "contentType" : "JSON",
        "documentState" : "VALID"
      }
    },
    "path" : "/Explore/Government/Completed_Mapping_Tasks"
  }, {
    "id" : "5pX1w83GLYEkmQxSwRiE2g",
    "name" : "mt_TSdecom_Procare_AP_CheckSummary",
    "type" : "MTT",
    "metadata" : {
      "modelVersion" : {
        "major" : 0,
        "minor" : 0
      },
      "repoInfo" : {
        "repoHandle" : "019EVC0Z0000000000A5"
      },
      "contextAttributes" : null,
      "additionalInfo" : {
        "description" : "ETL for Procare_AP_Vendor",
        "contentType" : "JSON",
        "documentState" : "VALID"
      }
    },
    "path" : "/Explore/Government/Completed_Mapping_Tasks"
  }, {
    "id" : "0AnavC64YIicfnoYPk7ewZ",
    "name" : "mt_TSdecom_Procare_AR_TimeCard",
    "type" : "MTT",
    "metadata" : {
      "modelVersion" : {
        "major" : 0,
        "minor" : 0
      },
      "repoInfo" : {
        "repoHandle" : "019EVC0Z0000000000A4"
      },
      "contextAttributes" : null,
      "additionalInfo" : {
        "description" : "ETL for Procare_AR_TimeCard",
        "contentType" : "JSON",
        "documentState" : "VALID"
      }
    },
    "path" : "/Explore/Government/Completed_Mapping_Tasks"
  }, {
    "id" : "6p73mQykSmzcDKafcRJYCQ",
    "name" : "mt_TSdecom_Procare_AR_AccountPayorRel",
    "type" : "MTT",
    "metadata" : {
      "modelVersion" : {
        "major" : 0,
        "minor" : 0
      },
      "repoInfo" : {
        "repoHandle" : "019EVC0Z0000000000AI"
      },
      "contextAttributes" : null,
      "additionalInfo" : {
        "description" : "ETL for Procare_AR_AccountPayorRel",
        "contentType" : "JSON",
        "documentState" : "VALID"
      }
    },
    "path" : "/Explore/Government/Completed_Mapping_Tasks"
  }, {
    "id" : "4MGrjhuqUgTfifzug5AJA7",
    "name" : "mt_TSdecom_Procare_Fund_ARAccounts",
    "type" : "MTT",
    "metadata" : {
      "modelVersion" : {
        "major" : 0,
        "minor" : 0
      },
      "repoInfo" : {
        "repoHandle" : "019EVC0Z0000000000CR"
      },
      "contextAttributes" : null,
      "additionalInfo" : {
        "description" : "ETL to move data from Procare Fund ARAccounts to Data Staging",
        "contentType" : "JSON",
        "documentState" : "VALID"
      }
    },
    "path" : "/Explore/Government/Completed_Mapping_Tasks"
  }, {
    "id" : "c3IsecB2CuRfRRBX9pLRWr",
    "name" : "mt_TSdecom_Procare_AP_Vendor",
    "type" : "MTT",
    "metadata" : {
      "modelVersion" : {
        "major" : 0,
        "minor" : 0
      },
      "repoInfo" : {
        "repoHandle" : "019EVC0Z00000000008T"
      },
      "contextAttributes" : null,
      "additionalInfo" : {
        "description" : "ETL for Procare_AP_Vendor",
        "contentType" : "JSON",
        "documentState" : "VALID"
      }
    },
    "path" : "/Explore/Government/Completed_Mapping_Tasks"
  }, {
    "id" : "0KmsqkvfhSOcqk8GzgZi6l",
    "name" : "mt_TSdecom_Procare_G_ExposureRegion",
    "type" : "MTT",
    "metadata" : {
      "modelVersion" : {
        "major" : 0,
        "minor" : 0
      },
      "repoInfo" : {
        "repoHandle" : "019EVC0Z0000000000CV"
      },
      "contextAttributes" : null,
      "additionalInfo" : {
        "description" : "ETL for Procare G exposureRegion Data load into Data Staging",
        "contentType" : "JSON",
        "documentState" : "VALID"
      }
    },
    "path" : "/Explore/Government/Completed_Mapping_Tasks"
  }, {
    "id" : "9PXCT63gTaBjcN8jPtRGki",
    "name" : "mt_Tsdecom_Procare_Fund_ChargeCreditARAccount",
    "type" : "MTT",
    "metadata" : {
      "modelVersion" : {
        "major" : 0,
        "minor" : 0
      },
      "repoInfo" : {
        "repoHandle" : "019EVC0Z0000000000CW"
      },
      "contextAttributes" : null,
      "additionalInfo" : {
        "description" : "ETL for Procare_Fund_ChargeCreditARAccount data load into Data Staging",
        "contentType" : "JSON",
        "documentState" : "VALID"
      }
    },
    "path" : "/Explore/Government/Completed_Mapping_Tasks"
  }, {
    "id" : "6FwHddDCDt8lk16tXKLswl",
    "name" : "mt_TSdecom_Procare_G_Department",
    "type" : "MTT",
    "metadata" : {
      "modelVersion" : {
        "major" : 0,
        "minor" : 0
      },
      "repoInfo" : {
        "repoHandle" : "019EVC0Z0000000000AE"
      },
      "contextAttributes" : null,
      "additionalInfo" : {
        "description" : "ETL for Procare_G_Department",
        "contentType" : "JSON",
        "documentState" : "VALID"
      }
    },
    "path" : "/Explore/Government/Completed_Mapping_Tasks"
  }, {
    "id" : "ewblj5HA6yLdwfDVyfbagv",
    "name" : "mt_TSdecom_Procare_G_OptionsRegion",
    "type" : "MTT",
    "metadata" : {
      "modelVersion" : {
        "major" : 0,
        "minor" : 0
      },
      "repoInfo" : {
        "repoHandle" : "019EVC0Z00000000009L"
      },
      "contextAttributes" : null,
      "additionalInfo" : {
        "description" : "ETL for Procare_G_OptionsRegion",
        "contentType" : "JSON",
        "documentState" : "VALID"
      }
    },
    "path" : "/Explore/Government/Completed_Mapping_Tasks"
  }, {
    "id" : "bFjvKPTzTGFblDrdA98BaD",
    "name" : "mt_TSdecom_Procare_G_ProcareUser",
    "type" : "MTT",
    "metadata" : {
      "modelVersion" : {
        "major" : 0,
        "minor" : 0
      },
      "repoInfo" : {
        "repoHandle" : "019EVC0Z0000000000A0"
      },
      "contextAttributes" : null,
      "additionalInfo" : {
        "description" : "ETL for Procare_G_ProcareUser",
        "contentType" : "JSON",
        "documentState" : "VALID"
      }
    },
    "path" : "/Explore/Government/Completed_Mapping_Tasks"
  }, {
    "id" : "edEGUiKq8KkloYpxlqgOQv",
    "name" : "mt_TSdecom_Procare_G_PersonAddress",
    "type" : "MTT",
    "metadata" : {
      "modelVersion" : {
        "major" : 0,
        "minor" : 0
      },
      "repoInfo" : {
        "repoHandle" : "019EVC0Z00000000009J"
      },
      "contextAttributes" : null,
      "additionalInfo" : {
        "description" : "ETL for Procare_G_PersonAddress",
        "contentType" : "JSON",
        "documentState" : "VALID"
      }
    },
    "path" : "/Explore/Government/Completed_Mapping_Tasks"
  }, {
    "id" : "1wU3vPtpXgGiImHhHXhJqK",
    "name" : "mt_TSdecom_Procare_PR_MiscExpenses",
    "type" : "MTT",
    "metadata" : {
      "modelVersion" : {
        "major" : 0,
        "minor" : 0
      },
      "repoInfo" : {
        "repoHandle" : "019EVC0Z00000000009K"
      },
      "contextAttributes" : null,
      "additionalInfo" : {
        "description" : "ETL for Procare_PR_MiscExpenses",
        "contentType" : "JSON",
        "documentState" : "VALID"
      }
    },
    "path" : "/Explore/Government/Completed_Mapping_Tasks"
  }, {
    "id" : "aoixGYp22QGkeW1pYxGN6x",
    "name" : "mt_TSdecom_Procare_GL_GeneralJournalDetail",
    "type" : "MTT",
    "metadata" : {
      "modelVersion" : {
        "major" : 0,
        "minor" : 0
      },
      "repoInfo" : {
        "repoHandle" : "019EVC0Z0000000000A1"
      },
      "contextAttributes" : null,
      "additionalInfo" : {
        "description" : "ETL for Procare_GL_GeneralJournalDetail",
        "contentType" : "JSON",
        "documentState" : "VALID"
      }
    },
    "path" : "/Explore/Government/Completed_Mapping_Tasks"
  }, {
    "id" : "0i35zwVmQaPh8pdfwuLrYi",
    "name" : "mt_TSdecom_Procare_PR_PayCheckWithholding",
    "type" : "MTT",
    "metadata" : {
      "modelVersion" : {
        "major" : 0,
        "minor" : 0
      },
      "repoInfo" : {
        "repoHandle" : "019EVC0Z00000000009W"
      },
      "contextAttributes" : null,
      "additionalInfo" : {
        "description" : "ETL for Procare_PR_PayCheckWithholding",
        "contentType" : "JSON",
        "documentState" : "VALID"
      }
    },
    "path" : "/Explore/Government/Completed_Mapping_Tasks"
  }, {
    "id" : "745rbN1pGA1i0ewPjBgiaI",
    "name" : "mt_TSdecom_Procare_G_OptionDefault",
    "type" : "MTT",
    "metadata" : {
      "modelVersion" : {
        "major" : 0,
        "minor" : 0
      },
      "repoInfo" : {
        "repoHandle" : "019EVC0Z0000000000CT"
      },
      "contextAttributes" : null,
      "additionalInfo" : {
        "description" : "ETL for Procare G_Option Default data into Data Staging",
        "contentType" : "JSON",
        "documentState" : "VALID"
      }
    },
    "path" : "/Explore/Government/Completed_Mapping_Tasks"
  }, {
    "id" : "79P0TFerRaNbwMQw86Km2G",
    "name" : "mt_TSdecom_Procare_GL_GeneralJournal",
    "type" : "MTT",
    "metadata" : {
      "modelVersion" : {
        "major" : 0,
        "minor" : 0
      },
      "repoInfo" : {
        "repoHandle" : "019EVC0Z00000000009Z"
      },
      "contextAttributes" : null,
      "additionalInfo" : {
        "description" : "ETL for Procare_GL_GeneralJournal",
        "contentType" : "JSON",
        "documentState" : "VALID"
      }
    },
    "path" : "/Explore/Government/Completed_Mapping_Tasks"
  }, {
    "id" : "b09QpPXnPyff9rcevqxJqP",
    "name" : "mt_TSdecom_Procare_G_OptionsSchool",
    "type" : "MTT",
    "metadata" : {
      "modelVersion" : {
        "major" : 0,
        "minor" : 0
      },
      "repoInfo" : {
        "repoHandle" : "019EVC0Z0000000000CS"
      },
      "contextAttributes" : null,
      "additionalInfo" : {
        "description" : "ETL for Procare G_Option School data into Data Staging",
        "contentType" : "JSON",
        "documentState" : "VALID"
      }
    },
    "path" : "/Explore/Government/Completed_Mapping_Tasks"
  } ]
}