{
  "objectInfo" : {
    "id" : "1PsHODOEGkzfBlYNc6DfKy",
    "name" : "tf_Tsdecom_IntertribalES",
    "type" : "TASKFLOW",
    "metadata" : {
      "modelVersion" : {
        "major" : 1,
        "minor" : 0
      },
      "repoInfo" : {
        "repoHandle" : "f3eIsoZduD2L5Se-gt-4478034-2021-11-13T13:40:00.09Z::tf.xml"
      },
      "contextAttributes" : null,
      "additionalInfo" : {
        "description" : "TF for updating tables from IntertribalES tables into DataStaging for the TSReport DB decommission",
        "contentType" : "application/json; charset=utf-8",
        "documentState" : "VALID"
      }
    }
  },
  "dataFileExtension" : "xml",
  "objectRefs" : [ {
    "id" : "63tU8rh5Bthc6u3hj5oRcU",
    "name" : "mt_TSdecom_IntertribalES_Vendors",
    "type" : "MTT",
    "metadata" : {
      "modelVersion" : {
        "major" : 0,
        "minor" : 0
      },
      "repoInfo" : {
        "repoHandle" : "019EVC0Z000000000098"
      },
      "contextAttributes" : null,
      "additionalInfo" : {
        "description" : "ETL for IntertribalES_Vendors",
        "contentType" : "JSON",
        "documentState" : "VALID"
      }
    },
    "path" : "/Explore/Government/Completed_Mapping_Tasks"
  }, {
    "id" : "gO0VT82piquiEYrMtXFxWN",
    "name" : "mt_TSdecom_IntertribalES_refDenialReasons",
    "type" : "MTT",
    "metadata" : {
      "modelVersion" : {
        "major" : 0,
        "minor" : 0
      },
      "repoInfo" : {
        "repoHandle" : "019EVC0Z0000000000JM"
      },
      "contextAttributes" : null,
      "additionalInfo" : {
        "description" : "ETL for Data from IntertribalES to DataStaging",
        "contentType" : "JSON",
        "documentState" : "VALID"
      }
    },
    "path" : "/Explore/Government/Completed_Mapping_Tasks"
  }, {
    "id" : "4KAmMrJMqqtitXChTpdS0Z",
    "name" : "mt_TSdecom_IntertribalES_refStatusReason",
    "type" : "MTT",
    "metadata" : {
      "modelVersion" : {
        "major" : 0,
        "minor" : 0
      },
      "repoInfo" : {
        "repoHandle" : "019EVC0Z0000000000DU"
      },
      "contextAttributes" : null,
      "additionalInfo" : {
        "description" : "ETL for IntertribalES_refStatusReason data into Data Staging",
        "contentType" : "JSON",
        "documentState" : "VALID"
      }
    },
    "path" : "/Explore/Government/Completed_Mapping_Tasks"
  } ]
}