{
  "objectInfo" : {
    "id" : "2ECOxjrnyeSbtMTkhV1YIj",
    "name" : "tf_TSdecom_IntertribalChoHE",
    "type" : "TASKFLOW",
    "metadata" : {
      "modelVersion" : {
        "major" : 1,
        "minor" : 0
      },
      "repoInfo" : {
        "repoHandle" : "6ETyxKf3eFhBJQW-gt-4580628-2021-11-13T12:48:41.935Z::tf.xml"
      },
      "contextAttributes" : null,
      "additionalInfo" : {
        "description" : "TF for updating tables fromIntertribalChoHE tables into DataStaging for the TSReport DB decommission",
        "contentType" : "application/json; charset=utf-8",
        "documentState" : "VALID"
      }
    }
  },
  "dataFileExtension" : "xml",
  "objectRefs" : [ {
    "id" : "2iaevF00njnhHIw0AoCU6d",
    "name" : "mt_TSdecom_IntertribalChoHE_refApplicationDenialReasons",
    "type" : "MTT",
    "metadata" : {
      "modelVersion" : {
        "major" : 0,
        "minor" : 0
      },
      "repoInfo" : {
        "repoHandle" : "019EVC0Z00000000008Y"
      },
      "contextAttributes" : null,
      "additionalInfo" : {
        "description" : "ETL for IntertribalChoHE_refApplicationDenialReasons",
        "contentType" : "JSON",
        "documentState" : "VALID"
      }
    },
    "path" : "/Explore/Government/Completed_Mapping_Tasks"
  }, {
    "id" : "7jcriH5vKmdhWgwBnuKLo7",
    "name" : "mt_TSdecom_IntertribalChoHE_refSchoolYear",
    "type" : "MTT",
    "metadata" : {
      "modelVersion" : {
        "major" : 0,
        "minor" : 0
      },
      "repoInfo" : {
        "repoHandle" : "019EVC0Z0000000000KD"
      },
      "contextAttributes" : null,
      "additionalInfo" : {
        "description" : "ETL for IntertribalChoHE_refSchoolYear data into DataStaging.",
        "contentType" : "JSON",
        "documentState" : "VALID"
      }
    },
    "path" : "/Explore/Government/Completed_Mapping_Tasks"
  }, {
    "id" : "9Szlp9QBxqrjFpRT7Ppj6w",
    "name" : "mt_TSdecom_IntertribalChoHE_refStudentClassification",
    "type" : "MTT",
    "metadata" : {
      "modelVersion" : {
        "major" : 0,
        "minor" : 0
      },
      "repoInfo" : {
        "repoHandle" : "019EVC0Z0000000000I1"
      },
      "contextAttributes" : null,
      "additionalInfo" : {
        "description" : "ETL for IntertribalChoHE_refStudentClassifications data into DataStaging.",
        "contentType" : "JSON",
        "documentState" : "VALID"
      }
    },
    "path" : "/Explore/Government/Completed_Mapping_Tasks"
  }, {
    "id" : "3WMnwkAlj1geLTmk1BVqS1",
    "name" : "mt_TSdecom_IntertribalChoHE_CCPrograms",
    "type" : "MTT",
    "metadata" : {
      "modelVersion" : {
        "major" : 0,
        "minor" : 0
      },
      "repoInfo" : {
        "repoHandle" : "019EVC0Z0000000000CG"
      },
      "contextAttributes" : null,
      "additionalInfo" : {
        "description" : "ETL for IntertribalChoHE_CCPrograms data into DataStaging.",
        "contentType" : "JSON",
        "documentState" : "VALID"
      }
    },
    "path" : "/Explore/Government/Completed_Mapping_Tasks"
  }, {
    "id" : "e6pdn6LJjeIdFl5UgGGUAK",
    "name" : "mt_TSdecom_IntertribalChoHE_refSemester",
    "type" : "MTT",
    "metadata" : {
      "modelVersion" : {
        "major" : 0,
        "minor" : 0
      },
      "repoInfo" : {
        "repoHandle" : "019EVC0Z0000000000I0"
      },
      "contextAttributes" : null,
      "additionalInfo" : {
        "description" : "ETL for IntertribalChoHE_CCPrograms data into DataStaging.",
        "contentType" : "JSON",
        "documentState" : "VALID"
      }
    },
    "path" : "/Explore/Government/Completed_Mapping_Tasks"
  }, {
    "id" : "dnjikmdXAwvbZaXn9oSusv",
    "name" : "mt_TSdecom_IntertribalChoHE_refSuspensionType",
    "type" : "MTT",
    "metadata" : {
      "modelVersion" : {
        "major" : 0,
        "minor" : 0
      },
      "repoInfo" : {
        "repoHandle" : "019EVC0Z0000000000CE"
      },
      "contextAttributes" : null,
      "additionalInfo" : {
        "description" : "ETL for IntertribalChoHE_refSuspensionType data into DataStaging",
        "contentType" : "JSON",
        "documentState" : "VALID"
      }
    },
    "path" : "/Explore/Government/Completed_Mapping_Tasks"
  }, {
    "id" : "gr1dJScSkOClynYMBdk3Cd",
    "name" : "mt_TSdecom_IntertribalChoHE_refSchoolType",
    "type" : "MTT",
    "metadata" : {
      "modelVersion" : {
        "major" : 0,
        "minor" : 0
      },
      "repoInfo" : {
        "repoHandle" : "019EVC0Z0000000000HX"
      },
      "contextAttributes" : null,
      "additionalInfo" : {
        "description" : "ETL for IntertribalChoHE_CCPrograms data into DataStaging.",
        "contentType" : "JSON",
        "documentState" : "VALID"
      }
    },
    "path" : "/Explore/Government/Completed_Mapping_Tasks"
  }, {
    "id" : "d80huu4s6WQi7g0YK3n8IH",
    "name" : "mt_TSdecom_IntertribalChoHE_refStudentType",
    "type" : "MTT",
    "metadata" : {
      "modelVersion" : {
        "major" : 0,
        "minor" : 0
      },
      "repoInfo" : {
        "repoHandle" : "019EVC0Z0000000000I5"
      },
      "contextAttributes" : null,
      "additionalInfo" : {
        "description" : "ETL for IntertribalChoHE_refStudentType data into DataStaging.",
        "contentType" : "JSON",
        "documentState" : "VALID"
      }
    },
    "path" : "/Explore/Government/Completed_Mapping_Tasks"
  }, {
    "id" : "jbmUKeTUyo7hJAvwNJYUIm",
    "name" : "mt_TSdecom_IntertribalChoHE_refDegreeSought",
    "type" : "MTT",
    "metadata" : {
      "modelVersion" : {
        "major" : 0,
        "minor" : 0
      },
      "repoInfo" : {
        "repoHandle" : "019EVC0Z0000000000I3"
      },
      "contextAttributes" : null,
      "additionalInfo" : {
        "description" : "ETL for IntertribalChoHE_refDegreeSought data into DataStaging.",
        "contentType" : "JSON",
        "documentState" : "VALID"
      }
    },
    "path" : "/Explore/Government/Completed_Mapping_Tasks"
  }, {
    "id" : "5LnSHX6px59dMKmrDryVa3",
    "name" : "mt_TSdecom_IntertribalChoHE_refOutcomes",
    "type" : "MTT",
    "metadata" : {
      "modelVersion" : {
        "major" : 0,
        "minor" : 0
      },
      "repoInfo" : {
        "repoHandle" : "019EVC0Z0000000000I4"
      },
      "contextAttributes" : null,
      "additionalInfo" : {
        "description" : "ETL for IntertribalChoHE_refOutcomes data into DataStaging.",
        "contentType" : "JSON",
        "documentState" : "VALID"
      }
    },
    "path" : "/Explore/Government/Completed_Mapping_Tasks"
  }, {
    "id" : "eJW40V8wMCjjJ7xvR72RM7",
    "name" : "mt_TSdecom_IntertribalChoHE_Applications",
    "type" : "MTT",
    "metadata" : {
      "modelVersion" : {
        "major" : 0,
        "minor" : 0
      },
      "repoInfo" : {
        "repoHandle" : "019EVC0Z0000000000I6"
      },
      "contextAttributes" : null,
      "additionalInfo" : {
        "description" : "ETL for IntertribalChoHE_Application data into DataStaging.",
        "contentType" : "JSON",
        "documentState" : "VALID"
      }
    },
    "path" : "/Explore/Government/Completed_Mapping_Tasks"
  }, {
    "id" : "d347nMQoEgad5XjnKcYz06",
    "name" : "mt_TSdecom_IntertribalChoHE_refApplicationStatuses",
    "type" : "MTT",
    "metadata" : {
      "modelVersion" : {
        "major" : 0,
        "minor" : 0
      },
      "repoInfo" : {
        "repoHandle" : "019EVC0Z0000000000I2"
      },
      "contextAttributes" : null,
      "additionalInfo" : {
        "description" : "ETL for IntertribalChoHE_refApplicationstatuses data into DataStaging.",
        "contentType" : "JSON",
        "documentState" : "VALID"
      }
    },
    "path" : "/Explore/Government/Completed_Mapping_Tasks"
  }, {
    "id" : "buidh54qrKuhYvEIAOJmIO",
    "name" : "mt_TSdecom_IntertribalChoHE_Vendors",
    "type" : "MTT",
    "metadata" : {
      "modelVersion" : {
        "major" : 0,
        "minor" : 0
      },
      "repoInfo" : {
        "repoHandle" : "019EVC0Z0000000000KA"
      },
      "contextAttributes" : null,
      "additionalInfo" : {
        "description" : "ETL for IntertribalChoHE_Vendors data into DataStaging.",
        "contentType" : "JSON",
        "documentState" : "VALID"
      }
    },
    "path" : "/Explore/Government/Completed_Mapping_Tasks"
  }, {
    "id" : "ceQOTYkRDAieb3wUqZarCv",
    "name" : "mt_TSdecom_IntertribalChoHE_Grades",
    "type" : "MTT",
    "metadata" : {
      "modelVersion" : {
        "major" : 0,
        "minor" : 0
      },
      "repoInfo" : {
        "repoHandle" : "019EVC0Z0000000000AH"
      },
      "contextAttributes" : null,
      "additionalInfo" : {
        "description" : "ETL for IntertribalChoHE_Grades",
        "contentType" : "JSON",
        "documentState" : "VALID"
      }
    },
    "path" : "/Explore/Government/Completed_Mapping_Tasks"
  }, {
    "id" : "7CIMfbI36IHjXZiqrjVRyq",
    "name" : "mt_TSdecom_IntertribalChoHE_Payments",
    "type" : "MTT",
    "metadata" : {
      "modelVersion" : {
        "major" : 0,
        "minor" : 0
      },
      "repoInfo" : {
        "repoHandle" : "019EVC0Z0000000000I7"
      },
      "contextAttributes" : null,
      "additionalInfo" : {
        "description" : "ETL for IntertribalChoHE_Payments data into DataStaging.",
        "contentType" : "JSON",
        "documentState" : "VALID"
      }
    },
    "path" : "/Explore/Government/Completed_Mapping_Tasks"
  } ]
}