{
  "objectInfo" : {
    "id" : "2CLF7WAxNL5bMWVjA0GK06",
    "name" : "tf_Tsdecom_VoterRegistration",
    "type" : "TASKFLOW",
    "metadata" : {
      "modelVersion" : {
        "major" : 1,
        "minor" : 0
      },
      "repoInfo" : {
        "repoHandle" : "abdpIO3M4WwOC2X-gt-4586620-2021-11-13T14:00:18.015Z::tf.xml"
      },
      "contextAttributes" : null,
      "additionalInfo" : {
        "description" : "TF for updating tables fromVoterRegistration tables into DataStaging for the TSReport DB decommission",
        "contentType" : "application/json; charset=utf-8",
        "documentState" : "VALID"
      }
    }
  },
  "dataFileExtension" : "xml",
  "objectRefs" : [ {
    "id" : "1noAZSJeCMRe5VIBjKty8B",
    "name" : "mt_TSdecom_VoterRegistration_Users",
    "type" : "MTT",
    "metadata" : {
      "modelVersion" : {
        "major" : 0,
        "minor" : 0
      },
      "repoInfo" : {
        "repoHandle" : "019EVC0Z0000000000DQ"
      },
      "contextAttributes" : null,
      "additionalInfo" : {
        "description" : "ETL for VoterRegistration_Users data into Data Staging",
        "contentType" : "JSON",
        "documentState" : "VALID"
      }
    },
    "path" : "/Explore/Government/Completed_Mapping_Tasks"
  }, {
    "id" : "4mrfC1kQuwjjTimi9ZAj6A",
    "name" : "mt_TSdecom_VoterRegistration_ElectionListTypes",
    "type" : "MTT",
    "metadata" : {
      "modelVersion" : {
        "major" : 0,
        "minor" : 0
      },
      "repoInfo" : {
        "repoHandle" : "019EVC0Z0000000000DP"
      },
      "contextAttributes" : null,
      "additionalInfo" : {
        "description" : "ETL for VoterRegistration_ElectionListTypes data into Data Staging",
        "contentType" : "JSON",
        "documentState" : "VALID"
      }
    },
    "path" : "/Explore/Government/Completed_Mapping_Tasks"
  }, {
    "id" : "a9xMAahexQPh0L6iekNcMD",
    "name" : "mt_TSdecom_VoterRegistration_Voters",
    "type" : "MTT",
    "metadata" : {
      "modelVersion" : {
        "major" : 0,
        "minor" : 0
      },
      "repoInfo" : {
        "repoHandle" : "019EVC0Z0000000000DR"
      },
      "contextAttributes" : null,
      "additionalInfo" : {
        "description" : "ETL for VoterRegistration_Voters data into Data Stagy=ing",
        "contentType" : "JSON",
        "documentState" : "VALID"
      }
    },
    "path" : "/Explore/Government/Completed_Mapping_Tasks"
  }, {
    "id" : "7CXlgqBRJA1hjOX0iVdj0n",
    "name" : "mt_TSdecom_VoterRegistration_ElectionLists",
    "type" : "MTT",
    "metadata" : {
      "modelVersion" : {
        "major" : 0,
        "minor" : 0
      },
      "repoInfo" : {
        "repoHandle" : "019EVC0Z0000000000DO"
      },
      "contextAttributes" : null,
      "additionalInfo" : {
        "description" : "ETL for VoterRegistration_ElectionLists data into Data Staging",
        "contentType" : "JSON",
        "documentState" : "VALID"
      }
    },
    "path" : "/Explore/Government/Completed_Mapping_Tasks"
  }, {
    "id" : "aCM4xcYO478fCctt8Pspag",
    "name" : "mt_TSdecom_VoterRegistration_VoterSourceTypes",
    "type" : "MTT",
    "metadata" : {
      "modelVersion" : {
        "major" : 0,
        "minor" : 0
      },
      "repoInfo" : {
        "repoHandle" : "019EVC0Z0000000000DS"
      },
      "contextAttributes" : null,
      "additionalInfo" : {
        "description" : "ETL for VoterRegistration__VoterSourceTypes data into Data Staging",
        "contentType" : "JSON",
        "documentState" : "VALID"
      }
    },
    "path" : "/Explore/Government/Completed_Mapping_Tasks"
  }, {
    "id" : "9lHYEaSiu4cg7NGwxZqDAa",
    "name" : "mt_TSdecom_VoterRegistration_ElectionHistories",
    "type" : "MTT",
    "metadata" : {
      "modelVersion" : {
        "major" : 0,
        "minor" : 0
      },
      "repoInfo" : {
        "repoHandle" : "019EVC0Z000000000091"
      },
      "contextAttributes" : null,
      "additionalInfo" : {
        "description" : "ETL for VoterRegistration_ElectionHistories data into Data Staging",
        "contentType" : "JSON",
        "documentState" : "VALID"
      }
    },
    "path" : "/Explore/Government/Completed_Mapping_Tasks"
  }, {
    "id" : "4HG6VXHZS6ZdmFFNg5m90G",
    "name" : "mt_TSdecom_VoterRegistration_Elections",
    "type" : "MTT",
    "metadata" : {
      "modelVersion" : {
        "major" : 0,
        "minor" : 0
      },
      "repoInfo" : {
        "repoHandle" : "019EVC0Z00000000008J"
      },
      "contextAttributes" : null,
      "additionalInfo" : {
        "description" : "ETL for VoterRegistration_Elections",
        "contentType" : "JSON",
        "documentState" : "VALID"
      }
    },
    "path" : "/Explore/Government/Completed_Mapping_Tasks"
  }, {
    "id" : "14PYCsGDEAzjs95JW6ECSk",
    "name" : "mt_TSdecom_VoterRegistration_Addresses",
    "type" : "MTT",
    "metadata" : {
      "modelVersion" : {
        "major" : 0,
        "minor" : 0
      },
      "repoInfo" : {
        "repoHandle" : "019EVC0Z0000000000DL"
      },
      "contextAttributes" : null,
      "additionalInfo" : {
        "description" : "ETL for VoterRegistration_Addresses data into Data Staging",
        "contentType" : "JSON",
        "documentState" : "VALID"
      }
    },
    "path" : "/Explore/Government/Completed_Mapping_Tasks"
  }, {
    "id" : "2lr55ZlYQesgOX4f7DDvQ0",
    "name" : "mt_TSdecom_VoterRegistration_DeceasedStates",
    "type" : "MTT",
    "metadata" : {
      "modelVersion" : {
        "major" : 0,
        "minor" : 0
      },
      "repoInfo" : {
        "repoHandle" : "019EVC0Z0000000000DN"
      },
      "contextAttributes" : null,
      "additionalInfo" : {
        "description" : "ETL for VoterRegistration_DeceasedStates data into Data Staging",
        "contentType" : "JSON",
        "documentState" : "VALID"
      }
    },
    "path" : "/Explore/Government/Completed_Mapping_Tasks"
  }, {
    "id" : "4bTkB94hmYbcwp0SwdNVu6",
    "name" : "mt_TSdecom_VoterRegistration_VoterVotingDistricts",
    "type" : "MTT",
    "metadata" : {
      "modelVersion" : {
        "major" : 0,
        "minor" : 0
      },
      "repoInfo" : {
        "repoHandle" : "019EVC0Z0000000000DT"
      },
      "contextAttributes" : null,
      "additionalInfo" : {
        "description" : "ETL for VoterRegistration_VoterVotingDistricts data into Data Staging",
        "contentType" : "JSON",
        "documentState" : "VALID"
      }
    },
    "path" : "/Explore/Government/Completed_Mapping_Tasks"
  }, {
    "id" : "9IdgNbPHJoRiGzNdw6svSh",
    "name" : "mt_TSdecom_VoterRegistration_AddressTypes",
    "type" : "MTT",
    "metadata" : {
      "modelVersion" : {
        "major" : 0,
        "minor" : 0
      },
      "repoInfo" : {
        "repoHandle" : "019EVC0Z0000000000DM"
      },
      "contextAttributes" : null,
      "additionalInfo" : {
        "description" : "ETL for VoterRegistration_AddressTypes data into Data Staging",
        "contentType" : "JSON",
        "documentState" : "VALID"
      }
    },
    "path" : "/Explore/Government/Completed_Mapping_Tasks"
  } ]
}