{
  "objectInfo" : {
    "id" : "35IqfleEdU2eq8Ab4y1RGd",
    "name" : "tf_TSdecom_IntertribalChoSSAF",
    "type" : "TASKFLOW",
    "metadata" : {
      "modelVersion" : {
        "major" : 1,
        "minor" : 0
      },
      "repoInfo" : {
        "repoHandle" : "MfVMTonQYWeIssj-gt-4581007-2021-11-13T12:52:08.562Z::tf.xml"
      },
      "contextAttributes" : null,
      "additionalInfo" : {
        "description" : "TF for updating tables fromIntertribalChoSSAF tables into DataStaging for the TSReport DB decommission",
        "contentType" : "application/json; charset=utf-8",
        "documentState" : "VALID"
      }
    }
  },
  "dataFileExtension" : "xml",
  "objectRefs" : [ {
    "id" : "dEx3Bq9a78mkghHZq8kAS9",
    "name" : "mt_TSdecom_IntertribalChoSSAF_refDefaultVendor",
    "type" : "MTT",
    "metadata" : {
      "modelVersion" : {
        "major" : 0,
        "minor" : 0
      },
      "repoInfo" : {
        "repoHandle" : "019EVC0Z00000000008V"
      },
      "contextAttributes" : null,
      "additionalInfo" : {
        "description" : "ETL for IntertribalChoSSAF_refDefaultVendor",
        "contentType" : null,
        "documentState" : "VALID"
      }
    },
    "path" : "/Explore/Government/Completed_Mapping_Tasks"
  }, {
    "id" : "2QEXMkgq2WpejJzlXo9ysZ",
    "name" : "mt_TSdecom_IntertribalChoSSAF_ActivityNotes",
    "type" : "MTT",
    "metadata" : {
      "modelVersion" : {
        "major" : 0,
        "minor" : 0
      },
      "repoInfo" : {
        "repoHandle" : "019EVC0Z0000000000A2"
      },
      "contextAttributes" : null,
      "additionalInfo" : {
        "description" : "ETL for IntertribalChoSSAF_ActivityNotes",
        "contentType" : null,
        "documentState" : "VALID"
      }
    },
    "path" : "/Explore/Government/Completed_Mapping_Tasks"
  } ]
}