{
  "objectInfo" : {
    "id" : "1CN4w0aRem3fL1Pni7okmv",
    "name" : "tf_TSdecom_TELI",
    "type" : "TASKFLOW",
    "metadata" : {
      "modelVersion" : {
        "major" : 1,
        "minor" : 0
      },
      "repoInfo" : {
        "repoHandle" : "qYXPiciT6sFsdsF-gt-9644544-2022-01-26T19:11:05.426Z::tf.xml"
      },
      "contextAttributes" : null,
      "additionalInfo" : {
        "description" : "ETLs for updating TELI tables",
        "contentType" : "application/json; charset=utf-8",
        "documentState" : "INVALID"
      }
    }
  },
  "dataFileExtension" : "xml",
  "objectRefs" : [ {
    "id" : "jLgprumkFyAl0VkizmzvuR",
    "name" : "mt_TSdecom_TELI_teli_AssessmentCutoffs",
    "type" : "MTT",
    "metadata" : {
      "modelVersion" : {
        "major" : 0,
        "minor" : 0
      },
      "repoInfo" : {
        "repoHandle" : "019EVB0Z00000000007F"
      },
      "contextAttributes" : null,
      "additionalInfo" : {
        "description" : "ETL for TELI teli AssessmentCutoffs data into Data Staging",
        "contentType" : "JSON",
        "documentState" : "VALID"
      }
    },
    "path" : "/Explore/Government/Completed_Mapping_Tasks"
  }, {
    "id" : "1rBZawUnFVMlKsQ75OWGex",
    "name" : "mt_TSdecom_TELI_cp_AssessmentScoresSource",
    "type" : "MTT",
    "metadata" : {
      "modelVersion" : {
        "major" : 0,
        "minor" : 0
      },
      "repoInfo" : {
        "repoHandle" : "019EVB0Z000000000073"
      },
      "contextAttributes" : null,
      "additionalInfo" : {
        "description" : "ETL for TELI cpAssessmentScoresSource data into Data Staging",
        "contentType" : "JSON",
        "documentState" : "VALID"
      }
    },
    "path" : "/Explore/Government/Completed_Mapping_Tasks"
  }, {
    "id" : "31OSYAcOBWLjlNpeVHHsom",
    "name" : "mt_TSdecom_TELI_teli_AssessmentPeriods",
    "type" : "MTT",
    "metadata" : {
      "modelVersion" : {
        "major" : 0,
        "minor" : 0
      },
      "repoInfo" : {
        "repoHandle" : "019EVB0Z00000000007B"
      },
      "contextAttributes" : null,
      "additionalInfo" : {
        "description" : "ETL for TELI telicAssessmentPeriods data into Data Staging",
        "contentType" : "JSON",
        "documentState" : "VALID"
      }
    },
    "path" : "/Explore/Government/Completed_Mapping_Tasks"
  }, {
    "id" : "37nqeukrMnNjR0yhZeKF8Y",
    "name" : "mt_TSdecom_TELI_teli_ScoreTypes",
    "type" : "MTT",
    "metadata" : {
      "modelVersion" : {
        "major" : 0,
        "minor" : 0
      },
      "repoInfo" : {
        "repoHandle" : "019EVB0Z00000000007H"
      },
      "contextAttributes" : null,
      "additionalInfo" : {
        "description" : "ETL for TELI teli ScoreTypesdata into Data Staging",
        "contentType" : "JSON",
        "documentState" : "VALID"
      }
    },
    "path" : "/Explore/Government/Completed_Mapping_Tasks"
  }, {
    "id" : "gi7cRRRyegtd5iFUogOMA1",
    "name" : "mt_TSdecom_Teli_cp_EnrollmentsSource",
    "type" : "MTT",
    "metadata" : {
      "modelVersion" : {
        "major" : 0,
        "minor" : 0
      },
      "repoInfo" : {
        "repoHandle" : "019EVB0Z000000000076"
      },
      "contextAttributes" : null,
      "additionalInfo" : {
        "description" : "ETL for Teli_cp_EnrollmentsSource",
        "contentType" : "JSON",
        "documentState" : "VALID"
      }
    },
    "path" : "/Explore/Government/Completed_Mapping_Tasks"
  }, {
    "id" : "4jPfgU40tEDjXh9R2X7cAK",
    "name" : "mt_TSdecom_TELI_bb_AssessmentSource",
    "type" : "MTT",
    "metadata" : {
      "modelVersion" : {
        "major" : 0,
        "minor" : 0
      },
      "repoInfo" : {
        "repoHandle" : "019EVB0Z000000000078"
      },
      "contextAttributes" : null,
      "additionalInfo" : {
        "description" : "ETL for TELI bb AssessmentSource data into Data Staging",
        "contentType" : "JSON",
        "documentState" : "VALID"
      }
    },
    "path" : "/Explore/Government/Completed_Mapping_Tasks"
  }, {
    "id" : "8sJuFAE3mA0hr92PTpZq2s",
    "name" : "mt_TSdecom_Teli_teli_ChildMaps",
    "type" : "MTT",
    "metadata" : {
      "modelVersion" : {
        "major" : 0,
        "minor" : 0
      },
      "repoInfo" : {
        "repoHandle" : "019EVB0Z00000000007D"
      },
      "contextAttributes" : null,
      "additionalInfo" : {
        "description" : "ETL for Teli_teli_ChildMaps",
        "contentType" : "JSON",
        "documentState" : "VALID"
      }
    },
    "path" : "/Explore/Government/Completed_Mapping_Tasks"
  }, {
    "id" : "jqE80OWrgEAkHPDSq2Tmmb",
    "name" : "mt_TSdecom_Teli_teli_Assessments",
    "type" : "MTT",
    "metadata" : {
      "modelVersion" : {
        "major" : 0,
        "minor" : 0
      },
      "repoInfo" : {
        "repoHandle" : "019EVB0Z000000000075"
      },
      "contextAttributes" : null,
      "additionalInfo" : {
        "description" : "ETL for Teli_teli_Assessments",
        "contentType" : "JSON",
        "documentState" : "VALID"
      }
    },
    "path" : "/Explore/Government/Completed_Mapping_Tasks"
  }, {
    "id" : "lLtyhCeHhWGlAb2onIwF8D",
    "name" : "mt_TSdecom_Teli_teli_Children",
    "type" : "MTT",
    "metadata" : {
      "modelVersion" : {
        "major" : 0,
        "minor" : 0
      },
      "repoInfo" : {
        "repoHandle" : "019EVB0Z00000000007G"
      },
      "contextAttributes" : null,
      "additionalInfo" : {
        "description" : "ETL for Teli_teli_Children",
        "contentType" : "JSON",
        "documentState" : "VALID"
      }
    },
    "path" : "/Explore/Government/Completed_Mapping_Tasks"
  }, {
    "id" : "0Hm0ezST9gnblE8DjX6qez",
    "name" : "mt_TSdecom_TELI_cp_AssessmentSource",
    "type" : "MTT",
    "metadata" : {
      "modelVersion" : {
        "major" : 0,
        "minor" : 0
      },
      "repoInfo" : {
        "repoHandle" : "019EVB0Z00000000007C"
      },
      "contextAttributes" : null,
      "additionalInfo" : {
        "description" : "ETL for TELI cp AssessmentSource data into Data Staging",
        "contentType" : "JSON",
        "documentState" : "VALID"
      }
    },
    "path" : "/Explore/Government/Completed_Mapping_Tasks"
  }, {
    "id" : "0onDfUwJ6QFiIL52Ddr8w8",
    "name" : "mt_TSdecom_TELI_bb_AssessmentScoresSource",
    "type" : "MTT",
    "metadata" : {
      "modelVersion" : {
        "major" : 0,
        "minor" : 0
      },
      "repoInfo" : {
        "repoHandle" : "019EVB0Z00000000007E"
      },
      "contextAttributes" : null,
      "additionalInfo" : {
        "description" : "ETL for TELI bb AssessmentScoresSource data into Data Staging",
        "contentType" : "JSON",
        "documentState" : "VALID"
      }
    },
    "path" : "/Explore/Government/Completed_Mapping_Tasks"
  }, {
    "id" : "02CXYdCjT0EiODpa26mUmU",
    "name" : "mt_TSdecom_Teli_Teli_programs",
    "type" : "MTT",
    "metadata" : {
      "modelVersion" : {
        "major" : 0,
        "minor" : 0
      },
      "repoInfo" : {
        "repoHandle" : "019EVB0Z000000000072"
      },
      "contextAttributes" : null,
      "additionalInfo" : {
        "description" : "ETL for Teli_Teli_programs",
        "contentType" : "JSON",
        "documentState" : "VALID"
      }
    },
    "path" : "/Explore/Government/Completed_Mapping_Tasks"
  }, {
    "id" : "80WBJ68fWslhPuycdZ06WT",
    "name" : "mt_TSdecom_Teli_bb_EnrollmentsSource",
    "type" : "MTT",
    "metadata" : {
      "modelVersion" : {
        "major" : 0,
        "minor" : 0
      },
      "repoInfo" : {
        "repoHandle" : "019EVB0Z00000000007J"
      },
      "contextAttributes" : null,
      "additionalInfo" : {
        "description" : "ETL for Teli_bb_EnrollmentsSource",
        "contentType" : "JSON",
        "documentState" : "VALID"
      }
    },
    "path" : "/Explore/Government/Completed_Mapping_Tasks"
  }, {
    "id" : "ahNRg6kt9QQizVgLDft6Ag",
    "name" : "mt_TSdecom_Teli_cca_EnrollmentsSource",
    "type" : "MTT",
    "metadata" : {
      "modelVersion" : {
        "major" : 0,
        "minor" : 0
      },
      "repoInfo" : {
        "repoHandle" : "019EVB0Z00000000007I"
      },
      "contextAttributes" : null,
      "additionalInfo" : {
        "description" : "ETL for Teli_cca_EnrollmentsSource",
        "contentType" : "JSON",
        "documentState" : "VALID"
      }
    },
    "path" : "/Explore/Government/Completed_Mapping_Tasks"
  }, {
    "id" : "fqsdF5or04Flv38i3lchAX",
    "name" : "mt_TSdecom_Teli_pc_EnrollmentsSource",
    "type" : "MTT",
    "metadata" : {
      "modelVersion" : {
        "major" : 0,
        "minor" : 0
      },
      "repoInfo" : {
        "repoHandle" : "019EVB0Z000000000077"
      },
      "contextAttributes" : null,
      "additionalInfo" : {
        "description" : "ETL for Teli_pc_EnrollmentsSource",
        "contentType" : "JSON",
        "documentState" : "VALID"
      }
    },
    "path" : "/Explore/Government/Completed_Mapping_Tasks"
  }, {
    "id" : "aGAlfI60mGqbVGpfiMjiwn",
    "name" : "mt_TSdecom_TELI_cp_ChildrenSource",
    "type" : "MTT",
    "metadata" : {
      "modelVersion" : {
        "major" : 0,
        "minor" : 0
      },
      "repoInfo" : {
        "repoHandle" : "019EVB0Z00000000007A"
      },
      "contextAttributes" : null,
      "additionalInfo" : {
        "description" : "ETL for TELI cp ChildrenSource data into Data Staging",
        "contentType" : "JSON",
        "documentState" : "VALID"
      }
    },
    "path" : "/Explore/Government/Completed_Mapping_Tasks"
  }, {
    "id" : "0Ep1zpKIPOhiGm6HFCQu6t",
    "name" : "mt_TSdecom_TELI_cca_ChildrenSource",
    "type" : "MTT",
    "metadata" : {
      "modelVersion" : {
        "major" : 0,
        "minor" : 0
      },
      "repoInfo" : {
        "repoHandle" : "019EVB0Z000000000074"
      },
      "contextAttributes" : null,
      "additionalInfo" : {
        "description" : "ETL for TELI cca ChildrenSource data into Data Staging",
        "contentType" : "JSON",
        "documentState" : "VALID"
      }
    },
    "path" : "/Explore/Government/Completed_Mapping_Tasks"
  }, {
    "id" : "aTzoZm8xzPJkG0Ov7nKs2d",
    "name" : "mt_TSdecom_TELI_bb_ChildrenSource",
    "type" : "MTT",
    "metadata" : {
      "modelVersion" : {
        "major" : 0,
        "minor" : 0
      },
      "repoInfo" : {
        "repoHandle" : "019EVB0Z000000000079"
      },
      "contextAttributes" : null,
      "additionalInfo" : {
        "description" : "ETL for TELI bb ChildrenSource data into Data Staging",
        "contentType" : "JSON",
        "documentState" : "VALID"
      }
    },
    "path" : "/Explore/Government/Completed_Mapping_Tasks"
  } ]
}