{
  "objectInfo" : {
    "id" : "cwHitEfeLArfYtgd65SXEp",
    "name" : "tf_TSdecom_LFFormsExportCistom_NSI_TrainingAssessments",
    "type" : "TASKFLOW",
    "metadata" : {
      "modelVersion" : {
        "major" : 1,
        "minor" : 0
      },
      "repoInfo" : {
        "repoHandle" : "qvnMUvIw8jIw8jI-gt-7811919-2022-01-20T18:11:18.271Z::tf.xml"
      },
      "contextAttributes" : null,
      "additionalInfo" : {
        "description" : "tf to migrate LFFormsExportCustom data to Data Staging",
        "contentType" : "application/json; charset=utf-8",
        "documentState" : "VALID"
      }
    }
  },
  "dataFileExtension" : "xml",
  "objectRefs" : [ {
    "id" : "0Hj6bm5EJS2iY9TaAlR3YO",
    "name" : "mt_TSdecom_LFFormsExportCustom_NSI_TrainingAssessments",
    "type" : "MTT",
    "metadata" : {
      "modelVersion" : {
        "major" : 0,
        "minor" : 0
      },
      "repoInfo" : {
        "repoHandle" : "019EVB0Z00000000003N"
      },
      "contextAttributes" : null,
      "additionalInfo" : {
        "description" : "ETL to pull data from LFFormsExportCustom_ NSI_TrainingAssessments to data staging\r\n",
        "contentType" : "JSON",
        "documentState" : "VALID"
      }
    },
    "path" : "/Explore/Government/Completed_Mapping_Tasks"
  } ]
}