{
  "objectInfo" : {
    "id" : "8U5lQRBUA0Yjr5CYDBn2iV",
    "name" : "tf_Tsdecom_IntertribalCM",
    "type" : "TASKFLOW",
    "metadata" : {
      "modelVersion" : {
        "major" : 1,
        "minor" : 0
      },
      "repoInfo" : {
        "repoHandle" : "8F4MTD86CjqFVNN-gt-5019894-2021-11-17T18:00:38.967Z::tf.xml"
      },
      "contextAttributes" : null,
      "additionalInfo" : {
        "description" : "TF for updating tables from IntertribalCM (Juvenile and ReIntegration) tables into DataStaging for the TSReport DB decommission",
        "contentType" : "application/json; charset=utf-8",
        "documentState" : "VALID"
      }
    }
  },
  "dataFileExtension" : "xml",
  "objectRefs" : [ {
    "id" : "iNoJVwxb44DjD4lXuAP9Kx",
    "name" : "mt_TSdecom_IntertribalCM_ReIntegration_PaymentStatus",
    "type" : "MTT",
    "metadata" : {
      "modelVersion" : {
        "major" : 0,
        "minor" : 0
      },
      "repoInfo" : {
        "repoHandle" : "019EVC0Z000000000092"
      },
      "contextAttributes" : null,
      "additionalInfo" : {
        "description" : "ETL for IntertribalCM_ReIntegration_PaymentStatus",
        "contentType" : "JSON",
        "documentState" : "VALID"
      }
    },
    "path" : "/Explore/Government/Completed_Mapping_Tasks"
  }, {
    "id" : "4qZKQI12BMhglmqne27mWr",
    "name" : "mt_TSdecom_IntertribalCM_Reintegration_PlacementStatus",
    "type" : "MTT",
    "metadata" : {
      "modelVersion" : {
        "major" : 0,
        "minor" : 0
      },
      "repoInfo" : {
        "repoHandle" : "019EVC0Z0000000000D6"
      },
      "contextAttributes" : null,
      "additionalInfo" : {
        "description" : "ETL for IntertribalCM_Reintegration PlacementStatus data into Data Staging",
        "contentType" : "JSON",
        "documentState" : "VALID"
      }
    },
    "path" : "/Explore/Government/Completed_Mapping_Tasks"
  }, {
    "id" : "695q4WAgvtQkZy3RdPwyGN",
    "name" : "mt_TSdecom_IntertribalCM_Reintegration_Cases",
    "type" : "MTT",
    "metadata" : {
      "modelVersion" : {
        "major" : 0,
        "minor" : 0
      },
      "repoInfo" : {
        "repoHandle" : "019EVC0Z0000000000CZ"
      },
      "contextAttributes" : null,
      "additionalInfo" : {
        "description" : "ETL for IntertribalCM_Reintegration_Actors data into Data Staging",
        "contentType" : "JSON",
        "documentState" : "VALID"
      }
    },
    "path" : "/Explore/Government/Completed_Mapping_Tasks"
  }, {
    "id" : "5MRQ9WPZ4iSbpd2knkqtsK",
    "name" : "mt_TSdecom_IntertribalCM_Reintegration_PaymentMethod",
    "type" : "MTT",
    "metadata" : {
      "modelVersion" : {
        "major" : 0,
        "minor" : 0
      },
      "repoInfo" : {
        "repoHandle" : "019EVC0Z0000000000D4"
      },
      "contextAttributes" : null,
      "additionalInfo" : {
        "description" : "ETL for IntertribalCM_Reintegration PaymentMethod data into Data Staging",
        "contentType" : "JSON",
        "documentState" : "VALID"
      }
    },
    "path" : "/Explore/Government/Completed_Mapping_Tasks"
  }, {
    "id" : "0I7zsbnBVyBf6AM3a1issw",
    "name" : "mt_TSdecom_IntertribalCM_Reintegration_Users",
    "type" : "MTT",
    "metadata" : {
      "modelVersion" : {
        "major" : 0,
        "minor" : 0
      },
      "repoInfo" : {
        "repoHandle" : "019EVC0Z0000000000D9"
      },
      "contextAttributes" : null,
      "additionalInfo" : {
        "description" : "ETL for IntertribalCM_Reintegration_Users data into Data Staging",
        "contentType" : "JSON",
        "documentState" : "VALID"
      }
    },
    "path" : "/Explore/Government/Completed_Mapping_Tasks"
  }, {
    "id" : "kY1SJpZEWMTjc0YtAGjEMO",
    "name" : "mt_TSdecom_IntertribalCM_ReIntegration_ServiceTypes",
    "type" : "MTT",
    "metadata" : {
      "modelVersion" : {
        "major" : 0,
        "minor" : 0
      },
      "repoInfo" : {
        "repoHandle" : "019EVC0Z0000000000AG"
      },
      "contextAttributes" : null,
      "additionalInfo" : {
        "description" : "ETL for IntertribalCM_ReIntegration_ServiceTypes",
        "contentType" : "JSON",
        "documentState" : "VALID"
      }
    },
    "path" : "/Explore/Government/Completed_Mapping_Tasks"
  }, {
    "id" : "cWtMkgQK0KSe8dBct7sgWQ",
    "name" : "mt_TSdecom_IntertribalCM_Reintegration_Placements",
    "type" : "MTT",
    "metadata" : {
      "modelVersion" : {
        "major" : 0,
        "minor" : 0
      },
      "repoInfo" : {
        "repoHandle" : "019EVC0Z0000000000D5"
      },
      "contextAttributes" : null,
      "additionalInfo" : {
        "description" : "ETL for IntertribalCM_Reintegration_Placements data into Data Staging",
        "contentType" : "JSON",
        "documentState" : "VALID"
      }
    },
    "path" : "/Explore/Government/Completed_Mapping_Tasks"
  }, {
    "id" : "a3wBOXutEwWfC4h0uszaYS",
    "name" : "mt_TSdecom_IntertribalCM_Reintegration_Districts",
    "type" : "MTT",
    "metadata" : {
      "modelVersion" : {
        "major" : 0,
        "minor" : 0
      },
      "repoInfo" : {
        "repoHandle" : "019EVC0Z0000000000D1"
      },
      "contextAttributes" : null,
      "additionalInfo" : {
        "description" : "ETL for IntertribalCM_Reintegration_Districts data into Data Staging",
        "contentType" : "JSON",
        "documentState" : "VALID"
      }
    },
    "path" : "/Explore/Government/Completed_Mapping_Tasks"
  }, {
    "id" : "5zLhOYqiSgucV7oNt2Dnof",
    "name" : "mt_TSdecom_IntertribalCM_Juvenile_ServiceTypes",
    "type" : "MTT",
    "metadata" : {
      "modelVersion" : {
        "major" : 0,
        "minor" : 0
      },
      "repoInfo" : {
        "repoHandle" : "019EVC0Z0000000000A6"
      },
      "contextAttributes" : null,
      "additionalInfo" : {
        "description" : "ETL for IntertribalCM_Juvenile_ServiceTypes",
        "contentType" : "JSON",
        "documentState" : "VALID"
      }
    },
    "path" : "/Explore/Government/Completed_Mapping_Tasks"
  }, {
    "id" : "0GaKjVxjKsrb4B7VQpnuke",
    "name" : "mt_TSdecom_IntertribalCM_Reintegration_ProviderdCertification",
    "type" : "MTT",
    "metadata" : {
      "modelVersion" : {
        "major" : 0,
        "minor" : 0
      },
      "repoInfo" : {
        "repoHandle" : "019EVC0Z0000000000D7"
      },
      "contextAttributes" : null,
      "additionalInfo" : {
        "description" : "ETL for IntertribalCM_Reintegration ProviderCertification data into Data Staging",
        "contentType" : "JSON",
        "documentState" : "VALID"
      }
    },
    "path" : "/Explore/Government/Completed_Mapping_Tasks"
  }, {
    "id" : "0NkPOIgxXVBbZn6yzQSdCF",
    "name" : "mt_TSdecom_IntertribalCM_Reintegration_Actors",
    "type" : "MTT",
    "metadata" : {
      "modelVersion" : {
        "major" : 0,
        "minor" : 0
      },
      "repoInfo" : {
        "repoHandle" : "019EVC0Z0000000000CX"
      },
      "contextAttributes" : null,
      "additionalInfo" : {
        "description" : "ETL for IntertribalCM_Reintegration_Actors data into Data Staging",
        "contentType" : "JSON",
        "documentState" : "VALID"
      }
    },
    "path" : "/Explore/Government/Completed_Mapping_Tasks"
  }, {
    "id" : "69Dig4i6Fi0hkF9wEhqBsc",
    "name" : "mt_TSdecom_IntertribalCM_Juvenile_PaymentStatus",
    "type" : "MTT",
    "metadata" : {
      "modelVersion" : {
        "major" : 0,
        "minor" : 0
      },
      "repoInfo" : {
        "repoHandle" : "019EVC0Z0000000000A9"
      },
      "contextAttributes" : null,
      "additionalInfo" : {
        "description" : "ETL for IntertribalCM_Juvenile_PaymentStatus",
        "contentType" : "JSON",
        "documentState" : "VALID"
      }
    },
    "path" : "/Explore/Government/Completed_Mapping_Tasks"
  }, {
    "id" : "5JddA0UIjgDgq2rr1viKqr",
    "name" : "mt_TSdecom_IntertribalCM_ReIntegration_Providers",
    "type" : "MTT",
    "metadata" : {
      "modelVersion" : {
        "major" : 0,
        "minor" : 0
      },
      "repoInfo" : {
        "repoHandle" : "019EVC0Z0000000000A7"
      },
      "contextAttributes" : null,
      "additionalInfo" : {
        "description" : "ETL for IntertribalCM_ReIntegration_Providers",
        "contentType" : "JSON",
        "documentState" : "VALID"
      }
    },
    "path" : "/Explore/Government/Completed_Mapping_Tasks"
  }, {
    "id" : "63iwSYttv4CfPrdRYvm36L",
    "name" : "mt_TSdecom_IntertribalCM_Reintegration_CaseTypes",
    "type" : "MTT",
    "metadata" : {
      "modelVersion" : {
        "major" : 0,
        "minor" : 0
      },
      "repoInfo" : {
        "repoHandle" : "019EVC0Z0000000000D0"
      },
      "contextAttributes" : null,
      "additionalInfo" : {
        "description" : "ETL for IntertribalCM_Reintegration_CaseTypes data into Data Staging",
        "contentType" : "JSON",
        "documentState" : "VALID"
      }
    },
    "path" : "/Explore/Government/Completed_Mapping_Tasks"
  }, {
    "id" : "0PiRgdyGBCAbjQSsCMS5Gt",
    "name" : "mt_TSdecom_IntertribalCM_Juvenile_Providers",
    "type" : "MTT",
    "metadata" : {
      "modelVersion" : {
        "major" : 0,
        "minor" : 0
      },
      "repoInfo" : {
        "repoHandle" : "019EVC0Z00000000009R"
      },
      "contextAttributes" : null,
      "additionalInfo" : {
        "description" : "ETL for IntertribalCM_Juvenile_Providers",
        "contentType" : "JSON",
        "documentState" : "VALID"
      }
    },
    "path" : "/Explore/Government/Completed_Mapping_Tasks"
  }, {
    "id" : "fN4V8nCks8Cc7ZmPQMwvKi",
    "name" : "mt_TSdecom_IntertribalCM_Reintegration_CaseActors",
    "type" : "MTT",
    "metadata" : {
      "modelVersion" : {
        "major" : 0,
        "minor" : 0
      },
      "repoInfo" : {
        "repoHandle" : "019EVC0Z0000000000CY"
      },
      "contextAttributes" : null,
      "additionalInfo" : {
        "description" : "ETL for IntertribalCM_Reintegration_CaseActors data into Data Staging",
        "contentType" : "JSON",
        "documentState" : "VALID"
      }
    },
    "path" : "/Explore/Government/Completed_Mapping_Tasks"
  }, {
    "id" : "9Xareu2wPqolgyHwG65AE2",
    "name" : "mt_TSdecom_IntertribalCM_Reintegration_EducationLevels",
    "type" : "MTT",
    "metadata" : {
      "modelVersion" : {
        "major" : 0,
        "minor" : 0
      },
      "repoInfo" : {
        "repoHandle" : "019EVC0Z0000000000D2"
      },
      "contextAttributes" : null,
      "additionalInfo" : {
        "description" : "ETL for IntertribalCM_Reintegration_Education Levels data into Data Staging",
        "contentType" : "JSON",
        "documentState" : "VALID"
      }
    },
    "path" : "/Explore/Government/Completed_Mapping_Tasks"
  }, {
    "id" : "3Q5gFZxVOI7i6snkI2oCMc",
    "name" : "mt_TSdecom_IntertribalCM_Reintegration_Tribes",
    "type" : "MTT",
    "metadata" : {
      "modelVersion" : {
        "major" : 0,
        "minor" : 0
      },
      "repoInfo" : {
        "repoHandle" : "019EVC0Z0000000000D8"
      },
      "contextAttributes" : null,
      "additionalInfo" : {
        "description" : "ETL for IntertribalCM_Reintegration_Actors data into Data Staging",
        "contentType" : "JSON",
        "documentState" : "VALID"
      }
    },
    "path" : "/Explore/Government/Completed_Mapping_Tasks"
  }, {
    "id" : "3rw4q3DnpiBkqthyGjfA8L",
    "name" : "mt_TSdecom_IntertribalCM_ReIntegration_Payments",
    "type" : "MTT",
    "metadata" : {
      "modelVersion" : {
        "major" : 0,
        "minor" : 0
      },
      "repoInfo" : {
        "repoHandle" : "019EVC0Z00000000009I"
      },
      "contextAttributes" : null,
      "additionalInfo" : {
        "description" : "ETL for IntertribalCM_ReIntegration_Payments",
        "contentType" : "JSON",
        "documentState" : "VALID"
      }
    },
    "path" : "/Explore/Government/Completed_Mapping_Tasks"
  }, {
    "id" : "2iMQ411iO6acnxUhokvEas",
    "name" : "mt_TSdecom_IntertribalCM_Reintegration_FundingSources",
    "type" : "MTT",
    "metadata" : {
      "modelVersion" : {
        "major" : 0,
        "minor" : 0
      },
      "repoInfo" : {
        "repoHandle" : "019EVC0Z0000000000D3"
      },
      "contextAttributes" : null,
      "additionalInfo" : {
        "description" : "ETL for IntertribalCM_Reintegration FundingSources  data into Data Staging",
        "contentType" : "JSON",
        "documentState" : "VALID"
      }
    },
    "path" : "/Explore/Government/Completed_Mapping_Tasks"
  }, {
    "id" : "j1cmqhLSVMEkwpd2MdEl4y",
    "name" : "mt_TSdecom_IntertribalCM_Juvenile_Payments",
    "type" : "MTT",
    "metadata" : {
      "modelVersion" : {
        "major" : 0,
        "minor" : 0
      },
      "repoInfo" : {
        "repoHandle" : "019EVC0Z00000000009T"
      },
      "contextAttributes" : null,
      "additionalInfo" : {
        "description" : "ETL for IntertribalCM_Juvenile_Payments",
        "contentType" : "JSON",
        "documentState" : "VALID"
      }
    },
    "path" : "/Explore/Government/Completed_Mapping_Tasks"
  } ]
}