{
  "objectInfo" : {
    "id" : "2iGCP0GL4cde8gyzN5xbKe",
    "name" : "tf_TSdecom_IntertribalChoWIA",
    "type" : "TASKFLOW",
    "metadata" : {
      "modelVersion" : {
        "major" : 1,
        "minor" : 0
      },
      "repoInfo" : {
        "repoHandle" : "BNsLaa-gt-3998419-2022-01-07T21:23:58.443Z::tf.xml"
      },
      "contextAttributes" : null,
      "additionalInfo" : {
        "description" : "Task Flow to process all table from IntertribalChoWIA",
        "contentType" : "application/json; charset=utf-8",
        "documentState" : "VALID"
      }
    }
  },
  "dataFileExtension" : "xml",
  "objectRefs" : [ {
    "id" : "cjNe2SIJUwykIpmo5szxwx",
    "name" : "mt_TSdecom_IntertribalChoWIA_refServiceTypes",
    "type" : "MTT",
    "metadata" : {
      "modelVersion" : {
        "major" : 0,
        "minor" : 0
      },
      "repoInfo" : {
        "repoHandle" : "019EVC0Z0000000000CD"
      },
      "contextAttributes" : null,
      "additionalInfo" : {
        "description" : "ETL for IntertribalChoWIA table refServiceTypes load to DataStaging",
        "contentType" : "JSON",
        "documentState" : "VALID"
      }
    },
    "path" : "/Explore/Government/Completed_Mapping_Tasks"
  }, {
    "id" : "dSEqULceOiGcnwJr4adn8g",
    "name" : "mt_TSdecom_IntertribalChoWIA_refBarriers",
    "type" : "MTT",
    "metadata" : {
      "modelVersion" : {
        "major" : 0,
        "minor" : 0
      },
      "repoInfo" : {
        "repoHandle" : "019EVC0Z0000000000CF"
      },
      "contextAttributes" : null,
      "additionalInfo" : {
        "description" : "ETL for IntertribalChoWIA_refBarriers data into DataStaging\r\n",
        "contentType" : "JSON",
        "documentState" : "VALID"
      }
    },
    "path" : "/Explore/Government/Completed_Mapping_Tasks"
  }, {
    "id" : "7GRP4dVKCHubV7ByaDloUo",
    "name" : "mt_TSdecom_IntertribalChoWIA_Barriers",
    "type" : "MTT",
    "metadata" : {
      "modelVersion" : {
        "major" : 0,
        "minor" : 0
      },
      "repoInfo" : {
        "repoHandle" : "019EVC0Z0000000000CB"
      },
      "contextAttributes" : null,
      "additionalInfo" : {
        "description" : "ETL for IntertribalChoWIA_Barriers data into DataStaging",
        "contentType" : "JSON",
        "documentState" : "VALID"
      }
    },
    "path" : "/Explore/Government/Completed_Mapping_Tasks"
  }, {
    "id" : "2mjV1Y1xz0QfapZipCmySd",
    "name" : "mt_TSdecom_IntertribalChoWIA_ApplicationStatusHistory",
    "type" : "MTT",
    "metadata" : {
      "modelVersion" : {
        "major" : 0,
        "minor" : 0
      },
      "repoInfo" : {
        "repoHandle" : "019EVC0Z0000000000CH"
      },
      "contextAttributes" : null,
      "additionalInfo" : {
        "description" : "ETL for IntertribalChoWIA_ApplicationStatusHistory\r\ndata into DataSource.",
        "contentType" : "JSON",
        "documentState" : "VALID"
      }
    },
    "path" : "/Explore/Government/Completed_Mapping_Tasks"
  } ]
}