{
  "objectInfo" : {
    "id" : "58LecRLsldVi25dSYZ0mQ6",
    "name" : "tf_TSdecom_ERPData",
    "type" : "TASKFLOW",
    "metadata" : {
      "modelVersion" : {
        "major" : 1,
        "minor" : 0
      },
      "repoInfo" : {
        "repoHandle" : "xkYAOTMneBjrabc-gt-4474159-2021-11-13T12:45:26.376Z::tf.xml"
      },
      "contextAttributes" : null,
      "additionalInfo" : {
        "description" : "TF for updating tables from ERPData tables into DataStaging for the TSReport DB decommission",
        "contentType" : "application/json; charset=utf-8",
        "documentState" : "VALID"
      }
    }
  },
  "dataFileExtension" : "xml",
  "objectRefs" : [ {
    "id" : "aiK17F03V3udVed8ZMgxq6",
    "name" : "mt_TSdecom_ERPData_VendorOracle",
    "type" : "MTT",
    "metadata" : {
      "modelVersion" : {
        "major" : 0,
        "minor" : 0
      },
      "repoInfo" : {
        "repoHandle" : "019EVC0Z00000000009B"
      },
      "contextAttributes" : null,
      "additionalInfo" : {
        "description" : "ETL for ERPData_VendorOracle",
        "contentType" : null,
        "documentState" : "VALID"
      }
    },
    "path" : "/Explore/Government/Completed_Mapping_Tasks"
  }, {
    "id" : "2dux81kpKB2jIjeSCkjMMK",
    "name" : "mt_TSdecom_ERPData_Vendors",
    "type" : "MTT",
    "metadata" : {
      "modelVersion" : {
        "major" : 0,
        "minor" : 0
      },
      "repoInfo" : {
        "repoHandle" : "019EVC0Z00000000008F"
      },
      "contextAttributes" : null,
      "additionalInfo" : {
        "description" : "ETL for ERPData_Vendors",
        "contentType" : null,
        "documentState" : "VALID"
      }
    },
    "path" : "/Explore/Government/Completed_Mapping_Tasks"
  } ]
}