{
  "objectInfo" : {
    "id" : "616rYiRyWtpbqwTxqL0mma",
    "name" : "tf_TSdecom_IntertribqalCore_FiieldsofStudy",
    "type" : "TASKFLOW",
    "metadata" : {
      "modelVersion" : {
        "major" : 1,
        "minor" : 0
      },
      "repoInfo" : {
        "repoHandle" : "oC2g0aaaaaaaaaa-gt-539683-2022-02-24T20:36:22.3Z::tf.xml"
      },
      "contextAttributes" : null,
      "additionalInfo" : {
        "description" : "tf to migrate Intertribal Core Fields of Study for use with HE",
        "contentType" : "application/json; charset=utf-8",
        "documentState" : "VALID"
      }
    }
  },
  "dataFileExtension" : "xml",
  "objectRefs" : [ {
    "id" : "0vH1hnLcvDIcwBi6K8me8b",
    "name" : "mt_TSdecom_IntertribalCore_refFieldsofStudy",
    "type" : "MTT",
    "metadata" : {
      "modelVersion" : {
        "major" : 0,
        "minor" : 0
      },
      "repoInfo" : {
        "repoHandle" : "019EVC0Z00000000008Z"
      },
      "contextAttributes" : null,
      "additionalInfo" : {
        "description" : "ETL for IntertribalCore_refFieldsofStudy",
        "contentType" : "JSON",
        "documentState" : "VALID"
      }
    },
    "path" : "/Explore/Government/Completed_Mapping_Tasks"
  } ]
}