<aetgt:getResponse xmlns:aetgt="http://schemas.active-endpoints.com/appmodules/repository/2010/10/avrepository.xsd"
                   xmlns:types1="http://schemas.active-endpoints.com/appmodules/repository/2010/10/avrepository.xsd">
   <types1:Item>
      <types1:EntryId>MfVMTonQYWeIssj-gt-4581007-2021-11-13T12:52:08.562Z::tf.xml</types1:EntryId>
      <types1:Name>tf_TSdecom_IntertribalChoSSAF</types1:Name>
      <types1:MimeType>application/xml+taskflow</types1:MimeType>
      <types1:Description>TF for updating tables fromIntertribalChoSSAF tables into DataStaging for the TSReport DB decommission</types1:Description>
      <types1:AppliesTo/>
      <types1:Tags/>
      <types1:VersionLabel>1.0</types1:VersionLabel>
      <types1:State>CURRENT</types1:State>
      <types1:ProcessGroup/>
      <types1:CreatedBy>1006554@choctawnation.com</types1:CreatedBy>
      <types1:CreationDate>2021-11-13T12:52:09Z</types1:CreationDate>
      <types1:ModifiedBy>1006554@choctawnation.com</types1:ModifiedBy>
      <types1:ModificationDate>2021-11-13T19:35:00Z</types1:ModificationDate>
      <types1:PublicationStatus>out-of-date</types1:PublicationStatus>
      <types1:PublishedBy>1006554@choctawnation.com</types1:PublishedBy>
      <types1:PublicationDate>2021-11-13T15:18:45Z</types1:PublicationDate>
      <types1:PublishedContributionId>project:/tf.tf_TSdecom_IntertribalChoSSAF/tf_TSdecom_IntertribalChoSSAF.tf.xml</types1:PublishedContributionId>
      <types1:AutosaveExists>false</types1:AutosaveExists>
      <types1:Entry>
         <taskflow xmlns="http://schemas.active-endpoints.com/appmodules/screenflow/2010/10/avosScreenflow.xsd"
                   xmlns:tfm="http://schemas.active-endpoints.com/appmodules/screenflow/2021/04/taskflowModel.xsd"
                   xmlns:list="urn:activevos:spi:list:functions"
                   displayName="tf_TSdecom_IntertribalChoSSAF"
                   name="tf_TSdecom_IntertribalChoSSAF"
                   overrideAPIName="false">
            <parameterSet xmlns="http://schemas.active-endpoints.com/appmodules/screenflow/2021/04/taskflowModel.xsd"/>
            <appliesTo/>
            <description>TF for updating tables fromIntertribalChoSSAF tables into DataStaging for the TSReport DB decommission</description>
            <tags/>
            <generator>Informatica Process Designer 11</generator>
            <tempFields>
               <field description=""
                      name="IntertribalChoSSAF Activity Notes"
                      type="reference">
                  <options>
                     <option name="failOnNotRun">false</option>
                     <option name="failOnFault">false</option>
                     <option name="referenceTo">$po:mt-TSdecom-IntertribalChoSSAF-ActivityNotes</option>
                  </options>
               </field>
               <field description=""
                      name="IntertribalChoSSAF ref Default Vendor"
                      type="reference">
                  <options>
                     <option name="failOnNotRun">false</option>
                     <option name="failOnFault">false</option>
                     <option name="referenceTo">$po:mt-TSdecom-IntertribalChoSSAF-refDefaultVendor</option>
                  </options>
               </field>
            </tempFields>
            <notes/>
            <deployment suspendOnFault="false" tracingLevel="verbose">
               <rest/>
            </deployment>
            <flow id="a">
               <start id="b">
                  <link id="j3wg4fhg" targetId="j3wg4fhf"/>
               </start>
               <container id="j3wg4fhf" type="parallel">
                  <title>Parallel Paths 1</title>
                  <flow id="j3wg4fhj">
                     <eventContainer id="kvxt2ii7">
                        <service id="j3wg4fhu">
                           <title>IntertribalChoSSAF Activity Notes</title>
                           <serviceName>ICSExecuteDataTask</serviceName>
                           <serviceGUID/>
                           <serviceInput>
                              <parameter name="Wait for Task to Complete" source="constant" updatable="true">true</parameter>
                              <parameter name="Max Wait" source="constant" updatable="true">604800</parameter>
                              <parameter name="Task Name" source="constant" updatable="true">mt_TSdecom_IntertribalChoSSAF_ActivityNotes</parameter>
                              <parameter name="GUID" source="constant" updatable="true">2QEXMkgq2WpejJzlXo9ysZ</parameter>
                              <parameter name="Task Type" source="constant" updatable="true">MCT</parameter>
                              <parameter name="Has Inout Parameters" source="constant" updatable="true">false</parameter>
                              <parameter name="taskField" source="nested">
                                 <operation source="field" to="mt-TSdecom-IntertribalChoSSAF-ActivityNotes">temp.IntertribalChoSSAF Activity Notes</operation>
                              </parameter>
                           </serviceInput>
                           <serviceOutput>
                              <operation source="field"
                                         to="temp.IntertribalChoSSAF Activity Notes/output/Object_Name">Object Name</operation>
                              <operation source="field"
                                         to="temp.IntertribalChoSSAF Activity Notes/output/Run_Id">Run Id</operation>
                              <operation source="field"
                                         to="temp.IntertribalChoSSAF Activity Notes/output/Log_Id">Log Id</operation>
                              <operation source="field"
                                         to="temp.IntertribalChoSSAF Activity Notes/output/Task_Id">Task Id</operation>
                              <operation source="field"
                                         to="temp.IntertribalChoSSAF Activity Notes/output/Task_Status">Task Status</operation>
                              <operation source="field"
                                         to="temp.IntertribalChoSSAF Activity Notes/output/Success_Source_Rows">Success Source Rows</operation>
                              <operation source="field"
                                         to="temp.IntertribalChoSSAF Activity Notes/output/Failed_Source_Rows">Failed Source Rows</operation>
                              <operation source="field"
                                         to="temp.IntertribalChoSSAF Activity Notes/output/Success_Target_Rows">Success Target Rows</operation>
                              <operation source="field"
                                         to="temp.IntertribalChoSSAF Activity Notes/output/Failed_Target_Rows">Failed Target Rows</operation>
                              <operation source="field"
                                         to="temp.IntertribalChoSSAF Activity Notes/output/Start_Time">Start Time</operation>
                              <operation source="field"
                                         to="temp.IntertribalChoSSAF Activity Notes/output/End_Time">End Time</operation>
                              <operation source="field"
                                         to="temp.IntertribalChoSSAF Activity Notes/output/Error_Message">Error Message</operation>
                              <operation source="field"
                                         to="temp.IntertribalChoSSAF Activity Notes/output/TotalTransErrors">Total Transformation Errors</operation>
                              <operation source="field"
                                         to="temp.IntertribalChoSSAF Activity Notes/output/FirstErrorCode">First Error Code</operation>
                           </serviceOutput>
                        </service>
                        <events>
                           <catch faultField="temp.IntertribalChoSSAF Activity Notes/fault"
                                  id="kvxt2ii5"
                                  interrupting="true"
                                  name="error">
                              <suspend/>
                           </catch>
                           <catch faultField="temp.IntertribalChoSSAF Activity Notes/fault"
                                  id="kvxt2ii6"
                                  interrupting="true"
                                  name="warning"/>
                        </events>
                     </eventContainer>
                     <link id="j3wg4fhk" targetId="j3wg4fhf" type="containerLink"/>
                  </flow>
                  <flow id="j3wg4fhm">
                     <eventContainer id="kvxt2ijd">
                        <service id="j3wg4fi4">
                           <title>IntertribalChoSSAF ref Default Vendor</title>
                           <serviceName>ICSExecuteDataTask</serviceName>
                           <serviceGUID/>
                           <serviceInput>
                              <parameter name="Wait for Task to Complete" source="constant" updatable="true">true</parameter>
                              <parameter name="Max Wait" source="constant" updatable="true">604800</parameter>
                              <parameter name="Task Name" source="constant" updatable="true">mt_TSdecom_IntertribalChoSSAF_refDefaultVendor</parameter>
                              <parameter name="GUID" source="constant" updatable="true">dEx3Bq9a78mkghHZq8kAS9</parameter>
                              <parameter name="Task Type" source="constant" updatable="true">MCT</parameter>
                              <parameter name="Has Inout Parameters" source="constant" updatable="true">false</parameter>
                              <parameter name="taskField" source="nested">
                                 <operation source="field" to="mt-TSdecom-IntertribalChoSSAF-refDefaultVendor">temp.IntertribalChoSSAF ref Default Vendor</operation>
                              </parameter>
                           </serviceInput>
                           <serviceOutput>
                              <operation source="field"
                                         to="temp.IntertribalChoSSAF ref Default Vendor/output/Object_Name">Object Name</operation>
                              <operation source="field"
                                         to="temp.IntertribalChoSSAF ref Default Vendor/output/Run_Id">Run Id</operation>
                              <operation source="field"
                                         to="temp.IntertribalChoSSAF ref Default Vendor/output/Log_Id">Log Id</operation>
                              <operation source="field"
                                         to="temp.IntertribalChoSSAF ref Default Vendor/output/Task_Id">Task Id</operation>
                              <operation source="field"
                                         to="temp.IntertribalChoSSAF ref Default Vendor/output/Task_Status">Task Status</operation>
                              <operation source="field"
                                         to="temp.IntertribalChoSSAF ref Default Vendor/output/Success_Source_Rows">Success Source Rows</operation>
                              <operation source="field"
                                         to="temp.IntertribalChoSSAF ref Default Vendor/output/Failed_Source_Rows">Failed Source Rows</operation>
                              <operation source="field"
                                         to="temp.IntertribalChoSSAF ref Default Vendor/output/Success_Target_Rows">Success Target Rows</operation>
                              <operation source="field"
                                         to="temp.IntertribalChoSSAF ref Default Vendor/output/Failed_Target_Rows">Failed Target Rows</operation>
                              <operation source="field"
                                         to="temp.IntertribalChoSSAF ref Default Vendor/output/Start_Time">Start Time</operation>
                              <operation source="field"
                                         to="temp.IntertribalChoSSAF ref Default Vendor/output/End_Time">End Time</operation>
                              <operation source="field"
                                         to="temp.IntertribalChoSSAF ref Default Vendor/output/Error_Message">Error Message</operation>
                              <operation source="field"
                                         to="temp.IntertribalChoSSAF ref Default Vendor/output/TotalTransErrors">Total Transformation Errors</operation>
                              <operation source="field"
                                         to="temp.IntertribalChoSSAF ref Default Vendor/output/FirstErrorCode">First Error Code</operation>
                           </serviceOutput>
                        </service>
                        <events>
                           <catch faultField="temp.IntertribalChoSSAF ref Default Vendor/fault"
                                  id="kvxt2ijb"
                                  interrupting="true"
                                  name="error">
                              <suspend/>
                           </catch>
                           <catch faultField="temp.IntertribalChoSSAF ref Default Vendor/fault"
                                  id="kvxt2ijc"
                                  interrupting="true"
                                  name="warning"/>
                        </events>
                     </eventContainer>
                     <link id="j3wg4fhn" targetId="j3wg4fhf" type="containerLink"/>
                  </flow>
                  <link id="j3wg4fhi" targetId="j3wg4fhj" type="containerLink"/>
                  <link id="j3wg4fhl" targetId="j3wg4fhm" type="containerLink"/>
                  <link id="j3wg4fhh" targetId="c"/>
               </container>
               <end id="c"/>
            </flow>
            <dependencies>
               <processObject xmlns="http://schemas.active-endpoints.com/appmodules/screenflow/2011/06/avosHostEnvironment.xsd"
                              displayName="mt-TSdecom-IntertribalChoSSAF-ActivityNotes"
                              isByCopy="true"
                              name="mt-TSdecom-IntertribalChoSSAF-ActivityNotes">
                  <description/>
                  <tags/>
                  <detail>
                     <field label="TaskProperties Parameters"
                            name="taskProperties"
                            nullable="true"
                            required="false"
                            type="reference"/>
                     <field label="Output Parameters"
                            name="output"
                            nullable="true"
                            required="false"
                            type="reference"/>
                     <field label="Fault"
                            name="fault"
                            nullable="true"
                            required="false"
                            type="reference"/>
                  </detail>
               </processObject>
               <processObject xmlns="http://schemas.active-endpoints.com/appmodules/screenflow/2011/06/avosHostEnvironment.xsd"
                              displayName="mt-TSdecom-IntertribalChoSSAF-refDefaultVendor"
                              isByCopy="true"
                              name="mt-TSdecom-IntertribalChoSSAF-refDefaultVendor">
                  <description/>
                  <tags/>
                  <detail>
                     <field label="TaskProperties Parameters"
                            name="taskProperties"
                            nullable="true"
                            required="false"
                            type="reference"/>
                     <field label="Output Parameters"
                            name="output"
                            nullable="true"
                            required="false"
                            type="reference"/>
                     <field label="Fault"
                            name="fault"
                            nullable="true"
                            required="false"
                            type="reference"/>
                  </detail>
               </processObject>
            </dependencies>
         </taskflow>
      </types1:Entry>
      <types1:GUID>35IqfleEdU2eq8Ab4y1RGd</types1:GUID>
      <types1:DisplayName>tf_TSdecom_IntertribalChoSSAF</types1:DisplayName>
   </types1:Item>
   <types1:CurrentServerDateTime>2021-11-13T19:35:22.85Z</types1:CurrentServerDateTime>
</aetgt:getResponse>
