<aetgt:getResponse xmlns:aetgt="http://schemas.active-endpoints.com/appmodules/repository/2010/10/avrepository.xsd"
                   xmlns:types1="http://schemas.active-endpoints.com/appmodules/repository/2010/10/avrepository.xsd">
   <types1:Item>
      <types1:EntryId>abdpIO3M4WwOC2X-gt-4586620-2021-11-13T14:00:18.015Z::tf.xml</types1:EntryId>
      <types1:Name>tf_Tsdecom_VoterRegistration</types1:Name>
      <types1:MimeType>application/xml+taskflow</types1:MimeType>
      <types1:Description>TF for updating tables fromVoterRegistration tables into DataStaging for the TSReport DB decommission</types1:Description>
      <types1:AppliesTo/>
      <types1:Tags/>
      <types1:VersionLabel>1.0</types1:VersionLabel>
      <types1:State>CURRENT</types1:State>
      <types1:ProcessGroup/>
      <types1:CreatedBy>1006554@choctawnation.com</types1:CreatedBy>
      <types1:CreationDate>2021-11-13T14:00:18Z</types1:CreationDate>
      <types1:ModifiedBy>1006554@choctawnation.com</types1:ModifiedBy>
      <types1:ModificationDate>2022-01-10T03:08:58Z</types1:ModificationDate>
      <types1:PublicationStatus>published</types1:PublicationStatus>
      <types1:PublishedBy>1006554@choctawnation.com</types1:PublishedBy>
      <types1:PublicationDate>2022-01-10T03:09:05Z</types1:PublicationDate>
      <types1:PublishedContributionId>project:/tf.tf_Tsdecom_VoterRegistration/tf_Tsdecom_VoterRegistration.tf.xml</types1:PublishedContributionId>
      <types1:AutosaveExists>false</types1:AutosaveExists>
      <types1:Entry>
         <taskflow xmlns="http://schemas.active-endpoints.com/appmodules/screenflow/2010/10/avosScreenflow.xsd"
                   xmlns:tfm="http://schemas.active-endpoints.com/appmodules/screenflow/2021/04/taskflowModel.xsd"
                   xmlns:list="urn:activevos:spi:list:functions"
                   displayName="tf_Tsdecom_VoterRegistration"
                   name="tf_Tsdecom_VoterRegistration"
                   overrideAPIName="false">
            <parameterSet xmlns="http://schemas.active-endpoints.com/appmodules/screenflow/2021/04/taskflowModel.xsd"/>
            <appliesTo/>
            <description>TF for updating tables fromVoterRegistration tables into DataStaging for the TSReport DB decommission</description>
            <tags/>
            <generator>Informatica Process Designer 11</generator>
            <tempFields>
               <field description=""
                      name="VoterRegistration Election Histories"
                      type="reference">
                  <options>
                     <option name="failOnNotRun">false</option>
                     <option name="failOnFault">false</option>
                     <option name="referenceTo">$po:mt-TSdecom-VoterRegistration-ElectionHistories</option>
                  </options>
               </field>
               <field description="" name="VoterRegistration Elections" type="reference">
                  <options>
                     <option name="failOnNotRun">false</option>
                     <option name="failOnFault">false</option>
                     <option name="referenceTo">$po:mt-TSdecom-VoterRegistration-Elections</option>
                  </options>
               </field>
               <field description="" name="Addresses" type="reference">
                  <options>
                     <option name="failOnNotRun">false</option>
                     <option name="failOnFault">false</option>
                     <option name="referenceTo">$po:mt-TSdecom-VoterRegistration-Addresses</option>
                  </options>
               </field>
               <field description="" name="Deceased States" type="reference">
                  <options>
                     <option name="failOnNotRun">false</option>
                     <option name="failOnFault">false</option>
                     <option name="referenceTo">$po:mt-TSdecom-VoterRegistration-DeceasedStates</option>
                  </options>
               </field>
               <field description="" name="AddressTypes" type="reference">
                  <options>
                     <option name="failOnNotRun">false</option>
                     <option name="failOnFault">false</option>
                     <option name="referenceTo">$po:mt-TSdecom-VoterRegistration-AddressTypes</option>
                  </options>
               </field>
               <field description="" name="Election Lists" type="reference">
                  <options>
                     <option name="failOnNotRun">false</option>
                     <option name="failOnFault">false</option>
                     <option name="referenceTo">$po:mt-TSdecom-VoterRegistration-ElectionLists</option>
                  </options>
               </field>
               <field description="" name="Election List Types" type="reference">
                  <options>
                     <option name="failOnNotRun">false</option>
                     <option name="failOnFault">false</option>
                     <option name="referenceTo">$po:mt-TSdecom-VoterRegistration-ElectionListTypes</option>
                  </options>
               </field>
               <field description="" name="Users" type="reference">
                  <options>
                     <option name="failOnNotRun">false</option>
                     <option name="failOnFault">false</option>
                     <option name="referenceTo">$po:mt-TSdecom-VoterRegistration-Users</option>
                  </options>
               </field>
               <field description="" name="Voters" type="reference">
                  <options>
                     <option name="failOnNotRun">false</option>
                     <option name="failOnFault">false</option>
                     <option name="referenceTo">$po:mt-TSdecom-VoterRegistration-Voters</option>
                  </options>
               </field>
               <field description="" name="Voter Source Types" type="reference">
                  <options>
                     <option name="failOnNotRun">false</option>
                     <option name="failOnFault">false</option>
                     <option name="referenceTo">$po:mt-TSdecom-VoterRegistration-VoterSourceTypes</option>
                  </options>
               </field>
               <field description="" name="Voter Voting Districts" type="reference">
                  <options>
                     <option name="failOnNotRun">false</option>
                     <option name="failOnFault">false</option>
                     <option name="referenceTo">$po:mt-TSdecom-VoterRegistration-VoterVotingDistricts</option>
                  </options>
               </field>
            </tempFields>
            <notes/>
            <deployment suspendOnFault="false" tracingLevel="verbose">
               <rest/>
            </deployment>
            <flow id="a">
               <start id="b">
                  <link id="j3wg4fhg" targetId="j3wg4fhf"/>
               </start>
               <container id="j3wg4fhf" type="parallel">
                  <title>VR tbls</title>
                  <flow id="j3wg4fhj">
                     <eventContainer id="kvxvgvc8">
                        <service id="j3wg4fhu">
                           <title>VoterRegistration Election Histories</title>
                           <serviceName>ICSExecuteDataTask</serviceName>
                           <serviceGUID/>
                           <serviceInput>
                              <parameter name="Wait for Task to Complete" source="constant" updatable="true">true</parameter>
                              <parameter name="Max Wait" source="constant" updatable="true">604800</parameter>
                              <parameter name="Task Name" source="constant" updatable="true">mt_TSdecom_VoterRegistration_ElectionHistories</parameter>
                              <parameter name="GUID" source="constant" updatable="true">9lHYEaSiu4cg7NGwxZqDAa</parameter>
                              <parameter name="Task Type" source="constant" updatable="true">MCT</parameter>
                              <parameter name="Has Inout Parameters" source="constant" updatable="true">false</parameter>
                              <parameter name="taskField" source="nested">
                                 <operation source="field" to="mt-TSdecom-VoterRegistration-ElectionHistories">temp.VoterRegistration Election Histories</operation>
                              </parameter>
                           </serviceInput>
                           <serviceOutput>
                              <operation source="field"
                                         to="temp.VoterRegistration Election Histories/output/Object_Name">Object Name</operation>
                              <operation source="field"
                                         to="temp.VoterRegistration Election Histories/output/Run_Id">Run Id</operation>
                              <operation source="field"
                                         to="temp.VoterRegistration Election Histories/output/Log_Id">Log Id</operation>
                              <operation source="field"
                                         to="temp.VoterRegistration Election Histories/output/Task_Id">Task Id</operation>
                              <operation source="field"
                                         to="temp.VoterRegistration Election Histories/output/Task_Status">Task Status</operation>
                              <operation source="field"
                                         to="temp.VoterRegistration Election Histories/output/Success_Source_Rows">Success Source Rows</operation>
                              <operation source="field"
                                         to="temp.VoterRegistration Election Histories/output/Failed_Source_Rows">Failed Source Rows</operation>
                              <operation source="field"
                                         to="temp.VoterRegistration Election Histories/output/Success_Target_Rows">Success Target Rows</operation>
                              <operation source="field"
                                         to="temp.VoterRegistration Election Histories/output/Failed_Target_Rows">Failed Target Rows</operation>
                              <operation source="field"
                                         to="temp.VoterRegistration Election Histories/output/Start_Time">Start Time</operation>
                              <operation source="field"
                                         to="temp.VoterRegistration Election Histories/output/End_Time">End Time</operation>
                              <operation source="field"
                                         to="temp.VoterRegistration Election Histories/output/Error_Message">Error Message</operation>
                              <operation source="field"
                                         to="temp.VoterRegistration Election Histories/output/TotalTransErrors">Total Transformation Errors</operation>
                              <operation source="field"
                                         to="temp.VoterRegistration Election Histories/output/FirstErrorCode">First Error Code</operation>
                           </serviceOutput>
                        </service>
                        <events>
                           <catch faultField="temp.VoterRegistration Election Histories/fault"
                                  id="kvxvgvc6"
                                  interrupting="true"
                                  name="error">
                              <suspend/>
                           </catch>
                           <catch faultField="temp.VoterRegistration Election Histories/fault"
                                  id="kvxvgvc7"
                                  interrupting="true"
                                  name="warning"/>
                        </events>
                     </eventContainer>
                     <link id="j3wg4fhk" targetId="j3wg4fhf" type="containerLink"/>
                  </flow>
                  <flow id="j3wg4fhm">
                     <eventContainer id="kvxvgvde">
                        <service id="j3wg4fi4">
                           <title>VoterRegistration Elections</title>
                           <serviceName>ICSExecuteDataTask</serviceName>
                           <serviceGUID/>
                           <serviceInput>
                              <parameter name="Wait for Task to Complete" source="constant" updatable="true">true</parameter>
                              <parameter name="Max Wait" source="constant" updatable="true">604800</parameter>
                              <parameter name="Task Name" source="constant" updatable="true">mt_TSdecom_VoterRegistration_Elections</parameter>
                              <parameter name="GUID" source="constant" updatable="true">4HG6VXHZS6ZdmFFNg5m90G</parameter>
                              <parameter name="Task Type" source="constant" updatable="true">MCT</parameter>
                              <parameter name="Has Inout Parameters" source="constant" updatable="true">false</parameter>
                              <parameter name="taskField" source="nested">
                                 <operation source="field" to="mt-TSdecom-VoterRegistration-Elections">temp.VoterRegistration Elections</operation>
                              </parameter>
                           </serviceInput>
                           <serviceOutput>
                              <operation source="field" to="temp.VoterRegistration Elections/output/Object_Name">Object Name</operation>
                              <operation source="field" to="temp.VoterRegistration Elections/output/Run_Id">Run Id</operation>
                              <operation source="field" to="temp.VoterRegistration Elections/output/Log_Id">Log Id</operation>
                              <operation source="field" to="temp.VoterRegistration Elections/output/Task_Id">Task Id</operation>
                              <operation source="field" to="temp.VoterRegistration Elections/output/Task_Status">Task Status</operation>
                              <operation source="field"
                                         to="temp.VoterRegistration Elections/output/Success_Source_Rows">Success Source Rows</operation>
                              <operation source="field"
                                         to="temp.VoterRegistration Elections/output/Failed_Source_Rows">Failed Source Rows</operation>
                              <operation source="field"
                                         to="temp.VoterRegistration Elections/output/Success_Target_Rows">Success Target Rows</operation>
                              <operation source="field"
                                         to="temp.VoterRegistration Elections/output/Failed_Target_Rows">Failed Target Rows</operation>
                              <operation source="field" to="temp.VoterRegistration Elections/output/Start_Time">Start Time</operation>
                              <operation source="field" to="temp.VoterRegistration Elections/output/End_Time">End Time</operation>
                              <operation source="field"
                                         to="temp.VoterRegistration Elections/output/Error_Message">Error Message</operation>
                              <operation source="field"
                                         to="temp.VoterRegistration Elections/output/TotalTransErrors">Total Transformation Errors</operation>
                              <operation source="field"
                                         to="temp.VoterRegistration Elections/output/FirstErrorCode">First Error Code</operation>
                           </serviceOutput>
                        </service>
                        <events>
                           <catch faultField="temp.VoterRegistration Elections/fault"
                                  id="kvxvgvdc"
                                  interrupting="true"
                                  name="error">
                              <suspend/>
                           </catch>
                           <catch faultField="temp.VoterRegistration Elections/fault"
                                  id="kvxvgvdd"
                                  interrupting="true"
                                  name="warning"/>
                        </events>
                     </eventContainer>
                     <link id="j3wg4fhn" targetId="j3wg4fhf" type="containerLink"/>
                  </flow>
                  <flow id="ky83lutc">
                     <eventContainer id="ky83lvdz">
                        <service id="ky83luvv">
                           <title>Addresses</title>
                           <serviceName>ICSExecuteDataTask</serviceName>
                           <serviceGUID/>
                           <serviceInput>
                              <parameter name="Wait for Task to Complete" source="constant" updatable="true">true</parameter>
                              <parameter name="Max Wait" source="constant" updatable="true">604800</parameter>
                              <parameter name="Task Name" source="constant" updatable="true">mt_TSdecom_VoterRegistration_Addresses</parameter>
                              <parameter name="GUID" source="constant" updatable="true">14PYCsGDEAzjs95JW6ECSk</parameter>
                              <parameter name="Task Type" source="constant" updatable="true">MCT</parameter>
                              <parameter name="Has Inout Parameters" source="constant" updatable="true">false</parameter>
                              <parameter name="taskField" source="nested">
                                 <operation source="field" to="mt-TSdecom-VoterRegistration-Addresses">temp.Addresses</operation>
                              </parameter>
                           </serviceInput>
                           <serviceOutput>
                              <operation source="field" to="temp.Addresses/output/Object_Name">Object Name</operation>
                              <operation source="field" to="temp.Addresses/output/Run_Id">Run Id</operation>
                              <operation source="field" to="temp.Addresses/output/Log_Id">Log Id</operation>
                              <operation source="field" to="temp.Addresses/output/Task_Id">Task Id</operation>
                              <operation source="field" to="temp.Addresses/output/Task_Status">Task Status</operation>
                              <operation source="field" to="temp.Addresses/output/Success_Source_Rows">Success Source Rows</operation>
                              <operation source="field" to="temp.Addresses/output/Failed_Source_Rows">Failed Source Rows</operation>
                              <operation source="field" to="temp.Addresses/output/Success_Target_Rows">Success Target Rows</operation>
                              <operation source="field" to="temp.Addresses/output/Failed_Target_Rows">Failed Target Rows</operation>
                              <operation source="field" to="temp.Addresses/output/Start_Time">Start Time</operation>
                              <operation source="field" to="temp.Addresses/output/End_Time">End Time</operation>
                              <operation source="field" to="temp.Addresses/output/Error_Message">Error Message</operation>
                              <operation source="field" to="temp.Addresses/output/TotalTransErrors">Total Transformation Errors</operation>
                              <operation source="field" to="temp.Addresses/output/FirstErrorCode">First Error Code</operation>
                           </serviceOutput>
                        </service>
                        <events>
                           <catch faultField="temp.Addresses/fault"
                                  id="ky83lvdx"
                                  interrupting="true"
                                  name="error">
                              <suspend/>
                           </catch>
                           <catch faultField="temp.Addresses/fault"
                                  id="ky83lvdy"
                                  interrupting="true"
                                  name="warning"/>
                        </events>
                     </eventContainer>
                     <link id="ky83lutd" targetId="j3wg4fhf" type="containerLink"/>
                  </flow>
                  <flow id="ky83luti">
                     <eventContainer id="ky83lvca">
                        <service id="ky83luwa">
                           <title>Deceased States</title>
                           <serviceName>ICSExecuteDataTask</serviceName>
                           <serviceGUID/>
                           <serviceInput>
                              <parameter name="Wait for Task to Complete" source="constant" updatable="true">true</parameter>
                              <parameter name="Max Wait" source="constant" updatable="true">604800</parameter>
                              <parameter name="Task Name" source="constant" updatable="true">mt_TSdecom_VoterRegistration_DeceasedStates</parameter>
                              <parameter name="GUID" source="constant" updatable="true">2lr55ZlYQesgOX4f7DDvQ0</parameter>
                              <parameter name="Task Type" source="constant" updatable="true">MCT</parameter>
                              <parameter name="Has Inout Parameters" source="constant" updatable="true">false</parameter>
                              <parameter name="taskField" source="nested">
                                 <operation source="field" to="mt-TSdecom-VoterRegistration-DeceasedStates">temp.Deceased States</operation>
                              </parameter>
                           </serviceInput>
                           <serviceOutput>
                              <operation source="field" to="temp.Deceased States/output/Object_Name">Object Name</operation>
                              <operation source="field" to="temp.Deceased States/output/Run_Id">Run Id</operation>
                              <operation source="field" to="temp.Deceased States/output/Log_Id">Log Id</operation>
                              <operation source="field" to="temp.Deceased States/output/Task_Id">Task Id</operation>
                              <operation source="field" to="temp.Deceased States/output/Task_Status">Task Status</operation>
                              <operation source="field" to="temp.Deceased States/output/Success_Source_Rows">Success Source Rows</operation>
                              <operation source="field" to="temp.Deceased States/output/Failed_Source_Rows">Failed Source Rows</operation>
                              <operation source="field" to="temp.Deceased States/output/Success_Target_Rows">Success Target Rows</operation>
                              <operation source="field" to="temp.Deceased States/output/Failed_Target_Rows">Failed Target Rows</operation>
                              <operation source="field" to="temp.Deceased States/output/Start_Time">Start Time</operation>
                              <operation source="field" to="temp.Deceased States/output/End_Time">End Time</operation>
                              <operation source="field" to="temp.Deceased States/output/Error_Message">Error Message</operation>
                              <operation source="field" to="temp.Deceased States/output/TotalTransErrors">Total Transformation Errors</operation>
                              <operation source="field" to="temp.Deceased States/output/FirstErrorCode">First Error Code</operation>
                           </serviceOutput>
                        </service>
                        <events>
                           <catch faultField="temp.Deceased States/fault"
                                  id="ky83lvc8"
                                  interrupting="true"
                                  name="error">
                              <suspend/>
                           </catch>
                           <catch faultField="temp.Deceased States/fault"
                                  id="ky83lvc9"
                                  interrupting="true"
                                  name="warning"/>
                        </events>
                     </eventContainer>
                     <link id="ky83lutj" targetId="j3wg4fhf" type="containerLink"/>
                  </flow>
                  <flow id="ky83lutp">
                     <eventContainer id="ky83lv9s">
                        <service id="ky83luwp">
                           <title>AddressTypes</title>
                           <serviceName>ICSExecuteDataTask</serviceName>
                           <serviceGUID/>
                           <serviceInput>
                              <parameter name="Wait for Task to Complete" source="constant" updatable="true">true</parameter>
                              <parameter name="Max Wait" source="constant" updatable="true">604800</parameter>
                              <parameter name="Task Name" source="constant" updatable="true">mt_TSdecom_VoterRegistration_AddressTypes</parameter>
                              <parameter name="GUID" source="constant" updatable="true">9IdgNbPHJoRiGzNdw6svSh</parameter>
                              <parameter name="Task Type" source="constant" updatable="true">MCT</parameter>
                              <parameter name="Has Inout Parameters" source="constant" updatable="true">false</parameter>
                              <parameter name="taskField" source="nested">
                                 <operation source="field" to="mt-TSdecom-VoterRegistration-AddressTypes">temp.AddressTypes</operation>
                              </parameter>
                           </serviceInput>
                           <serviceOutput>
                              <operation source="field" to="temp.AddressTypes/output/Object_Name">Object Name</operation>
                              <operation source="field" to="temp.AddressTypes/output/Run_Id">Run Id</operation>
                              <operation source="field" to="temp.AddressTypes/output/Log_Id">Log Id</operation>
                              <operation source="field" to="temp.AddressTypes/output/Task_Id">Task Id</operation>
                              <operation source="field" to="temp.AddressTypes/output/Task_Status">Task Status</operation>
                              <operation source="field" to="temp.AddressTypes/output/Success_Source_Rows">Success Source Rows</operation>
                              <operation source="field" to="temp.AddressTypes/output/Failed_Source_Rows">Failed Source Rows</operation>
                              <operation source="field" to="temp.AddressTypes/output/Success_Target_Rows">Success Target Rows</operation>
                              <operation source="field" to="temp.AddressTypes/output/Failed_Target_Rows">Failed Target Rows</operation>
                              <operation source="field" to="temp.AddressTypes/output/Start_Time">Start Time</operation>
                              <operation source="field" to="temp.AddressTypes/output/End_Time">End Time</operation>
                              <operation source="field" to="temp.AddressTypes/output/Error_Message">Error Message</operation>
                              <operation source="field" to="temp.AddressTypes/output/TotalTransErrors">Total Transformation Errors</operation>
                              <operation source="field" to="temp.AddressTypes/output/FirstErrorCode">First Error Code</operation>
                           </serviceOutput>
                        </service>
                        <events>
                           <catch faultField="temp.AddressTypes/fault"
                                  id="ky83lv9q"
                                  interrupting="true"
                                  name="error">
                              <suspend/>
                           </catch>
                           <catch faultField="temp.AddressTypes/fault"
                                  id="ky83lv9r"
                                  interrupting="true"
                                  name="warning"/>
                        </events>
                     </eventContainer>
                     <link id="ky83lutq" targetId="j3wg4fhf" type="containerLink"/>
                  </flow>
                  <flow id="ky83lutx">
                     <eventContainer id="ky83lv83">
                        <service id="ky83lux4">
                           <title>Election Lists</title>
                           <serviceName>ICSExecuteDataTask</serviceName>
                           <serviceGUID/>
                           <serviceInput>
                              <parameter name="Wait for Task to Complete" source="constant" updatable="true">true</parameter>
                              <parameter name="Max Wait" source="constant" updatable="true">604800</parameter>
                              <parameter name="Task Name" source="constant" updatable="true">mt_TSdecom_VoterRegistration_ElectionLists</parameter>
                              <parameter name="GUID" source="constant" updatable="true">7CXlgqBRJA1hjOX0iVdj0n</parameter>
                              <parameter name="Task Type" source="constant" updatable="true">MCT</parameter>
                              <parameter name="Has Inout Parameters" source="constant" updatable="true">false</parameter>
                              <parameter name="taskField" source="nested">
                                 <operation source="field" to="mt-TSdecom-VoterRegistration-ElectionLists">temp.Election Lists</operation>
                              </parameter>
                           </serviceInput>
                           <serviceOutput>
                              <operation source="field" to="temp.Election Lists/output/Object_Name">Object Name</operation>
                              <operation source="field" to="temp.Election Lists/output/Run_Id">Run Id</operation>
                              <operation source="field" to="temp.Election Lists/output/Log_Id">Log Id</operation>
                              <operation source="field" to="temp.Election Lists/output/Task_Id">Task Id</operation>
                              <operation source="field" to="temp.Election Lists/output/Task_Status">Task Status</operation>
                              <operation source="field" to="temp.Election Lists/output/Success_Source_Rows">Success Source Rows</operation>
                              <operation source="field" to="temp.Election Lists/output/Failed_Source_Rows">Failed Source Rows</operation>
                              <operation source="field" to="temp.Election Lists/output/Success_Target_Rows">Success Target Rows</operation>
                              <operation source="field" to="temp.Election Lists/output/Failed_Target_Rows">Failed Target Rows</operation>
                              <operation source="field" to="temp.Election Lists/output/Start_Time">Start Time</operation>
                              <operation source="field" to="temp.Election Lists/output/End_Time">End Time</operation>
                              <operation source="field" to="temp.Election Lists/output/Error_Message">Error Message</operation>
                              <operation source="field" to="temp.Election Lists/output/TotalTransErrors">Total Transformation Errors</operation>
                              <operation source="field" to="temp.Election Lists/output/FirstErrorCode">First Error Code</operation>
                           </serviceOutput>
                        </service>
                        <events>
                           <catch faultField="temp.Election Lists/fault"
                                  id="ky83lv81"
                                  interrupting="true"
                                  name="error">
                              <suspend/>
                           </catch>
                           <catch faultField="temp.Election Lists/fault"
                                  id="ky83lv82"
                                  interrupting="true"
                                  name="warning"/>
                        </events>
                     </eventContainer>
                     <link id="ky83luty" targetId="j3wg4fhf" type="containerLink"/>
                  </flow>
                  <flow id="ky83luu6">
                     <eventContainer id="ky83lv6e">
                        <service id="ky83luxj">
                           <title>Election List Types</title>
                           <serviceName>ICSExecuteDataTask</serviceName>
                           <serviceGUID/>
                           <serviceInput>
                              <parameter name="Wait for Task to Complete" source="constant" updatable="true">true</parameter>
                              <parameter name="Max Wait" source="constant" updatable="true">604800</parameter>
                              <parameter name="Task Name" source="constant" updatable="true">mt_TSdecom_VoterRegistration_ElectionListTypes</parameter>
                              <parameter name="GUID" source="constant" updatable="true">4mrfC1kQuwjjTimi9ZAj6A</parameter>
                              <parameter name="Task Type" source="constant" updatable="true">MCT</parameter>
                              <parameter name="Has Inout Parameters" source="constant" updatable="true">false</parameter>
                              <parameter name="taskField" source="nested">
                                 <operation source="field" to="mt-TSdecom-VoterRegistration-ElectionListTypes">temp.Election List Types</operation>
                              </parameter>
                           </serviceInput>
                           <serviceOutput>
                              <operation source="field" to="temp.Election List Types/output/Object_Name">Object Name</operation>
                              <operation source="field" to="temp.Election List Types/output/Run_Id">Run Id</operation>
                              <operation source="field" to="temp.Election List Types/output/Log_Id">Log Id</operation>
                              <operation source="field" to="temp.Election List Types/output/Task_Id">Task Id</operation>
                              <operation source="field" to="temp.Election List Types/output/Task_Status">Task Status</operation>
                              <operation source="field" to="temp.Election List Types/output/Success_Source_Rows">Success Source Rows</operation>
                              <operation source="field" to="temp.Election List Types/output/Failed_Source_Rows">Failed Source Rows</operation>
                              <operation source="field" to="temp.Election List Types/output/Success_Target_Rows">Success Target Rows</operation>
                              <operation source="field" to="temp.Election List Types/output/Failed_Target_Rows">Failed Target Rows</operation>
                              <operation source="field" to="temp.Election List Types/output/Start_Time">Start Time</operation>
                              <operation source="field" to="temp.Election List Types/output/End_Time">End Time</operation>
                              <operation source="field" to="temp.Election List Types/output/Error_Message">Error Message</operation>
                              <operation source="field" to="temp.Election List Types/output/TotalTransErrors">Total Transformation Errors</operation>
                              <operation source="field" to="temp.Election List Types/output/FirstErrorCode">First Error Code</operation>
                           </serviceOutput>
                        </service>
                        <events>
                           <catch faultField="temp.Election List Types/fault"
                                  id="ky83lv6c"
                                  interrupting="true"
                                  name="error">
                              <suspend/>
                           </catch>
                           <catch faultField="temp.Election List Types/fault"
                                  id="ky83lv6d"
                                  interrupting="true"
                                  name="warning"/>
                        </events>
                     </eventContainer>
                     <link id="ky83luu7" targetId="j3wg4fhf" type="containerLink"/>
                  </flow>
                  <flow id="ky83luug">
                     <eventContainer id="ky83lv4p">
                        <service id="ky83luxy">
                           <title>Users</title>
                           <serviceName>ICSExecuteDataTask</serviceName>
                           <serviceGUID/>
                           <serviceInput>
                              <parameter name="Wait for Task to Complete" source="constant" updatable="true">true</parameter>
                              <parameter name="Max Wait" source="constant" updatable="true">604800</parameter>
                              <parameter name="Task Name" source="constant" updatable="true">mt_TSdecom_VoterRegistration_Users</parameter>
                              <parameter name="GUID" source="constant" updatable="true">1noAZSJeCMRe5VIBjKty8B</parameter>
                              <parameter name="Task Type" source="constant" updatable="true">MCT</parameter>
                              <parameter name="Has Inout Parameters" source="constant" updatable="true">false</parameter>
                              <parameter name="taskField" source="nested">
                                 <operation source="field" to="mt-TSdecom-VoterRegistration-Users">temp.Users</operation>
                              </parameter>
                           </serviceInput>
                           <serviceOutput>
                              <operation source="field" to="temp.Users/output/Object_Name">Object Name</operation>
                              <operation source="field" to="temp.Users/output/Run_Id">Run Id</operation>
                              <operation source="field" to="temp.Users/output/Log_Id">Log Id</operation>
                              <operation source="field" to="temp.Users/output/Task_Id">Task Id</operation>
                              <operation source="field" to="temp.Users/output/Task_Status">Task Status</operation>
                              <operation source="field" to="temp.Users/output/Success_Source_Rows">Success Source Rows</operation>
                              <operation source="field" to="temp.Users/output/Failed_Source_Rows">Failed Source Rows</operation>
                              <operation source="field" to="temp.Users/output/Success_Target_Rows">Success Target Rows</operation>
                              <operation source="field" to="temp.Users/output/Failed_Target_Rows">Failed Target Rows</operation>
                              <operation source="field" to="temp.Users/output/Start_Time">Start Time</operation>
                              <operation source="field" to="temp.Users/output/End_Time">End Time</operation>
                              <operation source="field" to="temp.Users/output/Error_Message">Error Message</operation>
                              <operation source="field" to="temp.Users/output/TotalTransErrors">Total Transformation Errors</operation>
                              <operation source="field" to="temp.Users/output/FirstErrorCode">First Error Code</operation>
                           </serviceOutput>
                        </service>
                        <events>
                           <catch faultField="temp.Users/fault"
                                  id="ky83lv4n"
                                  interrupting="true"
                                  name="error">
                              <suspend/>
                           </catch>
                           <catch faultField="temp.Users/fault"
                                  id="ky83lv4o"
                                  interrupting="true"
                                  name="warning"/>
                        </events>
                     </eventContainer>
                     <link id="ky83luuh" targetId="j3wg4fhf" type="containerLink"/>
                  </flow>
                  <flow id="ky83luur">
                     <eventContainer id="ky83lv30">
                        <service id="ky83luyd">
                           <title>Voters</title>
                           <serviceName>ICSExecuteDataTask</serviceName>
                           <serviceGUID/>
                           <serviceInput>
                              <parameter name="Wait for Task to Complete" source="constant" updatable="true">true</parameter>
                              <parameter name="Max Wait" source="constant" updatable="true">604800</parameter>
                              <parameter name="Task Name" source="constant" updatable="true">mt_TSdecom_VoterRegistration_Voters</parameter>
                              <parameter name="GUID" source="constant" updatable="true">a9xMAahexQPh0L6iekNcMD</parameter>
                              <parameter name="Task Type" source="constant" updatable="true">MCT</parameter>
                              <parameter name="Has Inout Parameters" source="constant" updatable="true">false</parameter>
                              <parameter name="taskField" source="nested">
                                 <operation source="field" to="mt-TSdecom-VoterRegistration-Voters">temp.Voters</operation>
                              </parameter>
                           </serviceInput>
                           <serviceOutput>
                              <operation source="field" to="temp.Voters/output/Object_Name">Object Name</operation>
                              <operation source="field" to="temp.Voters/output/Run_Id">Run Id</operation>
                              <operation source="field" to="temp.Voters/output/Log_Id">Log Id</operation>
                              <operation source="field" to="temp.Voters/output/Task_Id">Task Id</operation>
                              <operation source="field" to="temp.Voters/output/Task_Status">Task Status</operation>
                              <operation source="field" to="temp.Voters/output/Success_Source_Rows">Success Source Rows</operation>
                              <operation source="field" to="temp.Voters/output/Failed_Source_Rows">Failed Source Rows</operation>
                              <operation source="field" to="temp.Voters/output/Success_Target_Rows">Success Target Rows</operation>
                              <operation source="field" to="temp.Voters/output/Failed_Target_Rows">Failed Target Rows</operation>
                              <operation source="field" to="temp.Voters/output/Start_Time">Start Time</operation>
                              <operation source="field" to="temp.Voters/output/End_Time">End Time</operation>
                              <operation source="field" to="temp.Voters/output/Error_Message">Error Message</operation>
                              <operation source="field" to="temp.Voters/output/TotalTransErrors">Total Transformation Errors</operation>
                              <operation source="field" to="temp.Voters/output/FirstErrorCode">First Error Code</operation>
                           </serviceOutput>
                        </service>
                        <events>
                           <catch faultField="temp.Voters/fault"
                                  id="ky83lv2y"
                                  interrupting="true"
                                  name="error">
                              <suspend/>
                           </catch>
                           <catch faultField="temp.Voters/fault"
                                  id="ky83lv2z"
                                  interrupting="true"
                                  name="warning"/>
                        </events>
                     </eventContainer>
                     <link id="ky83luus" targetId="j3wg4fhf" type="containerLink"/>
                  </flow>
                  <flow id="ky83luv3">
                     <eventContainer id="ky83lv1b">
                        <service id="ky83luys">
                           <title>Voter Source Types</title>
                           <serviceName>ICSExecuteDataTask</serviceName>
                           <serviceGUID/>
                           <serviceInput>
                              <parameter name="Wait for Task to Complete" source="constant" updatable="true">true</parameter>
                              <parameter name="Max Wait" source="constant" updatable="true">604800</parameter>
                              <parameter name="Task Name" source="constant" updatable="true">mt_TSdecom_VoterRegistration_VoterSourceTypes</parameter>
                              <parameter name="GUID" source="constant" updatable="true">aCM4xcYO478fCctt8Pspag</parameter>
                              <parameter name="Task Type" source="constant" updatable="true">MCT</parameter>
                              <parameter name="Has Inout Parameters" source="constant" updatable="true">false</parameter>
                              <parameter name="taskField" source="nested">
                                 <operation source="field" to="mt-TSdecom-VoterRegistration-VoterSourceTypes">temp.Voter Source Types</operation>
                              </parameter>
                           </serviceInput>
                           <serviceOutput>
                              <operation source="field" to="temp.Voter Source Types/output/Object_Name">Object Name</operation>
                              <operation source="field" to="temp.Voter Source Types/output/Run_Id">Run Id</operation>
                              <operation source="field" to="temp.Voter Source Types/output/Log_Id">Log Id</operation>
                              <operation source="field" to="temp.Voter Source Types/output/Task_Id">Task Id</operation>
                              <operation source="field" to="temp.Voter Source Types/output/Task_Status">Task Status</operation>
                              <operation source="field" to="temp.Voter Source Types/output/Success_Source_Rows">Success Source Rows</operation>
                              <operation source="field" to="temp.Voter Source Types/output/Failed_Source_Rows">Failed Source Rows</operation>
                              <operation source="field" to="temp.Voter Source Types/output/Success_Target_Rows">Success Target Rows</operation>
                              <operation source="field" to="temp.Voter Source Types/output/Failed_Target_Rows">Failed Target Rows</operation>
                              <operation source="field" to="temp.Voter Source Types/output/Start_Time">Start Time</operation>
                              <operation source="field" to="temp.Voter Source Types/output/End_Time">End Time</operation>
                              <operation source="field" to="temp.Voter Source Types/output/Error_Message">Error Message</operation>
                              <operation source="field" to="temp.Voter Source Types/output/TotalTransErrors">Total Transformation Errors</operation>
                              <operation source="field" to="temp.Voter Source Types/output/FirstErrorCode">First Error Code</operation>
                           </serviceOutput>
                        </service>
                        <events>
                           <catch faultField="temp.Voter Source Types/fault"
                                  id="ky83lv19"
                                  interrupting="true"
                                  name="error">
                              <suspend/>
                           </catch>
                           <catch faultField="temp.Voter Source Types/fault"
                                  id="ky83lv1a"
                                  interrupting="true"
                                  name="warning"/>
                        </events>
                     </eventContainer>
                     <link id="ky83luv4" targetId="j3wg4fhf" type="containerLink"/>
                  </flow>
                  <flow id="ky83luvg">
                     <eventContainer id="ky83luzm">
                        <service id="ky83luz7">
                           <title>Voter Voting Districts</title>
                           <serviceName>ICSExecuteDataTask</serviceName>
                           <serviceGUID/>
                           <serviceInput>
                              <parameter name="Wait for Task to Complete" source="constant" updatable="true">true</parameter>
                              <parameter name="Max Wait" source="constant" updatable="true">604800</parameter>
                              <parameter name="Task Name" source="constant" updatable="true">mt_TSdecom_VoterRegistration_VoterVotingDistricts</parameter>
                              <parameter name="GUID" source="constant" updatable="true">4bTkB94hmYbcwp0SwdNVu6</parameter>
                              <parameter name="Task Type" source="constant" updatable="true">MCT</parameter>
                              <parameter name="Has Inout Parameters" source="constant" updatable="true">false</parameter>
                              <parameter name="taskField" source="nested">
                                 <operation source="field" to="mt-TSdecom-VoterRegistration-VoterVotingDistricts">temp.Voter Voting Districts</operation>
                              </parameter>
                           </serviceInput>
                           <serviceOutput>
                              <operation source="field" to="temp.Voter Voting Districts/output/Object_Name">Object Name</operation>
                              <operation source="field" to="temp.Voter Voting Districts/output/Run_Id">Run Id</operation>
                              <operation source="field" to="temp.Voter Voting Districts/output/Log_Id">Log Id</operation>
                              <operation source="field" to="temp.Voter Voting Districts/output/Task_Id">Task Id</operation>
                              <operation source="field" to="temp.Voter Voting Districts/output/Task_Status">Task Status</operation>
                              <operation source="field"
                                         to="temp.Voter Voting Districts/output/Success_Source_Rows">Success Source Rows</operation>
                              <operation source="field"
                                         to="temp.Voter Voting Districts/output/Failed_Source_Rows">Failed Source Rows</operation>
                              <operation source="field"
                                         to="temp.Voter Voting Districts/output/Success_Target_Rows">Success Target Rows</operation>
                              <operation source="field"
                                         to="temp.Voter Voting Districts/output/Failed_Target_Rows">Failed Target Rows</operation>
                              <operation source="field" to="temp.Voter Voting Districts/output/Start_Time">Start Time</operation>
                              <operation source="field" to="temp.Voter Voting Districts/output/End_Time">End Time</operation>
                              <operation source="field" to="temp.Voter Voting Districts/output/Error_Message">Error Message</operation>
                              <operation source="field" to="temp.Voter Voting Districts/output/TotalTransErrors">Total Transformation Errors</operation>
                              <operation source="field" to="temp.Voter Voting Districts/output/FirstErrorCode">First Error Code</operation>
                           </serviceOutput>
                        </service>
                        <events>
                           <catch faultField="temp.Voter Voting Districts/fault"
                                  id="ky83luzk"
                                  interrupting="true"
                                  name="error">
                              <suspend/>
                           </catch>
                           <catch faultField="temp.Voter Voting Districts/fault"
                                  id="ky83luzl"
                                  interrupting="true"
                                  name="warning"/>
                        </events>
                     </eventContainer>
                     <link id="ky83luvh" targetId="j3wg4fhf" type="containerLink"/>
                  </flow>
                  <link id="j3wg4fhi" targetId="j3wg4fhj" type="containerLink"/>
                  <link id="j3wg4fhl" targetId="j3wg4fhm" type="containerLink"/>
                  <link id="ky83lutb" targetId="ky83lutc" type="containerLink"/>
                  <link id="ky83luth" targetId="ky83luti" type="containerLink"/>
                  <link id="ky83luto" targetId="ky83lutp" type="containerLink"/>
                  <link id="ky83lutw" targetId="ky83lutx" type="containerLink"/>
                  <link id="ky83luu5" targetId="ky83luu6" type="containerLink"/>
                  <link id="ky83luuf" targetId="ky83luug" type="containerLink"/>
                  <link id="ky83luuq" targetId="ky83luur" type="containerLink"/>
                  <link id="ky83luv2" targetId="ky83luv3" type="containerLink"/>
                  <link id="ky83luvf" targetId="ky83luvg" type="containerLink"/>
                  <link id="j3wg4fhh" targetId="c"/>
               </container>
               <end id="c"/>
            </flow>
            <dependencies>
               <processObject xmlns="http://schemas.active-endpoints.com/appmodules/screenflow/2011/06/avosHostEnvironment.xsd"
                              displayName="mt-TSdecom-VoterRegistration-ElectionHistories"
                              isByCopy="true"
                              name="mt-TSdecom-VoterRegistration-ElectionHistories">
                  <description/>
                  <tags/>
                  <detail>
                     <field label="Input Parameters"
                            name="input"
                            nullable="true"
                            required="false"
                            type="reference"/>
                     <field label="TaskProperties Parameters"
                            name="taskProperties"
                            nullable="true"
                            required="false"
                            type="reference"/>
                     <field label="Output Parameters"
                            name="output"
                            nullable="true"
                            required="false"
                            type="reference"/>
                     <field label="Fault"
                            name="fault"
                            nullable="true"
                            required="false"
                            type="reference"/>
                  </detail>
               </processObject>
               <processObject xmlns="http://schemas.active-endpoints.com/appmodules/screenflow/2011/06/avosHostEnvironment.xsd"
                              displayName="mt-TSdecom-VoterRegistration-Elections"
                              isByCopy="true"
                              name="mt-TSdecom-VoterRegistration-Elections">
                  <description/>
                  <tags/>
                  <detail>
                     <field label="Input Parameters"
                            name="input"
                            nullable="true"
                            required="false"
                            type="reference"/>
                     <field label="TaskProperties Parameters"
                            name="taskProperties"
                            nullable="true"
                            required="false"
                            type="reference"/>
                     <field label="Output Parameters"
                            name="output"
                            nullable="true"
                            required="false"
                            type="reference"/>
                     <field label="Fault"
                            name="fault"
                            nullable="true"
                            required="false"
                            type="reference"/>
                  </detail>
               </processObject>
               <processObject xmlns="http://schemas.active-endpoints.com/appmodules/screenflow/2011/06/avosHostEnvironment.xsd"
                              displayName="mt-TSdecom-VoterRegistration-Addresses"
                              isByCopy="true"
                              name="mt-TSdecom-VoterRegistration-Addresses">
                  <description/>
                  <tags/>
                  <detail>
                     <field label="Input Parameters"
                            name="input"
                            nullable="true"
                            required="false"
                            type="reference"/>
                     <field label="TaskProperties Parameters"
                            name="taskProperties"
                            nullable="true"
                            required="false"
                            type="reference"/>
                     <field label="Output Parameters"
                            name="output"
                            nullable="true"
                            required="false"
                            type="reference"/>
                     <field label="Fault"
                            name="fault"
                            nullable="true"
                            required="false"
                            type="reference"/>
                  </detail>
               </processObject>
               <processObject xmlns="http://schemas.active-endpoints.com/appmodules/screenflow/2011/06/avosHostEnvironment.xsd"
                              displayName="mt-TSdecom-VoterRegistration-DeceasedStates"
                              isByCopy="true"
                              name="mt-TSdecom-VoterRegistration-DeceasedStates">
                  <description/>
                  <tags/>
                  <detail>
                     <field label="Input Parameters"
                            name="input"
                            nullable="true"
                            required="false"
                            type="reference"/>
                     <field label="TaskProperties Parameters"
                            name="taskProperties"
                            nullable="true"
                            required="false"
                            type="reference"/>
                     <field label="Output Parameters"
                            name="output"
                            nullable="true"
                            required="false"
                            type="reference"/>
                     <field label="Fault"
                            name="fault"
                            nullable="true"
                            required="false"
                            type="reference"/>
                  </detail>
               </processObject>
               <processObject xmlns="http://schemas.active-endpoints.com/appmodules/screenflow/2011/06/avosHostEnvironment.xsd"
                              displayName="mt-TSdecom-VoterRegistration-AddressTypes"
                              isByCopy="true"
                              name="mt-TSdecom-VoterRegistration-AddressTypes">
                  <description/>
                  <tags/>
                  <detail>
                     <field label="Input Parameters"
                            name="input"
                            nullable="true"
                            required="false"
                            type="reference"/>
                     <field label="TaskProperties Parameters"
                            name="taskProperties"
                            nullable="true"
                            required="false"
                            type="reference"/>
                     <field label="Output Parameters"
                            name="output"
                            nullable="true"
                            required="false"
                            type="reference"/>
                     <field label="Fault"
                            name="fault"
                            nullable="true"
                            required="false"
                            type="reference"/>
                  </detail>
               </processObject>
               <processObject xmlns="http://schemas.active-endpoints.com/appmodules/screenflow/2011/06/avosHostEnvironment.xsd"
                              displayName="mt-TSdecom-VoterRegistration-ElectionLists"
                              isByCopy="true"
                              name="mt-TSdecom-VoterRegistration-ElectionLists">
                  <description/>
                  <tags/>
                  <detail>
                     <field label="Input Parameters"
                            name="input"
                            nullable="true"
                            required="false"
                            type="reference"/>
                     <field label="TaskProperties Parameters"
                            name="taskProperties"
                            nullable="true"
                            required="false"
                            type="reference"/>
                     <field label="Output Parameters"
                            name="output"
                            nullable="true"
                            required="false"
                            type="reference"/>
                     <field label="Fault"
                            name="fault"
                            nullable="true"
                            required="false"
                            type="reference"/>
                  </detail>
               </processObject>
               <processObject xmlns="http://schemas.active-endpoints.com/appmodules/screenflow/2011/06/avosHostEnvironment.xsd"
                              displayName="mt-TSdecom-VoterRegistration-ElectionListTypes"
                              isByCopy="true"
                              name="mt-TSdecom-VoterRegistration-ElectionListTypes">
                  <description/>
                  <tags/>
                  <detail>
                     <field label="Input Parameters"
                            name="input"
                            nullable="true"
                            required="false"
                            type="reference"/>
                     <field label="TaskProperties Parameters"
                            name="taskProperties"
                            nullable="true"
                            required="false"
                            type="reference"/>
                     <field label="Output Parameters"
                            name="output"
                            nullable="true"
                            required="false"
                            type="reference"/>
                     <field label="Fault"
                            name="fault"
                            nullable="true"
                            required="false"
                            type="reference"/>
                  </detail>
               </processObject>
               <processObject xmlns="http://schemas.active-endpoints.com/appmodules/screenflow/2011/06/avosHostEnvironment.xsd"
                              displayName="mt-TSdecom-VoterRegistration-Users"
                              isByCopy="true"
                              name="mt-TSdecom-VoterRegistration-Users">
                  <description/>
                  <tags/>
                  <detail>
                     <field label="Input Parameters"
                            name="input"
                            nullable="true"
                            required="false"
                            type="reference"/>
                     <field label="TaskProperties Parameters"
                            name="taskProperties"
                            nullable="true"
                            required="false"
                            type="reference"/>
                     <field label="Output Parameters"
                            name="output"
                            nullable="true"
                            required="false"
                            type="reference"/>
                     <field label="Fault"
                            name="fault"
                            nullable="true"
                            required="false"
                            type="reference"/>
                  </detail>
               </processObject>
               <processObject xmlns="http://schemas.active-endpoints.com/appmodules/screenflow/2011/06/avosHostEnvironment.xsd"
                              displayName="mt-TSdecom-VoterRegistration-Voters"
                              isByCopy="true"
                              name="mt-TSdecom-VoterRegistration-Voters">
                  <description/>
                  <tags/>
                  <detail>
                     <field label="Input Parameters"
                            name="input"
                            nullable="true"
                            required="false"
                            type="reference"/>
                     <field label="TaskProperties Parameters"
                            name="taskProperties"
                            nullable="true"
                            required="false"
                            type="reference"/>
                     <field label="Output Parameters"
                            name="output"
                            nullable="true"
                            required="false"
                            type="reference"/>
                     <field label="Fault"
                            name="fault"
                            nullable="true"
                            required="false"
                            type="reference"/>
                  </detail>
               </processObject>
               <processObject xmlns="http://schemas.active-endpoints.com/appmodules/screenflow/2011/06/avosHostEnvironment.xsd"
                              displayName="mt-TSdecom-VoterRegistration-VoterSourceTypes"
                              isByCopy="true"
                              name="mt-TSdecom-VoterRegistration-VoterSourceTypes">
                  <description/>
                  <tags/>
                  <detail>
                     <field label="Input Parameters"
                            name="input"
                            nullable="true"
                            required="false"
                            type="reference"/>
                     <field label="TaskProperties Parameters"
                            name="taskProperties"
                            nullable="true"
                            required="false"
                            type="reference"/>
                     <field label="Output Parameters"
                            name="output"
                            nullable="true"
                            required="false"
                            type="reference"/>
                     <field label="Fault"
                            name="fault"
                            nullable="true"
                            required="false"
                            type="reference"/>
                  </detail>
               </processObject>
               <processObject xmlns="http://schemas.active-endpoints.com/appmodules/screenflow/2011/06/avosHostEnvironment.xsd"
                              displayName="mt-TSdecom-VoterRegistration-VoterVotingDistricts"
                              isByCopy="true"
                              name="mt-TSdecom-VoterRegistration-VoterVotingDistricts">
                  <description/>
                  <tags/>
                  <detail>
                     <field label="Input Parameters"
                            name="input"
                            nullable="true"
                            required="false"
                            type="reference"/>
                     <field label="TaskProperties Parameters"
                            name="taskProperties"
                            nullable="true"
                            required="false"
                            type="reference"/>
                     <field label="Output Parameters"
                            name="output"
                            nullable="true"
                            required="false"
                            type="reference"/>
                     <field label="Fault"
                            name="fault"
                            nullable="true"
                            required="false"
                            type="reference"/>
                  </detail>
               </processObject>
            </dependencies>
         </taskflow>
      </types1:Entry>
      <types1:GUID>2CLF7WAxNL5bMWVjA0GK06</types1:GUID>
      <types1:DisplayName>tf_Tsdecom_VoterRegistration</types1:DisplayName>
   </types1:Item>
   <types1:CurrentServerDateTime>2022-01-10T03:15:59.99Z</types1:CurrentServerDateTime>
</aetgt:getResponse>
