<aetgt:getResponse xmlns:aetgt="http://schemas.active-endpoints.com/appmodules/repository/2010/10/avrepository.xsd"
                   xmlns:types1="http://schemas.active-endpoints.com/appmodules/repository/2010/10/avrepository.xsd">
   <types1:Item>
      <types1:EntryId>gqRQciSrZMSPfXB-gt-624768-2022-02-25T03:22:41.12Z::tf.xml</types1:EntryId>
      <types1:Name>tf_TSdecom_TechnologyAllowance</types1:Name>
      <types1:MimeType>application/xml+taskflow</types1:MimeType>
      <types1:Description>TF to load Technology Allowance tables</types1:Description>
      <types1:AppliesTo/>
      <types1:Tags/>
      <types1:VersionLabel>1.0</types1:VersionLabel>
      <types1:State>CURRENT</types1:State>
      <types1:ProcessGroup/>
      <types1:CreatedBy>1006554@choctawnation.com</types1:CreatedBy>
      <types1:CreationDate>2022-02-25T03:22:41Z</types1:CreationDate>
      <types1:ModifiedBy/>
      <types1:PublicationStatus>published</types1:PublicationStatus>
      <types1:PublishedBy>1006554@choctawnation.com</types1:PublishedBy>
      <types1:PublicationDate>2022-02-25T03:24:24Z</types1:PublicationDate>
      <types1:PublishedContributionId>project:/tf.tf_TSdecom_TechnologyAllowance/tf_TSdecom_TechnologyAllowance.tf.xml</types1:PublishedContributionId>
      <types1:AutosaveExists>false</types1:AutosaveExists>
      <types1:Entry>
         <taskflow xmlns="http://schemas.active-endpoints.com/appmodules/screenflow/2010/10/avosScreenflow.xsd"
                   xmlns:tfm="http://schemas.active-endpoints.com/appmodules/screenflow/2021/04/taskflowModel.xsd"
                   xmlns:list="urn:activevos:spi:list:functions"
                   displayName="tf_TSdecom_TechnologyAllowance"
                   name="tf_TSdecom_TechnologyAllowance"
                   overrideAPIName="false">
            <parameterSet xmlns="http://schemas.active-endpoints.com/appmodules/screenflow/2021/04/taskflowModel.xsd"/>
            <appliesTo/>
            <description>TF to load Technology Allowance tables</description>
            <tags/>
            <generator>Informatica Process Designer 11</generator>
            <tempFields>
               <field description="" name="Award" type="reference">
                  <options>
                     <option name="failOnNotRun">false</option>
                     <option name="failOnFault">false</option>
                     <option name="referenceTo">$po:mt-TSdecom-TechnologyAllowance-Award</option>
                  </options>
               </field>
               <field description="" name="Batch" type="reference">
                  <options>
                     <option name="failOnNotRun">false</option>
                     <option name="failOnFault">false</option>
                     <option name="referenceTo">$po:mt-TSdecom-TechnologyAllowance-Batch</option>
                  </options>
               </field>
               <field description="" name="Classification" type="reference">
                  <options>
                     <option name="failOnNotRun">false</option>
                     <option name="failOnFault">false</option>
                     <option name="referenceTo">$po:mt-TSdecom-TechnologyAllowance-Classification</option>
                  </options>
               </field>
               <field description="" name="FundingPeriod" type="reference">
                  <options>
                     <option name="failOnNotRun">false</option>
                     <option name="failOnFault">false</option>
                     <option name="referenceTo">$po:mt-TSdecom-TechnologyAllowance-Classification</option>
                  </options>
               </field>
               <field description="" name="Student" type="reference">
                  <options>
                     <option name="failOnNotRun">false</option>
                     <option name="failOnFault">false</option>
                     <option name="referenceTo">$po:mt-TSdecom-TechnologyAllowance-Student</option>
                  </options>
               </field>
               <field description="" name="Users" type="reference">
                  <options>
                     <option name="failOnNotRun">false</option>
                     <option name="failOnFault">false</option>
                     <option name="referenceTo">$po:mt-TSdecom-TechnologyAllowance-User</option>
                  </options>
               </field>
               <field description="" name="Application" type="reference">
                  <options>
                     <option name="failOnNotRun">false</option>
                     <option name="failOnFault">false</option>
                     <option name="referenceTo">$po:mt-TSdecom-TechnologyAllowance-Application</option>
                  </options>
               </field>
               <field description="" name="Application Status" type="reference">
                  <options>
                     <option name="failOnNotRun">false</option>
                     <option name="failOnFault">false</option>
                     <option name="referenceTo">$po:mt-TSdecom-TechnologyAllowance-ApplicationStatus</option>
                  </options>
               </field>
            </tempFields>
            <notes/>
            <deployment suspendOnFault="false" tracingLevel="verbose">
               <rest/>
            </deployment>
            <flow id="a">
               <start id="b">
                  <link id="j3wg4fhg" targetId="j3wg4fhf"/>
               </start>
               <container id="j3wg4fhf" type="parallel">
                  <title>TA</title>
                  <flow id="j3wg4fhj">
                     <eventContainer id="l01u66b1">
                        <service id="j3wg4fhu">
                           <title>Application</title>
                           <serviceName>ICSExecuteDataTask</serviceName>
                           <serviceGUID/>
                           <serviceInput>
                              <parameter name="Wait for Task to Complete" source="constant" updatable="true">true</parameter>
                              <parameter name="Max Wait" source="constant" updatable="true">604800</parameter>
                              <parameter name="Task Name" source="constant" updatable="true">mt_TSdecom_TechnologyAllowance_Application</parameter>
                              <parameter name="GUID" source="constant" updatable="true">6ZSCf8bFrhSc5p8wlys1sZ</parameter>
                              <parameter name="Task Type" source="constant" updatable="true">MCT</parameter>
                              <parameter name="Has Inout Parameters" source="constant" updatable="true">false</parameter>
                              <parameter name="taskField" source="nested">
                                 <operation source="field" to="mt-TSdecom-TechnologyAllowance-Application">temp.Application</operation>
                              </parameter>
                           </serviceInput>
                           <serviceOutput>
                              <operation source="field" to="temp.Application/output/Object_Name">Object Name</operation>
                              <operation source="field" to="temp.Application/output/Run_Id">Run Id</operation>
                              <operation source="field" to="temp.Application/output/Log_Id">Log Id</operation>
                              <operation source="field" to="temp.Application/output/Task_Id">Task Id</operation>
                              <operation source="field" to="temp.Application/output/Task_Status">Task Status</operation>
                              <operation source="field" to="temp.Application/output/Success_Source_Rows">Success Source Rows</operation>
                              <operation source="field" to="temp.Application/output/Failed_Source_Rows">Failed Source Rows</operation>
                              <operation source="field" to="temp.Application/output/Success_Target_Rows">Success Target Rows</operation>
                              <operation source="field" to="temp.Application/output/Failed_Target_Rows">Failed Target Rows</operation>
                              <operation source="field" to="temp.Application/output/Start_Time">Start Time</operation>
                              <operation source="field" to="temp.Application/output/End_Time">End Time</operation>
                              <operation source="field" to="temp.Application/output/Error_Message">Error Message</operation>
                              <operation source="field" to="temp.Application/output/TotalTransErrors">Total Transformation Errors</operation>
                              <operation source="field" to="temp.Application/output/FirstErrorCode">First Error Code</operation>
                           </serviceOutput>
                        </service>
                        <events>
                           <catch faultField="temp.Application/fault"
                                  id="l01u66az"
                                  interrupting="true"
                                  name="error">
                              <suspend/>
                           </catch>
                           <catch faultField="temp.Application/fault"
                                  id="l01u66b0"
                                  interrupting="true"
                                  name="warning"/>
                        </events>
                     </eventContainer>
                     <link id="j3wg4fhk" targetId="j3wg4fhf" type="containerLink"/>
                  </flow>
                  <flow id="j3wg4fhm">
                     <eventContainer id="l01u66cl">
                        <service id="j3wg4fi4">
                           <title>Application Status</title>
                           <serviceName>ICSExecuteDataTask</serviceName>
                           <serviceGUID/>
                           <serviceInput>
                              <parameter name="Wait for Task to Complete" source="constant" updatable="true">true</parameter>
                              <parameter name="Max Wait" source="constant" updatable="true">604800</parameter>
                              <parameter name="Task Name" source="constant" updatable="true">mt_TSdecom_TechnologyAllowance_ApplicationStatus</parameter>
                              <parameter name="GUID" source="constant" updatable="true">2aDHroM9wiJeAcvNcvov4H</parameter>
                              <parameter name="Task Type" source="constant" updatable="true">MCT</parameter>
                              <parameter name="Has Inout Parameters" source="constant" updatable="true">false</parameter>
                              <parameter name="taskField" source="nested">
                                 <operation source="field" to="mt-TSdecom-TechnologyAllowance-ApplicationStatus">temp.Application Status</operation>
                              </parameter>
                           </serviceInput>
                           <serviceOutput>
                              <operation source="field" to="temp.Application Status/output/Object_Name">Object Name</operation>
                              <operation source="field" to="temp.Application Status/output/Run_Id">Run Id</operation>
                              <operation source="field" to="temp.Application Status/output/Log_Id">Log Id</operation>
                              <operation source="field" to="temp.Application Status/output/Task_Id">Task Id</operation>
                              <operation source="field" to="temp.Application Status/output/Task_Status">Task Status</operation>
                              <operation source="field" to="temp.Application Status/output/Success_Source_Rows">Success Source Rows</operation>
                              <operation source="field" to="temp.Application Status/output/Failed_Source_Rows">Failed Source Rows</operation>
                              <operation source="field" to="temp.Application Status/output/Success_Target_Rows">Success Target Rows</operation>
                              <operation source="field" to="temp.Application Status/output/Failed_Target_Rows">Failed Target Rows</operation>
                              <operation source="field" to="temp.Application Status/output/Start_Time">Start Time</operation>
                              <operation source="field" to="temp.Application Status/output/End_Time">End Time</operation>
                              <operation source="field" to="temp.Application Status/output/Error_Message">Error Message</operation>
                              <operation source="field" to="temp.Application Status/output/TotalTransErrors">Total Transformation Errors</operation>
                              <operation source="field" to="temp.Application Status/output/FirstErrorCode">First Error Code</operation>
                           </serviceOutput>
                        </service>
                        <events>
                           <catch faultField="temp.Application Status/fault"
                                  id="l01u66cj"
                                  interrupting="true"
                                  name="error">
                              <suspend/>
                           </catch>
                           <catch faultField="temp.Application Status/fault"
                                  id="l01u66ck"
                                  interrupting="true"
                                  name="warning"/>
                        </events>
                     </eventContainer>
                     <link id="j3wg4fhn" targetId="j3wg4fhf" type="containerLink"/>
                  </flow>
                  <flow id="l01u667l">
                     <eventContainer id="l01u66e5">
                        <service id="l01u6691">
                           <title>Award</title>
                           <serviceName>ICSExecuteDataTask</serviceName>
                           <serviceGUID/>
                           <serviceInput>
                              <parameter name="Wait for Task to Complete" source="constant" updatable="true">true</parameter>
                              <parameter name="Max Wait" source="constant" updatable="true">604800</parameter>
                              <parameter name="Task Name" source="constant" updatable="true">mt_TSdecom_TechnologyAllowance_Award</parameter>
                              <parameter name="GUID" source="constant" updatable="true">8tx8uliPaeckN1hcjPCG2F</parameter>
                              <parameter name="Task Type" source="constant" updatable="true">MCT</parameter>
                              <parameter name="Has Inout Parameters" source="constant" updatable="true">false</parameter>
                              <parameter name="taskField" source="nested">
                                 <operation source="field" to="mt-TSdecom-TechnologyAllowance-Award">temp.Award</operation>
                              </parameter>
                           </serviceInput>
                           <serviceOutput>
                              <operation source="field" to="temp.Award/output/Object_Name">Object Name</operation>
                              <operation source="field" to="temp.Award/output/Run_Id">Run Id</operation>
                              <operation source="field" to="temp.Award/output/Log_Id">Log Id</operation>
                              <operation source="field" to="temp.Award/output/Task_Id">Task Id</operation>
                              <operation source="field" to="temp.Award/output/Task_Status">Task Status</operation>
                              <operation source="field" to="temp.Award/output/Success_Source_Rows">Success Source Rows</operation>
                              <operation source="field" to="temp.Award/output/Failed_Source_Rows">Failed Source Rows</operation>
                              <operation source="field" to="temp.Award/output/Success_Target_Rows">Success Target Rows</operation>
                              <operation source="field" to="temp.Award/output/Failed_Target_Rows">Failed Target Rows</operation>
                              <operation source="field" to="temp.Award/output/Start_Time">Start Time</operation>
                              <operation source="field" to="temp.Award/output/End_Time">End Time</operation>
                              <operation source="field" to="temp.Award/output/Error_Message">Error Message</operation>
                              <operation source="field" to="temp.Award/output/TotalTransErrors">Total Transformation Errors</operation>
                              <operation source="field" to="temp.Award/output/FirstErrorCode">First Error Code</operation>
                           </serviceOutput>
                        </service>
                        <events>
                           <catch faultField="temp.Award/fault"
                                  id="l01u66e3"
                                  interrupting="true"
                                  name="error">
                              <suspend/>
                           </catch>
                           <catch faultField="temp.Award/fault"
                                  id="l01u66e4"
                                  interrupting="true"
                                  name="warning"/>
                        </events>
                     </eventContainer>
                     <link id="l01u667m" targetId="j3wg4fhf" type="containerLink"/>
                  </flow>
                  <flow id="l01u667r">
                     <eventContainer id="l01u66fo">
                        <service id="l01u669d">
                           <title>Batch</title>
                           <serviceName>ICSExecuteDataTask</serviceName>
                           <serviceGUID/>
                           <serviceInput>
                              <parameter name="Wait for Task to Complete" source="constant" updatable="true">true</parameter>
                              <parameter name="Max Wait" source="constant" updatable="true">604800</parameter>
                              <parameter name="Task Name" source="constant" updatable="true">mt_TSdecom_TechnologyAllowance_Batch</parameter>
                              <parameter name="GUID" source="constant" updatable="true">1Iq9XbS4fbmfrdhL3k8qGF</parameter>
                              <parameter name="Task Type" source="constant" updatable="true">MCT</parameter>
                              <parameter name="Has Inout Parameters" source="constant" updatable="true">false</parameter>
                              <parameter name="taskField" source="nested">
                                 <operation source="field" to="mt-TSdecom-TechnologyAllowance-Batch">temp.Batch</operation>
                              </parameter>
                           </serviceInput>
                           <serviceOutput>
                              <operation source="field" to="temp.Batch/output/Object_Name">Object Name</operation>
                              <operation source="field" to="temp.Batch/output/Run_Id">Run Id</operation>
                              <operation source="field" to="temp.Batch/output/Log_Id">Log Id</operation>
                              <operation source="field" to="temp.Batch/output/Task_Id">Task Id</operation>
                              <operation source="field" to="temp.Batch/output/Task_Status">Task Status</operation>
                              <operation source="field" to="temp.Batch/output/Success_Source_Rows">Success Source Rows</operation>
                              <operation source="field" to="temp.Batch/output/Failed_Source_Rows">Failed Source Rows</operation>
                              <operation source="field" to="temp.Batch/output/Success_Target_Rows">Success Target Rows</operation>
                              <operation source="field" to="temp.Batch/output/Failed_Target_Rows">Failed Target Rows</operation>
                              <operation source="field" to="temp.Batch/output/Start_Time">Start Time</operation>
                              <operation source="field" to="temp.Batch/output/End_Time">End Time</operation>
                              <operation source="field" to="temp.Batch/output/Error_Message">Error Message</operation>
                              <operation source="field" to="temp.Batch/output/TotalTransErrors">Total Transformation Errors</operation>
                              <operation source="field" to="temp.Batch/output/FirstErrorCode">First Error Code</operation>
                           </serviceOutput>
                        </service>
                        <events>
                           <catch faultField="temp.Batch/fault"
                                  id="l01u66fm"
                                  interrupting="true"
                                  name="error">
                              <suspend/>
                           </catch>
                           <catch faultField="temp.Batch/fault"
                                  id="l01u66fn"
                                  interrupting="true"
                                  name="warning"/>
                        </events>
                     </eventContainer>
                     <link id="l01u667s" targetId="j3wg4fhf" type="containerLink"/>
                  </flow>
                  <flow id="l01u667y">
                     <eventContainer id="l01u66h7">
                        <service id="l01u669p">
                           <title>Classification</title>
                           <serviceName>ICSExecuteDataTask</serviceName>
                           <serviceGUID/>
                           <serviceInput>
                              <parameter name="Wait for Task to Complete" source="constant" updatable="true">true</parameter>
                              <parameter name="Max Wait" source="constant" updatable="true">604800</parameter>
                              <parameter name="Task Name" source="constant" updatable="true">mt_TSdecom_TechnologyAllowance_Classification</parameter>
                              <parameter name="GUID" source="constant" updatable="true">0xPNpQEkvPhignotKh224e</parameter>
                              <parameter name="Task Type" source="constant" updatable="true">MCT</parameter>
                              <parameter name="Has Inout Parameters" source="constant" updatable="true">false</parameter>
                              <parameter name="taskField" source="nested">
                                 <operation source="field" to="mt-TSdecom-TechnologyAllowance-Classification">temp.Classification</operation>
                              </parameter>
                           </serviceInput>
                           <serviceOutput>
                              <operation source="field" to="temp.Classification/output/Object_Name">Object Name</operation>
                              <operation source="field" to="temp.Classification/output/Run_Id">Run Id</operation>
                              <operation source="field" to="temp.Classification/output/Log_Id">Log Id</operation>
                              <operation source="field" to="temp.Classification/output/Task_Id">Task Id</operation>
                              <operation source="field" to="temp.Classification/output/Task_Status">Task Status</operation>
                              <operation source="field" to="temp.Classification/output/Success_Source_Rows">Success Source Rows</operation>
                              <operation source="field" to="temp.Classification/output/Failed_Source_Rows">Failed Source Rows</operation>
                              <operation source="field" to="temp.Classification/output/Success_Target_Rows">Success Target Rows</operation>
                              <operation source="field" to="temp.Classification/output/Failed_Target_Rows">Failed Target Rows</operation>
                              <operation source="field" to="temp.Classification/output/Start_Time">Start Time</operation>
                              <operation source="field" to="temp.Classification/output/End_Time">End Time</operation>
                              <operation source="field" to="temp.Classification/output/Error_Message">Error Message</operation>
                              <operation source="field" to="temp.Classification/output/TotalTransErrors">Total Transformation Errors</operation>
                              <operation source="field" to="temp.Classification/output/FirstErrorCode">First Error Code</operation>
                           </serviceOutput>
                        </service>
                        <events>
                           <catch faultField="temp.Classification/fault"
                                  id="l01u66h5"
                                  interrupting="true"
                                  name="error">
                              <suspend/>
                           </catch>
                           <catch faultField="temp.Classification/fault"
                                  id="l01u66h6"
                                  interrupting="true"
                                  name="warning"/>
                        </events>
                     </eventContainer>
                     <link id="l01u667z" targetId="j3wg4fhf" type="containerLink"/>
                  </flow>
                  <flow id="l01u6686">
                     <eventContainer id="l01u66iq">
                        <service id="l01u66a1">
                           <title>FundingPeriod</title>
                           <serviceName>ICSExecuteDataTask</serviceName>
                           <serviceGUID/>
                           <serviceInput>
                              <parameter name="Wait for Task to Complete" source="constant" updatable="true">true</parameter>
                              <parameter name="Max Wait" source="constant" updatable="true">604800</parameter>
                              <parameter name="Task Name" source="constant" updatable="true">mt_TSdecom_TechnologyAllowance_Classification</parameter>
                              <parameter name="GUID" source="constant" updatable="true">0xPNpQEkvPhignotKh224e</parameter>
                              <parameter name="Task Type" source="constant" updatable="true">MCT</parameter>
                              <parameter name="Has Inout Parameters" source="constant" updatable="true">false</parameter>
                              <parameter name="taskField" source="nested">
                                 <operation source="field" to="mt-TSdecom-TechnologyAllowance-Classification">temp.FundingPeriod</operation>
                              </parameter>
                           </serviceInput>
                           <serviceOutput>
                              <operation source="field" to="temp.FundingPeriod/output/Object_Name">Object Name</operation>
                              <operation source="field" to="temp.FundingPeriod/output/Run_Id">Run Id</operation>
                              <operation source="field" to="temp.FundingPeriod/output/Log_Id">Log Id</operation>
                              <operation source="field" to="temp.FundingPeriod/output/Task_Id">Task Id</operation>
                              <operation source="field" to="temp.FundingPeriod/output/Task_Status">Task Status</operation>
                              <operation source="field" to="temp.FundingPeriod/output/Success_Source_Rows">Success Source Rows</operation>
                              <operation source="field" to="temp.FundingPeriod/output/Failed_Source_Rows">Failed Source Rows</operation>
                              <operation source="field" to="temp.FundingPeriod/output/Success_Target_Rows">Success Target Rows</operation>
                              <operation source="field" to="temp.FundingPeriod/output/Failed_Target_Rows">Failed Target Rows</operation>
                              <operation source="field" to="temp.FundingPeriod/output/Start_Time">Start Time</operation>
                              <operation source="field" to="temp.FundingPeriod/output/End_Time">End Time</operation>
                              <operation source="field" to="temp.FundingPeriod/output/Error_Message">Error Message</operation>
                              <operation source="field" to="temp.FundingPeriod/output/TotalTransErrors">Total Transformation Errors</operation>
                              <operation source="field" to="temp.FundingPeriod/output/FirstErrorCode">First Error Code</operation>
                           </serviceOutput>
                        </service>
                        <events>
                           <catch faultField="temp.FundingPeriod/fault"
                                  id="l01u66io"
                                  interrupting="true"
                                  name="error">
                              <suspend/>
                           </catch>
                           <catch faultField="temp.FundingPeriod/fault"
                                  id="l01u66ip"
                                  interrupting="true"
                                  name="warning"/>
                        </events>
                     </eventContainer>
                     <link id="l01u6687" targetId="j3wg4fhf" type="containerLink"/>
                  </flow>
                  <flow id="l01u668f">
                     <eventContainer id="l01u66k9">
                        <service id="l01u66ad">
                           <title>Student</title>
                           <serviceName>ICSExecuteDataTask</serviceName>
                           <serviceGUID/>
                           <serviceInput>
                              <parameter name="Wait for Task to Complete" source="constant" updatable="true">true</parameter>
                              <parameter name="Max Wait" source="constant" updatable="true">604800</parameter>
                              <parameter name="Task Name" source="constant" updatable="true">mt_TSdecom_TechnologyAllowance_Student</parameter>
                              <parameter name="GUID" source="constant" updatable="true">9riNQzLSdgGb4NAwjrLB27</parameter>
                              <parameter name="Task Type" source="constant" updatable="true">MCT</parameter>
                              <parameter name="Has Inout Parameters" source="constant" updatable="true">false</parameter>
                              <parameter name="taskField" source="nested">
                                 <operation source="field" to="mt-TSdecom-TechnologyAllowance-Student">temp.Student</operation>
                              </parameter>
                           </serviceInput>
                           <serviceOutput>
                              <operation source="field" to="temp.Student/output/Object_Name">Object Name</operation>
                              <operation source="field" to="temp.Student/output/Run_Id">Run Id</operation>
                              <operation source="field" to="temp.Student/output/Log_Id">Log Id</operation>
                              <operation source="field" to="temp.Student/output/Task_Id">Task Id</operation>
                              <operation source="field" to="temp.Student/output/Task_Status">Task Status</operation>
                              <operation source="field" to="temp.Student/output/Success_Source_Rows">Success Source Rows</operation>
                              <operation source="field" to="temp.Student/output/Failed_Source_Rows">Failed Source Rows</operation>
                              <operation source="field" to="temp.Student/output/Success_Target_Rows">Success Target Rows</operation>
                              <operation source="field" to="temp.Student/output/Failed_Target_Rows">Failed Target Rows</operation>
                              <operation source="field" to="temp.Student/output/Start_Time">Start Time</operation>
                              <operation source="field" to="temp.Student/output/End_Time">End Time</operation>
                              <operation source="field" to="temp.Student/output/Error_Message">Error Message</operation>
                              <operation source="field" to="temp.Student/output/TotalTransErrors">Total Transformation Errors</operation>
                              <operation source="field" to="temp.Student/output/FirstErrorCode">First Error Code</operation>
                           </serviceOutput>
                        </service>
                        <events>
                           <catch faultField="temp.Student/fault"
                                  id="l01u66k7"
                                  interrupting="true"
                                  name="error">
                              <suspend/>
                           </catch>
                           <catch faultField="temp.Student/fault"
                                  id="l01u66k8"
                                  interrupting="true"
                                  name="warning"/>
                        </events>
                     </eventContainer>
                     <link id="l01u668g" targetId="j3wg4fhf" type="containerLink"/>
                  </flow>
                  <flow id="l01u668p">
                     <eventContainer id="l01u66ls">
                        <service id="l01u66ap">
                           <title>Users</title>
                           <serviceName>ICSExecuteDataTask</serviceName>
                           <serviceGUID/>
                           <serviceInput>
                              <parameter name="Wait for Task to Complete" source="constant" updatable="true">true</parameter>
                              <parameter name="Max Wait" source="constant" updatable="true">604800</parameter>
                              <parameter name="Task Name" source="constant" updatable="true">mt_TSdecom_TechnologyAllowance_User</parameter>
                              <parameter name="GUID" source="constant" updatable="true">cCg9GNvxXYxd006TMy90gf</parameter>
                              <parameter name="Task Type" source="constant" updatable="true">MCT</parameter>
                              <parameter name="Has Inout Parameters" source="constant" updatable="true">false</parameter>
                              <parameter name="taskField" source="nested">
                                 <operation source="field" to="mt-TSdecom-TechnologyAllowance-User">temp.Users</operation>
                              </parameter>
                           </serviceInput>
                           <serviceOutput>
                              <operation source="field" to="temp.Users/output/Object_Name">Object Name</operation>
                              <operation source="field" to="temp.Users/output/Run_Id">Run Id</operation>
                              <operation source="field" to="temp.Users/output/Log_Id">Log Id</operation>
                              <operation source="field" to="temp.Users/output/Task_Id">Task Id</operation>
                              <operation source="field" to="temp.Users/output/Task_Status">Task Status</operation>
                              <operation source="field" to="temp.Users/output/Success_Source_Rows">Success Source Rows</operation>
                              <operation source="field" to="temp.Users/output/Failed_Source_Rows">Failed Source Rows</operation>
                              <operation source="field" to="temp.Users/output/Success_Target_Rows">Success Target Rows</operation>
                              <operation source="field" to="temp.Users/output/Failed_Target_Rows">Failed Target Rows</operation>
                              <operation source="field" to="temp.Users/output/Start_Time">Start Time</operation>
                              <operation source="field" to="temp.Users/output/End_Time">End Time</operation>
                              <operation source="field" to="temp.Users/output/Error_Message">Error Message</operation>
                              <operation source="field" to="temp.Users/output/TotalTransErrors">Total Transformation Errors</operation>
                              <operation source="field" to="temp.Users/output/FirstErrorCode">First Error Code</operation>
                           </serviceOutput>
                        </service>
                        <events>
                           <catch faultField="temp.Users/fault"
                                  id="l01u66lq"
                                  interrupting="true"
                                  name="error">
                              <suspend/>
                           </catch>
                           <catch faultField="temp.Users/fault"
                                  id="l01u66lr"
                                  interrupting="true"
                                  name="warning"/>
                        </events>
                     </eventContainer>
                     <link id="l01u668q" targetId="j3wg4fhf" type="containerLink"/>
                  </flow>
                  <link id="j3wg4fhi" targetId="j3wg4fhj" type="containerLink"/>
                  <link id="j3wg4fhl" targetId="j3wg4fhm" type="containerLink"/>
                  <link id="l01u667k" targetId="l01u667l" type="containerLink"/>
                  <link id="l01u667q" targetId="l01u667r" type="containerLink"/>
                  <link id="l01u667x" targetId="l01u667y" type="containerLink"/>
                  <link id="l01u6685" targetId="l01u6686" type="containerLink"/>
                  <link id="l01u668e" targetId="l01u668f" type="containerLink"/>
                  <link id="l01u668o" targetId="l01u668p" type="containerLink"/>
                  <link id="j3wg4fhh" targetId="c"/>
               </container>
               <end id="c"/>
            </flow>
            <dependencies>
               <processObject xmlns="http://schemas.active-endpoints.com/appmodules/screenflow/2011/06/avosHostEnvironment.xsd"
                              displayName="mt-TSdecom-TechnologyAllowance-Award"
                              isByCopy="true"
                              name="mt-TSdecom-TechnologyAllowance-Award">
                  <description/>
                  <tags/>
                  <detail>
                     <field label="Input Parameters"
                            name="input"
                            nullable="true"
                            required="false"
                            type="reference"/>
                     <field label="TaskProperties Parameters"
                            name="taskProperties"
                            nullable="true"
                            required="false"
                            type="reference"/>
                     <field label="Output Parameters"
                            name="output"
                            nullable="true"
                            required="false"
                            type="reference"/>
                     <field label="Fault"
                            name="fault"
                            nullable="true"
                            required="false"
                            type="reference"/>
                  </detail>
               </processObject>
               <processObject xmlns="http://schemas.active-endpoints.com/appmodules/screenflow/2011/06/avosHostEnvironment.xsd"
                              displayName="mt-TSdecom-TechnologyAllowance-Batch"
                              isByCopy="true"
                              name="mt-TSdecom-TechnologyAllowance-Batch">
                  <description/>
                  <tags/>
                  <detail>
                     <field label="Input Parameters"
                            name="input"
                            nullable="true"
                            required="false"
                            type="reference"/>
                     <field label="TaskProperties Parameters"
                            name="taskProperties"
                            nullable="true"
                            required="false"
                            type="reference"/>
                     <field label="Output Parameters"
                            name="output"
                            nullable="true"
                            required="false"
                            type="reference"/>
                     <field label="Fault"
                            name="fault"
                            nullable="true"
                            required="false"
                            type="reference"/>
                  </detail>
               </processObject>
               <processObject xmlns="http://schemas.active-endpoints.com/appmodules/screenflow/2011/06/avosHostEnvironment.xsd"
                              displayName="mt-TSdecom-TechnologyAllowance-Classification"
                              isByCopy="true"
                              name="mt-TSdecom-TechnologyAllowance-Classification">
                  <description/>
                  <tags/>
                  <detail>
                     <field label="Input Parameters"
                            name="input"
                            nullable="true"
                            required="false"
                            type="reference"/>
                     <field label="TaskProperties Parameters"
                            name="taskProperties"
                            nullable="true"
                            required="false"
                            type="reference"/>
                     <field label="Output Parameters"
                            name="output"
                            nullable="true"
                            required="false"
                            type="reference"/>
                     <field label="Fault"
                            name="fault"
                            nullable="true"
                            required="false"
                            type="reference"/>
                  </detail>
               </processObject>
               <processObject xmlns="http://schemas.active-endpoints.com/appmodules/screenflow/2011/06/avosHostEnvironment.xsd"
                              displayName="mt-TSdecom-TechnologyAllowance-Student"
                              isByCopy="true"
                              name="mt-TSdecom-TechnologyAllowance-Student">
                  <description/>
                  <tags/>
                  <detail>
                     <field label="Input Parameters"
                            name="input"
                            nullable="true"
                            required="false"
                            type="reference"/>
                     <field label="TaskProperties Parameters"
                            name="taskProperties"
                            nullable="true"
                            required="false"
                            type="reference"/>
                     <field label="Output Parameters"
                            name="output"
                            nullable="true"
                            required="false"
                            type="reference"/>
                     <field label="Fault"
                            name="fault"
                            nullable="true"
                            required="false"
                            type="reference"/>
                  </detail>
               </processObject>
               <processObject xmlns="http://schemas.active-endpoints.com/appmodules/screenflow/2011/06/avosHostEnvironment.xsd"
                              displayName="mt-TSdecom-TechnologyAllowance-User"
                              isByCopy="true"
                              name="mt-TSdecom-TechnologyAllowance-User">
                  <description/>
                  <tags/>
                  <detail>
                     <field label="Input Parameters"
                            name="input"
                            nullable="true"
                            required="false"
                            type="reference"/>
                     <field label="TaskProperties Parameters"
                            name="taskProperties"
                            nullable="true"
                            required="false"
                            type="reference"/>
                     <field label="Output Parameters"
                            name="output"
                            nullable="true"
                            required="false"
                            type="reference"/>
                     <field label="Fault"
                            name="fault"
                            nullable="true"
                            required="false"
                            type="reference"/>
                  </detail>
               </processObject>
               <processObject xmlns="http://schemas.active-endpoints.com/appmodules/screenflow/2011/06/avosHostEnvironment.xsd"
                              displayName="mt-TSdecom-TechnologyAllowance-Application"
                              isByCopy="true"
                              name="mt-TSdecom-TechnologyAllowance-Application">
                  <description/>
                  <tags/>
                  <detail>
                     <field label="Input Parameters"
                            name="input"
                            nullable="true"
                            required="false"
                            type="reference"/>
                     <field label="TaskProperties Parameters"
                            name="taskProperties"
                            nullable="true"
                            required="false"
                            type="reference"/>
                     <field label="Output Parameters"
                            name="output"
                            nullable="true"
                            required="false"
                            type="reference"/>
                     <field label="Fault"
                            name="fault"
                            nullable="true"
                            required="false"
                            type="reference"/>
                  </detail>
               </processObject>
               <processObject xmlns="http://schemas.active-endpoints.com/appmodules/screenflow/2011/06/avosHostEnvironment.xsd"
                              displayName="mt-TSdecom-TechnologyAllowance-ApplicationStatus"
                              isByCopy="true"
                              name="mt-TSdecom-TechnologyAllowance-ApplicationStatus">
                  <description/>
                  <tags/>
                  <detail>
                     <field label="Input Parameters"
                            name="input"
                            nullable="true"
                            required="false"
                            type="reference"/>
                     <field label="TaskProperties Parameters"
                            name="taskProperties"
                            nullable="true"
                            required="false"
                            type="reference"/>
                     <field label="Output Parameters"
                            name="output"
                            nullable="true"
                            required="false"
                            type="reference"/>
                     <field label="Fault"
                            name="fault"
                            nullable="true"
                            required="false"
                            type="reference"/>
                  </detail>
               </processObject>
            </dependencies>
         </taskflow>
      </types1:Entry>
      <types1:GUID>ijT0aXsWqsjeXFUBkaYPCX</types1:GUID>
      <types1:DisplayName>tf_TSdecom_TechnologyAllowance</types1:DisplayName>
   </types1:Item>
   <types1:CurrentServerDateTime>2022-02-25T03:32:34.738Z</types1:CurrentServerDateTime>
</aetgt:getResponse>
