<aetgt:getResponse xmlns:aetgt="http://schemas.active-endpoints.com/appmodules/repository/2010/10/avrepository.xsd"
                   xmlns:types1="http://schemas.active-endpoints.com/appmodules/repository/2010/10/avrepository.xsd">
   <types1:Item>
      <types1:EntryId>f3eIsoZduD2L5Se-gt-4478034-2021-11-13T13:40:00.09Z::tf.xml</types1:EntryId>
      <types1:Name>tf_Tsdecom_IntertribalES</types1:Name>
      <types1:MimeType>application/xml+taskflow</types1:MimeType>
      <types1:Description>TF for updating tables from IntertribalES tables into DataStaging for the TSReport DB decommission</types1:Description>
      <types1:AppliesTo/>
      <types1:Tags/>
      <types1:VersionLabel>1.0</types1:VersionLabel>
      <types1:State>CURRENT</types1:State>
      <types1:ProcessGroup/>
      <types1:CreatedBy>1006554@choctawnation.com</types1:CreatedBy>
      <types1:CreationDate>2021-11-13T13:40:00Z</types1:CreationDate>
      <types1:ModifiedBy>1006554@choctawnation.com</types1:ModifiedBy>
      <types1:ModificationDate>2022-02-25T01:33:57Z</types1:ModificationDate>
      <types1:PublicationStatus>published</types1:PublicationStatus>
      <types1:PublishedBy>1006554@choctawnation.com</types1:PublishedBy>
      <types1:PublicationDate>2022-02-25T01:34:24Z</types1:PublicationDate>
      <types1:PublishedContributionId>project:/tf.tf_Tsdecom_IntertribalES/tf_Tsdecom_IntertribalES.tf.xml</types1:PublishedContributionId>
      <types1:AutosaveExists>false</types1:AutosaveExists>
      <types1:Entry>
         <taskflow xmlns="http://schemas.active-endpoints.com/appmodules/screenflow/2010/10/avosScreenflow.xsd"
                   xmlns:tfm="http://schemas.active-endpoints.com/appmodules/screenflow/2021/04/taskflowModel.xsd"
                   xmlns:list="urn:activevos:spi:list:functions"
                   displayName="tf_Tsdecom_IntertribalES"
                   name="tf_Tsdecom_IntertribalES"
                   overrideAPIName="false">
            <parameterSet xmlns="http://schemas.active-endpoints.com/appmodules/screenflow/2021/04/taskflowModel.xsd"/>
            <appliesTo/>
            <description>TF for updating tables from IntertribalES tables into DataStaging for the TSReport DB decommission</description>
            <tags/>
            <generator>Informatica Process Designer 11</generator>
            <tempFields>
               <field description="" name="Vendors" type="reference">
                  <options>
                     <option name="failOnNotRun">false</option>
                     <option name="failOnFault">false</option>
                     <option name="referenceTo">$po:mt-TSdecom-IntertribalES-Vendors</option>
                  </options>
               </field>
               <field description="" name="ref Status Reason" type="reference">
                  <options>
                     <option name="failOnNotRun">false</option>
                     <option name="failOnFault">false</option>
                     <option name="referenceTo">$po:mt-TSdecom-IntertribalES-refStatusReason</option>
                  </options>
               </field>
               <field description="" name="Denial Reasons" type="reference">
                  <options>
                     <option name="failOnNotRun">false</option>
                     <option name="failOnFault">false</option>
                     <option name="referenceTo">$po:mt-TSdecom-IntertribalES-refDenialReasons</option>
                  </options>
               </field>
            </tempFields>
            <notes/>
            <deployment suspendOnFault="false" tracingLevel="verbose">
               <rest/>
            </deployment>
            <flow id="a">
               <start id="b">
                  <link id="j3wg4fhg" targetId="j3wg4fhf"/>
               </start>
               <container id="j3wg4fhf" type="parallel">
                  <title>ES tbls</title>
                  <flow id="j3wg4fhj">
                     <eventContainer id="l01qk4x7">
                        <service id="l01qk4vx">
                           <title>Denial Reasons</title>
                           <serviceName>ICSExecuteDataTask</serviceName>
                           <serviceGUID/>
                           <serviceInput>
                              <parameter name="Wait for Task to Complete" source="constant" updatable="true">true</parameter>
                              <parameter name="Max Wait" source="constant" updatable="true">604800</parameter>
                              <parameter name="Task Name" source="constant" updatable="true">mt_TSdecom_IntertribalES_refDenialReasons</parameter>
                              <parameter name="GUID" source="constant" updatable="true">gO0VT82piquiEYrMtXFxWN</parameter>
                              <parameter name="Task Type" source="constant" updatable="true">MCT</parameter>
                              <parameter name="Has Inout Parameters" source="constant" updatable="true">false</parameter>
                              <parameter name="taskField" source="nested">
                                 <operation source="field" to="mt-TSdecom-IntertribalES-refDenialReasons">temp.Denial Reasons</operation>
                              </parameter>
                           </serviceInput>
                           <serviceOutput>
                              <operation source="field" to="temp.Denial Reasons/output/Object_Name">Object Name</operation>
                              <operation source="field" to="temp.Denial Reasons/output/Run_Id">Run Id</operation>
                              <operation source="field" to="temp.Denial Reasons/output/Log_Id">Log Id</operation>
                              <operation source="field" to="temp.Denial Reasons/output/Task_Id">Task Id</operation>
                              <operation source="field" to="temp.Denial Reasons/output/Task_Status">Task Status</operation>
                              <operation source="field" to="temp.Denial Reasons/output/Success_Source_Rows">Success Source Rows</operation>
                              <operation source="field" to="temp.Denial Reasons/output/Failed_Source_Rows">Failed Source Rows</operation>
                              <operation source="field" to="temp.Denial Reasons/output/Success_Target_Rows">Success Target Rows</operation>
                              <operation source="field" to="temp.Denial Reasons/output/Failed_Target_Rows">Failed Target Rows</operation>
                              <operation source="field" to="temp.Denial Reasons/output/Start_Time">Start Time</operation>
                              <operation source="field" to="temp.Denial Reasons/output/End_Time">End Time</operation>
                              <operation source="field" to="temp.Denial Reasons/output/Error_Message">Error Message</operation>
                              <operation source="field" to="temp.Denial Reasons/output/TotalTransErrors">Total Transformation Errors</operation>
                              <operation source="field" to="temp.Denial Reasons/output/FirstErrorCode">First Error Code</operation>
                           </serviceOutput>
                        </service>
                        <events>
                           <catch faultField="temp.Denial Reasons/fault"
                                  id="l01qk4x5"
                                  interrupting="true"
                                  name="error">
                              <suspend/>
                           </catch>
                           <catch faultField="temp.Denial Reasons/fault"
                                  id="l01qk4x6"
                                  interrupting="true"
                                  name="warning"/>
                        </events>
                     </eventContainer>
                     <link id="j3wg4fhk" targetId="j3wg4fhf" type="containerLink"/>
                  </flow>
                  <flow id="j3wg4fhm">
                     <eventContainer id="kvxusfiu">
                        <service id="j3wg4fi4">
                           <title>Vendors</title>
                           <serviceName>ICSExecuteDataTask</serviceName>
                           <serviceGUID/>
                           <serviceInput>
                              <parameter name="Wait for Task to Complete" source="constant" updatable="true">true</parameter>
                              <parameter name="Max Wait" source="constant" updatable="true">604800</parameter>
                              <parameter name="Task Name" source="constant" updatable="true">mt_TSdecom_IntertribalES_Vendors</parameter>
                              <parameter name="GUID" source="constant" updatable="true">63tU8rh5Bthc6u3hj5oRcU</parameter>
                              <parameter name="Task Type" source="constant" updatable="true">MCT</parameter>
                              <parameter name="Has Inout Parameters" source="constant" updatable="true">false</parameter>
                              <parameter name="taskField" source="nested">
                                 <operation source="field" to="mt-TSdecom-IntertribalES-Vendors">temp.Vendors</operation>
                              </parameter>
                           </serviceInput>
                           <serviceOutput>
                              <operation source="field" to="temp.Vendors/output/Object_Name">Object Name</operation>
                              <operation source="field" to="temp.Vendors/output/Run_Id">Run Id</operation>
                              <operation source="field" to="temp.Vendors/output/Log_Id">Log Id</operation>
                              <operation source="field" to="temp.Vendors/output/Task_Id">Task Id</operation>
                              <operation source="field" to="temp.Vendors/output/Task_Status">Task Status</operation>
                              <operation source="field" to="temp.Vendors/output/Success_Source_Rows">Success Source Rows</operation>
                              <operation source="field" to="temp.Vendors/output/Failed_Source_Rows">Failed Source Rows</operation>
                              <operation source="field" to="temp.Vendors/output/Success_Target_Rows">Success Target Rows</operation>
                              <operation source="field" to="temp.Vendors/output/Failed_Target_Rows">Failed Target Rows</operation>
                              <operation source="field" to="temp.Vendors/output/Start_Time">Start Time</operation>
                              <operation source="field" to="temp.Vendors/output/End_Time">End Time</operation>
                              <operation source="field" to="temp.Vendors/output/Error_Message">Error Message</operation>
                              <operation source="field" to="temp.Vendors/output/TotalTransErrors">Total Transformation Errors</operation>
                              <operation source="field" to="temp.Vendors/output/FirstErrorCode">First Error Code</operation>
                           </serviceOutput>
                        </service>
                        <events>
                           <catch faultField="temp.Vendors/fault"
                                  id="kvxusfis"
                                  interrupting="true"
                                  name="error">
                              <suspend/>
                           </catch>
                           <catch faultField="temp.Vendors/fault"
                                  id="kvxusfit"
                                  interrupting="true"
                                  name="warning"/>
                        </events>
                     </eventContainer>
                     <link id="j3wg4fhn" targetId="j3wg4fhf" type="containerLink"/>
                  </flow>
                  <flow id="ky8wzv6w">
                     <eventContainer id="ky8wzv7a">
                        <service id="ky8wzv73">
                           <title>ref Status Reason</title>
                           <serviceName>ICSExecuteDataTask</serviceName>
                           <serviceGUID/>
                           <serviceInput>
                              <parameter name="Wait for Task to Complete" source="constant" updatable="true">true</parameter>
                              <parameter name="Max Wait" source="constant" updatable="true">604800</parameter>
                              <parameter name="Task Name" source="constant" updatable="true">mt_TSdecom_IntertribalES_refStatusReason</parameter>
                              <parameter name="GUID" source="constant" updatable="true">4KAmMrJMqqtitXChTpdS0Z</parameter>
                              <parameter name="Task Type" source="constant" updatable="true">MCT</parameter>
                              <parameter name="Has Inout Parameters" source="constant" updatable="true">false</parameter>
                              <parameter name="taskField" source="nested">
                                 <operation source="field" to="mt-TSdecom-IntertribalES-refStatusReason">temp.ref Status Reason</operation>
                              </parameter>
                           </serviceInput>
                           <serviceOutput>
                              <operation source="field" to="temp.ref Status Reason/output/Object_Name">Object Name</operation>
                              <operation source="field" to="temp.ref Status Reason/output/Run_Id">Run Id</operation>
                              <operation source="field" to="temp.ref Status Reason/output/Log_Id">Log Id</operation>
                              <operation source="field" to="temp.ref Status Reason/output/Task_Id">Task Id</operation>
                              <operation source="field" to="temp.ref Status Reason/output/Task_Status">Task Status</operation>
                              <operation source="field" to="temp.ref Status Reason/output/Success_Source_Rows">Success Source Rows</operation>
                              <operation source="field" to="temp.ref Status Reason/output/Failed_Source_Rows">Failed Source Rows</operation>
                              <operation source="field" to="temp.ref Status Reason/output/Success_Target_Rows">Success Target Rows</operation>
                              <operation source="field" to="temp.ref Status Reason/output/Failed_Target_Rows">Failed Target Rows</operation>
                              <operation source="field" to="temp.ref Status Reason/output/Start_Time">Start Time</operation>
                              <operation source="field" to="temp.ref Status Reason/output/End_Time">End Time</operation>
                              <operation source="field" to="temp.ref Status Reason/output/Error_Message">Error Message</operation>
                              <operation source="field" to="temp.ref Status Reason/output/TotalTransErrors">Total Transformation Errors</operation>
                              <operation source="field" to="temp.ref Status Reason/output/FirstErrorCode">First Error Code</operation>
                           </serviceOutput>
                        </service>
                        <events>
                           <catch faultField="temp.ref Status Reason/fault"
                                  id="ky8wzv78"
                                  interrupting="true"
                                  name="error">
                              <suspend/>
                           </catch>
                           <catch faultField="temp.ref Status Reason/fault"
                                  id="ky8wzv79"
                                  interrupting="true"
                                  name="warning"/>
                        </events>
                     </eventContainer>
                     <link id="ky8wzv6x" targetId="j3wg4fhf" type="containerLink"/>
                  </flow>
                  <link id="j3wg4fhi" targetId="j3wg4fhj" type="containerLink"/>
                  <link id="j3wg4fhl" targetId="j3wg4fhm" type="containerLink"/>
                  <link id="ky8wzv6v" targetId="ky8wzv6w" type="containerLink"/>
                  <link id="j3wg4fhh" targetId="c"/>
               </container>
               <end id="c"/>
            </flow>
            <dependencies>
               <processObject xmlns="http://schemas.active-endpoints.com/appmodules/screenflow/2011/06/avosHostEnvironment.xsd"
                              displayName="mt-TSdecom-IntertribalES-Vendors"
                              isByCopy="true"
                              name="mt-TSdecom-IntertribalES-Vendors">
                  <description/>
                  <tags/>
                  <detail>
                     <field label="Input Parameters"
                            name="input"
                            nullable="true"
                            required="false"
                            type="reference"/>
                     <field label="TaskProperties Parameters"
                            name="taskProperties"
                            nullable="true"
                            required="false"
                            type="reference"/>
                     <field label="Output Parameters"
                            name="output"
                            nullable="true"
                            required="false"
                            type="reference"/>
                     <field label="Fault"
                            name="fault"
                            nullable="true"
                            required="false"
                            type="reference"/>
                  </detail>
               </processObject>
               <processObject xmlns="http://schemas.active-endpoints.com/appmodules/screenflow/2011/06/avosHostEnvironment.xsd"
                              displayName="mt-TSdecom-IntertribalES-refStatusReason"
                              isByCopy="true"
                              name="mt-TSdecom-IntertribalES-refStatusReason">
                  <description/>
                  <tags/>
                  <detail>
                     <field label="Input Parameters"
                            name="input"
                            nullable="true"
                            required="false"
                            type="reference"/>
                     <field label="TaskProperties Parameters"
                            name="taskProperties"
                            nullable="true"
                            required="false"
                            type="reference"/>
                     <field label="Output Parameters"
                            name="output"
                            nullable="true"
                            required="false"
                            type="reference"/>
                     <field label="Fault"
                            name="fault"
                            nullable="true"
                            required="false"
                            type="reference"/>
                  </detail>
               </processObject>
               <processObject xmlns="http://schemas.active-endpoints.com/appmodules/screenflow/2011/06/avosHostEnvironment.xsd"
                              displayName="mt-TSdecom-IntertribalES-refDenialReasons"
                              isByCopy="true"
                              name="mt-TSdecom-IntertribalES-refDenialReasons">
                  <description/>
                  <tags/>
                  <detail>
                     <field label="Input Parameters"
                            name="input"
                            nullable="true"
                            required="false"
                            type="reference"/>
                     <field label="TaskProperties Parameters"
                            name="taskProperties"
                            nullable="true"
                            required="false"
                            type="reference"/>
                     <field label="Output Parameters"
                            name="output"
                            nullable="true"
                            required="false"
                            type="reference"/>
                     <field label="Fault"
                            name="fault"
                            nullable="true"
                            required="false"
                            type="reference"/>
                  </detail>
               </processObject>
            </dependencies>
         </taskflow>
      </types1:Entry>
      <types1:GUID>1PsHODOEGkzfBlYNc6DfKy</types1:GUID>
      <types1:DisplayName>tf_Tsdecom_IntertribalES</types1:DisplayName>
   </types1:Item>
   <types1:CurrentServerDateTime>2022-02-25T03:31:04.981Z</types1:CurrentServerDateTime>
</aetgt:getResponse>
