<aetgt:getResponse xmlns:aetgt="http://schemas.active-endpoints.com/appmodules/repository/2010/10/avrepository.xsd"
                   xmlns:types1="http://schemas.active-endpoints.com/appmodules/repository/2010/10/avrepository.xsd">
   <types1:Item>
      <types1:EntryId>xkYAOTMneBjrabc-gt-4474159-2021-11-13T12:45:26.376Z::tf.xml</types1:EntryId>
      <types1:Name>tf_TSdecom_ERPData</types1:Name>
      <types1:MimeType>application/xml+taskflow</types1:MimeType>
      <types1:Description>TF for updating tables from ERPData tables into DataStaging for the TSReport DB decommission</types1:Description>
      <types1:AppliesTo/>
      <types1:Tags/>
      <types1:VersionLabel>1.0</types1:VersionLabel>
      <types1:State>CURRENT</types1:State>
      <types1:ProcessGroup/>
      <types1:CreatedBy>1006554@choctawnation.com</types1:CreatedBy>
      <types1:CreationDate>2021-11-13T12:45:26Z</types1:CreationDate>
      <types1:ModifiedBy>1006554@choctawnation.com</types1:ModifiedBy>
      <types1:ModificationDate>2021-11-13T19:36:31Z</types1:ModificationDate>
      <types1:PublicationStatus>unpublished</types1:PublicationStatus>
      <types1:AutosaveExists>false</types1:AutosaveExists>
      <types1:Entry>
         <taskflow xmlns="http://schemas.active-endpoints.com/appmodules/screenflow/2010/10/avosScreenflow.xsd"
                   xmlns:tfm="http://schemas.active-endpoints.com/appmodules/screenflow/2021/04/taskflowModel.xsd"
                   xmlns:list="urn:activevos:spi:list:functions"
                   displayName="tf_TSdecom_ERPData"
                   name="tf_TSdecom_ERPData"
                   overrideAPIName="false">
            <parameterSet xmlns="http://schemas.active-endpoints.com/appmodules/screenflow/2021/04/taskflowModel.xsd"/>
            <appliesTo/>
            <description>TF for updating tables from ERPData tables into DataStaging for the TSReport DB decommission</description>
            <tags/>
            <generator>Informatica Process Designer 11</generator>
            <tempFields>
               <field description="" name="ERPdata Vendor Oracle" type="reference">
                  <options>
                     <option name="failOnNotRun">false</option>
                     <option name="failOnFault">false</option>
                     <option name="referenceTo">$po:mt-TSdecom-ERPData-VendorOracle</option>
                  </options>
               </field>
               <field description="" name="ERPData Vendors" type="reference">
                  <options>
                     <option name="failOnNotRun">false</option>
                     <option name="failOnFault">false</option>
                     <option name="referenceTo">$po:mt-TSdecom-ERPData-Vendors</option>
                  </options>
               </field>
            </tempFields>
            <notes/>
            <deployment suspendOnFault="false" tracingLevel="verbose">
               <rest/>
            </deployment>
            <flow id="a">
               <start id="b">
                  <link id="j3wg4fhg" targetId="j3wg4fhf"/>
               </start>
               <container id="j3wg4fhf" type="parallel">
                  <title>Parallel Paths 1</title>
                  <flow id="j3wg4fhj">
                     <eventContainer id="kvxsr6bp">
                        <service id="j3wg4fhu">
                           <title>ERPdata Vendor Oracle</title>
                           <serviceName>ICSExecuteDataTask</serviceName>
                           <serviceGUID/>
                           <serviceInput>
                              <parameter name="Wait for Task to Complete" source="constant" updatable="true">true</parameter>
                              <parameter name="Max Wait" source="constant" updatable="true">604800</parameter>
                              <parameter name="Task Name" source="constant" updatable="true">mt_TSdecom_ERPData_VendorOracle</parameter>
                              <parameter name="GUID" source="constant" updatable="true">aiK17F03V3udVed8ZMgxq6</parameter>
                              <parameter name="Task Type" source="constant" updatable="true">MCT</parameter>
                              <parameter name="Has Inout Parameters" source="constant" updatable="true">false</parameter>
                              <parameter name="taskField" source="nested">
                                 <operation source="field" to="mt-TSdecom-ERPData-VendorOracle">temp.ERPdata Vendor Oracle</operation>
                              </parameter>
                           </serviceInput>
                           <serviceOutput>
                              <operation source="field" to="temp.ERPdata Vendor Oracle/output/Object_Name">Object Name</operation>
                              <operation source="field" to="temp.ERPdata Vendor Oracle/output/Run_Id">Run Id</operation>
                              <operation source="field" to="temp.ERPdata Vendor Oracle/output/Log_Id">Log Id</operation>
                              <operation source="field" to="temp.ERPdata Vendor Oracle/output/Task_Id">Task Id</operation>
                              <operation source="field" to="temp.ERPdata Vendor Oracle/output/Task_Status">Task Status</operation>
                              <operation source="field"
                                         to="temp.ERPdata Vendor Oracle/output/Success_Source_Rows">Success Source Rows</operation>
                              <operation source="field"
                                         to="temp.ERPdata Vendor Oracle/output/Failed_Source_Rows">Failed Source Rows</operation>
                              <operation source="field"
                                         to="temp.ERPdata Vendor Oracle/output/Success_Target_Rows">Success Target Rows</operation>
                              <operation source="field"
                                         to="temp.ERPdata Vendor Oracle/output/Failed_Target_Rows">Failed Target Rows</operation>
                              <operation source="field" to="temp.ERPdata Vendor Oracle/output/Start_Time">Start Time</operation>
                              <operation source="field" to="temp.ERPdata Vendor Oracle/output/End_Time">End Time</operation>
                              <operation source="field" to="temp.ERPdata Vendor Oracle/output/Error_Message">Error Message</operation>
                              <operation source="field" to="temp.ERPdata Vendor Oracle/output/TotalTransErrors">Total Transformation Errors</operation>
                              <operation source="field" to="temp.ERPdata Vendor Oracle/output/FirstErrorCode">First Error Code</operation>
                           </serviceOutput>
                        </service>
                        <events>
                           <catch faultField="temp.ERPdata Vendor Oracle/fault"
                                  id="kvxsr6bn"
                                  interrupting="true"
                                  name="error">
                              <suspend/>
                           </catch>
                           <catch faultField="temp.ERPdata Vendor Oracle/fault"
                                  id="kvxsr6bo"
                                  interrupting="true"
                                  name="warning"/>
                        </events>
                     </eventContainer>
                     <link id="j3wg4fhk" targetId="j3wg4fhf" type="containerLink"/>
                  </flow>
                  <flow id="j3wg4fhm">
                     <eventContainer id="kvxsr6cv">
                        <service id="j3wg4fi4">
                           <title>ERPData Vendors</title>
                           <serviceName>ICSExecuteDataTask</serviceName>
                           <serviceGUID/>
                           <serviceInput>
                              <parameter name="Wait for Task to Complete" source="constant" updatable="true">true</parameter>
                              <parameter name="Max Wait" source="constant" updatable="true">604800</parameter>
                              <parameter name="Task Name" source="constant" updatable="true">mt_TSdecom_ERPData_Vendors</parameter>
                              <parameter name="GUID" source="constant" updatable="true">2dux81kpKB2jIjeSCkjMMK</parameter>
                              <parameter name="Task Type" source="constant" updatable="true">MCT</parameter>
                              <parameter name="Has Inout Parameters" source="constant" updatable="true">false</parameter>
                              <parameter name="taskField" source="nested">
                                 <operation source="field" to="mt-TSdecom-ERPData-Vendors">temp.ERPData Vendors</operation>
                              </parameter>
                           </serviceInput>
                           <serviceOutput>
                              <operation source="field" to="temp.ERPData Vendors/output/Object_Name">Object Name</operation>
                              <operation source="field" to="temp.ERPData Vendors/output/Run_Id">Run Id</operation>
                              <operation source="field" to="temp.ERPData Vendors/output/Log_Id">Log Id</operation>
                              <operation source="field" to="temp.ERPData Vendors/output/Task_Id">Task Id</operation>
                              <operation source="field" to="temp.ERPData Vendors/output/Task_Status">Task Status</operation>
                              <operation source="field" to="temp.ERPData Vendors/output/Success_Source_Rows">Success Source Rows</operation>
                              <operation source="field" to="temp.ERPData Vendors/output/Failed_Source_Rows">Failed Source Rows</operation>
                              <operation source="field" to="temp.ERPData Vendors/output/Success_Target_Rows">Success Target Rows</operation>
                              <operation source="field" to="temp.ERPData Vendors/output/Failed_Target_Rows">Failed Target Rows</operation>
                              <operation source="field" to="temp.ERPData Vendors/output/Start_Time">Start Time</operation>
                              <operation source="field" to="temp.ERPData Vendors/output/End_Time">End Time</operation>
                              <operation source="field" to="temp.ERPData Vendors/output/Error_Message">Error Message</operation>
                              <operation source="field" to="temp.ERPData Vendors/output/TotalTransErrors">Total Transformation Errors</operation>
                              <operation source="field" to="temp.ERPData Vendors/output/FirstErrorCode">First Error Code</operation>
                           </serviceOutput>
                        </service>
                        <events>
                           <catch faultField="temp.ERPData Vendors/fault"
                                  id="kvxsr6ct"
                                  interrupting="true"
                                  name="error">
                              <suspend/>
                           </catch>
                           <catch faultField="temp.ERPData Vendors/fault"
                                  id="kvxsr6cu"
                                  interrupting="true"
                                  name="warning"/>
                        </events>
                     </eventContainer>
                     <link id="j3wg4fhn" targetId="j3wg4fhf" type="containerLink"/>
                  </flow>
                  <link id="j3wg4fhi" targetId="j3wg4fhj" type="containerLink"/>
                  <link id="j3wg4fhl" targetId="j3wg4fhm" type="containerLink"/>
                  <link id="j3wg4fhh" targetId="c"/>
               </container>
               <end id="c"/>
            </flow>
            <dependencies>
               <processObject xmlns="http://schemas.active-endpoints.com/appmodules/screenflow/2011/06/avosHostEnvironment.xsd"
                              displayName="mt-TSdecom-ERPData-VendorOracle"
                              isByCopy="true"
                              name="mt-TSdecom-ERPData-VendorOracle">
                  <description/>
                  <tags/>
                  <detail>
                     <field label="TaskProperties Parameters"
                            name="taskProperties"
                            nullable="true"
                            required="false"
                            type="reference"/>
                     <field label="Output Parameters"
                            name="output"
                            nullable="true"
                            required="false"
                            type="reference"/>
                     <field label="Fault"
                            name="fault"
                            nullable="true"
                            required="false"
                            type="reference"/>
                  </detail>
               </processObject>
               <processObject xmlns="http://schemas.active-endpoints.com/appmodules/screenflow/2011/06/avosHostEnvironment.xsd"
                              displayName="mt-TSdecom-ERPData-Vendors"
                              isByCopy="true"
                              name="mt-TSdecom-ERPData-Vendors">
                  <description/>
                  <tags/>
                  <detail>
                     <field label="TaskProperties Parameters"
                            name="taskProperties"
                            nullable="true"
                            required="false"
                            type="reference"/>
                     <field label="Output Parameters"
                            name="output"
                            nullable="true"
                            required="false"
                            type="reference"/>
                     <field label="Fault"
                            name="fault"
                            nullable="true"
                            required="false"
                            type="reference"/>
                  </detail>
               </processObject>
            </dependencies>
         </taskflow>
      </types1:Entry>
      <types1:GUID>58LecRLsldVi25dSYZ0mQ6</types1:GUID>
      <types1:DisplayName>tf_TSdecom_ERPData</types1:DisplayName>
   </types1:Item>
   <types1:CurrentServerDateTime>2021-11-13T19:36:59.221Z</types1:CurrentServerDateTime>
</aetgt:getResponse>
