<aetgt:getResponse xmlns:aetgt="http://schemas.active-endpoints.com/appmodules/repository/2010/10/avrepository.xsd"
                   xmlns:types1="http://schemas.active-endpoints.com/appmodules/repository/2010/10/avrepository.xsd">
   <types1:Item>
      <types1:EntryId>qvnMUvIw8jIw8jI-gt-7811919-2022-01-20T18:11:18.271Z::tf.xml</types1:EntryId>
      <types1:Name>tf_TSdecom_LFFormsExportCistom_NSI_TrainingAssessments</types1:Name>
      <types1:MimeType>application/xml+taskflow</types1:MimeType>
      <types1:Description>tf to migrate LFFormsExportCustom data to Data Staging</types1:Description>
      <types1:AppliesTo/>
      <types1:Tags/>
      <types1:VersionLabel>1.0</types1:VersionLabel>
      <types1:State>CURRENT</types1:State>
      <types1:ProcessGroup/>
      <types1:CreatedBy>mbernier.test</types1:CreatedBy>
      <types1:CreationDate>2022-01-20T18:11:18Z</types1:CreationDate>
      <types1:ModifiedBy/>
      <types1:PublicationStatus>published</types1:PublicationStatus>
      <types1:PublishedBy>1006554@choctawnation.com.SAML</types1:PublishedBy>
      <types1:PublicationDate>2022-01-20T18:16:30Z</types1:PublicationDate>
      <types1:PublishedContributionId>project:/tf.tf_TSdecom_LFFormsExportCistom_NSI_TrainingAssessments/tf_TSdecom_LFFormsExportCistom_NSI_TrainingAssessments.tf.xml</types1:PublishedContributionId>
      <types1:AutosaveExists>false</types1:AutosaveExists>
      <types1:Entry>
         <taskflow xmlns="http://schemas.active-endpoints.com/appmodules/screenflow/2010/10/avosScreenflow.xsd"
                   xmlns:tfm="http://schemas.active-endpoints.com/appmodules/screenflow/2021/04/taskflowModel.xsd"
                   xmlns:list="urn:activevos:spi:list:functions"
                   displayName="tf_TSdecom_LFFormsExportCistom_NSI_TrainingAssessments"
                   name="tf_TSdecom_LFFormsExportCistom_NSI_TrainingAssessments"
                   overrideAPIName="false">
            <parameterSet xmlns="http://schemas.active-endpoints.com/appmodules/screenflow/2021/04/taskflowModel.xsd"/>
            <appliesTo/>
            <description>tf to migrate LFFormsExportCustom data to Data Staging</description>
            <tags/>
            <generator>Informatica Process Designer 11</generator>
            <tempFields>
               <field description="" name="NSI Training Assessments" type="reference">
                  <options>
                     <option name="failOnNotRun">false</option>
                     <option name="failOnFault">false</option>
                     <option name="referenceTo">$po:mt-TSdecom-LFFormsExportCustom-NSI-TrainingAssessments</option>
                  </options>
               </field>
            </tempFields>
            <notes/>
            <deployment suspendOnFault="false" tracingLevel="verbose">
               <rest/>
            </deployment>
            <flow id="a">
               <start id="b">
                  <link id="kyn7fsdf" targetId="kyn7fsdk"/>
               </start>
               <eventContainer id="kyn7fsdk">
                  <service id="kyn7fsde">
                     <title>NSI Training Assessments</title>
                     <serviceName>ICSExecuteDataTask</serviceName>
                     <serviceGUID/>
                     <serviceInput>
                        <parameter name="Wait for Task to Complete" source="constant" updatable="true">true</parameter>
                        <parameter name="Max Wait" source="constant" updatable="true">604800</parameter>
                        <parameter name="Task Name" source="constant" updatable="true">mt_TSdecom_LFFormsExportCustom_NSI_TrainingAssessments</parameter>
                        <parameter name="GUID" source="constant" updatable="true">0Hj6bm5EJS2iY9TaAlR3YO</parameter>
                        <parameter name="Task Type" source="constant" updatable="true">MCT</parameter>
                        <parameter name="Has Inout Parameters" source="constant" updatable="true">false</parameter>
                        <parameter name="taskField" source="nested">
                           <operation source="field"
                                      to="mt-TSdecom-LFFormsExportCustom-NSI-TrainingAssessments">temp.NSI Training Assessments</operation>
                        </parameter>
                     </serviceInput>
                     <serviceOutput>
                        <operation source="field" to="temp.NSI Training Assessments/output/Object_Name">Object Name</operation>
                        <operation source="field" to="temp.NSI Training Assessments/output/Run_Id">Run Id</operation>
                        <operation source="field" to="temp.NSI Training Assessments/output/Log_Id">Log Id</operation>
                        <operation source="field" to="temp.NSI Training Assessments/output/Task_Id">Task Id</operation>
                        <operation source="field" to="temp.NSI Training Assessments/output/Task_Status">Task Status</operation>
                        <operation source="field"
                                   to="temp.NSI Training Assessments/output/Success_Source_Rows">Success Source Rows</operation>
                        <operation source="field"
                                   to="temp.NSI Training Assessments/output/Failed_Source_Rows">Failed Source Rows</operation>
                        <operation source="field"
                                   to="temp.NSI Training Assessments/output/Success_Target_Rows">Success Target Rows</operation>
                        <operation source="field"
                                   to="temp.NSI Training Assessments/output/Failed_Target_Rows">Failed Target Rows</operation>
                        <operation source="field" to="temp.NSI Training Assessments/output/Start_Time">Start Time</operation>
                        <operation source="field" to="temp.NSI Training Assessments/output/End_Time">End Time</operation>
                        <operation source="field" to="temp.NSI Training Assessments/output/Error_Message">Error Message</operation>
                        <operation source="field"
                                   to="temp.NSI Training Assessments/output/TotalTransErrors">Total Transformation Errors</operation>
                        <operation source="field" to="temp.NSI Training Assessments/output/FirstErrorCode">First Error Code</operation>
                     </serviceOutput>
                  </service>
                  <link id="kyn7fsdg" targetId="c"/>
                  <events>
                     <catch faultField="temp.NSI Training Assessments/fault"
                            id="kyn7fsdi"
                            interrupting="true"
                            name="error">
                        <suspend/>
                     </catch>
                     <catch faultField="temp.NSI Training Assessments/fault"
                            id="kyn7fsdj"
                            interrupting="true"
                            name="warning"/>
                  </events>
               </eventContainer>
               <end id="c"/>
            </flow>
            <dependencies>
               <processObject xmlns="http://schemas.active-endpoints.com/appmodules/screenflow/2011/06/avosHostEnvironment.xsd"
                              displayName="mt-TSdecom-LFFormsExportCustom-NSI-TrainingAssessments"
                              isByCopy="true"
                              name="mt-TSdecom-LFFormsExportCustom-NSI-TrainingAssessments">
                  <description/>
                  <tags/>
                  <detail>
                     <field label="Input Parameters"
                            name="input"
                            nullable="true"
                            required="false"
                            type="reference"/>
                     <field label="TaskProperties Parameters"
                            name="taskProperties"
                            nullable="true"
                            required="false"
                            type="reference"/>
                     <field label="Output Parameters"
                            name="output"
                            nullable="true"
                            required="false"
                            type="reference"/>
                     <field label="Fault"
                            name="fault"
                            nullable="true"
                            required="false"
                            type="reference"/>
                  </detail>
               </processObject>
            </dependencies>
         </taskflow>
      </types1:Entry>
      <types1:GUID>cwHitEfeLArfYtgd65SXEp</types1:GUID>
      <types1:DisplayName>tf_TSdecom_LFFormsExportCistom_NSI_TrainingAssessments</types1:DisplayName>
   </types1:Item>
   <types1:CurrentServerDateTime>2022-01-20T19:41:33.14Z</types1:CurrentServerDateTime>
</aetgt:getResponse>
