<aetgt:getResponse xmlns:aetgt="http://schemas.active-endpoints.com/appmodules/repository/2010/10/avrepository.xsd"
                   xmlns:types1="http://schemas.active-endpoints.com/appmodules/repository/2010/10/avrepository.xsd">
   <types1:Item>
      <types1:EntryId>BNsLaa-gt-3998419-2022-01-07T21:23:58.443Z::tf.xml</types1:EntryId>
      <types1:Name>tf_TSdecom_IntertribalChoWIA</types1:Name>
      <types1:MimeType>application/xml+taskflow</types1:MimeType>
      <types1:Description>Task Flow to process all table from IntertribalChoWIA</types1:Description>
      <types1:AppliesTo/>
      <types1:Tags/>
      <types1:VersionLabel>1.0</types1:VersionLabel>
      <types1:State>CURRENT</types1:State>
      <types1:ProcessGroup/>
      <types1:CreatedBy>1006554@choctawnation.com</types1:CreatedBy>
      <types1:CreationDate>2022-01-07T21:23:58Z</types1:CreationDate>
      <types1:ModifiedBy/>
      <types1:PublicationStatus>unpublished</types1:PublicationStatus>
      <types1:AutosaveExists>false</types1:AutosaveExists>
      <types1:Entry>
         <taskflow xmlns="http://schemas.active-endpoints.com/appmodules/screenflow/2010/10/avosScreenflow.xsd"
                   xmlns:tfm="http://schemas.active-endpoints.com/appmodules/screenflow/2021/04/taskflowModel.xsd"
                   xmlns:list="urn:activevos:spi:list:functions"
                   displayName="tf_TSdecom_IntertribalChoWIA"
                   name="tf_TSdecom_IntertribalChoWIA"
                   overrideAPIName="false">
            <parameterSet xmlns="http://schemas.active-endpoints.com/appmodules/screenflow/2021/04/taskflowModel.xsd"/>
            <appliesTo/>
            <description>Task Flow to process all table from IntertribalChoWIA</description>
            <tags/>
            <generator>Informatica Process Designer 11</generator>
            <tempFields>
               <field description=""
                      name="IntertribalChoWIA refBarriers"
                      type="reference">
                  <options>
                     <option name="failOnNotRun">false</option>
                     <option name="failOnFault">false</option>
                     <option name="referenceTo">$po:mt-TSdecom-IntertribalChoWIA-refBarriers</option>
                  </options>
               </field>
               <field description=""
                      name="IntertribalChoWIA refServiceTypes"
                      type="reference">
                  <options>
                     <option name="failOnNotRun">false</option>
                     <option name="failOnFault">false</option>
                     <option name="referenceTo">$po:mt-TSdecom-IntertribalChoWIA-refServiceTypes</option>
                  </options>
               </field>
               <field description=""
                      name="IntertribalChoWIA Application Status History"
                      type="reference">
                  <options>
                     <option name="failOnNotRun">false</option>
                     <option name="failOnFault">false</option>
                     <option name="referenceTo">$po:mt-TSdecom-IntertribalChoWIA-ApplicationStatusHistory</option>
                  </options>
               </field>
               <field description="" name="IntertribalChoWIA Barriers" type="reference">
                  <options>
                     <option name="failOnNotRun">false</option>
                     <option name="failOnFault">false</option>
                     <option name="referenceTo">$po:mt-TSdecom-IntertribalChoWIA-Barriers</option>
                  </options>
               </field>
            </tempFields>
            <notes/>
            <deployment suspendOnFault="false" tracingLevel="verbose">
               <rest/>
            </deployment>
            <flow id="a">
               <start id="b">
                  <link id="j3wg4fhg" targetId="j3wg4fhf"/>
               </start>
               <container id="j3wg4fhf" type="parallel">
                  <title>a;; tbls</title>
                  <flow id="j3wg4fhj">
                     <eventContainer id="ky4wdes7">
                        <service id="j3wg4fhu">
                           <title>IntertribalChoWIA Application Status History</title>
                           <serviceName>ICSExecuteDataTask</serviceName>
                           <serviceGUID/>
                           <serviceInput>
                              <parameter name="Wait for Task to Complete" source="constant" updatable="true">true</parameter>
                              <parameter name="Max Wait" source="constant" updatable="true">604800</parameter>
                              <parameter name="Task Name" source="constant" updatable="true">mt_TSdecom_IntertribalChoWIA_ApplicationStatusHistory</parameter>
                              <parameter name="GUID" source="constant" updatable="true">2mjV1Y1xz0QfapZipCmySd</parameter>
                              <parameter name="Task Type" source="constant" updatable="true">MCT</parameter>
                              <parameter name="Has Inout Parameters" source="constant" updatable="true">false</parameter>
                              <parameter name="taskField" source="nested">
                                 <operation source="field"
                                            to="mt-TSdecom-IntertribalChoWIA-ApplicationStatusHistory">temp.IntertribalChoWIA Application Status History</operation>
                              </parameter>
                           </serviceInput>
                           <serviceOutput>
                              <operation source="field"
                                         to="temp.IntertribalChoWIA Application Status History/output/Object_Name">Object Name</operation>
                              <operation source="field"
                                         to="temp.IntertribalChoWIA Application Status History/output/Run_Id">Run Id</operation>
                              <operation source="field"
                                         to="temp.IntertribalChoWIA Application Status History/output/Log_Id">Log Id</operation>
                              <operation source="field"
                                         to="temp.IntertribalChoWIA Application Status History/output/Task_Id">Task Id</operation>
                              <operation source="field"
                                         to="temp.IntertribalChoWIA Application Status History/output/Task_Status">Task Status</operation>
                              <operation source="field"
                                         to="temp.IntertribalChoWIA Application Status History/output/Success_Source_Rows">Success Source Rows</operation>
                              <operation source="field"
                                         to="temp.IntertribalChoWIA Application Status History/output/Failed_Source_Rows">Failed Source Rows</operation>
                              <operation source="field"
                                         to="temp.IntertribalChoWIA Application Status History/output/Success_Target_Rows">Success Target Rows</operation>
                              <operation source="field"
                                         to="temp.IntertribalChoWIA Application Status History/output/Failed_Target_Rows">Failed Target Rows</operation>
                              <operation source="field"
                                         to="temp.IntertribalChoWIA Application Status History/output/Start_Time">Start Time</operation>
                              <operation source="field"
                                         to="temp.IntertribalChoWIA Application Status History/output/End_Time">End Time</operation>
                              <operation source="field"
                                         to="temp.IntertribalChoWIA Application Status History/output/Error_Message">Error Message</operation>
                              <operation source="field"
                                         to="temp.IntertribalChoWIA Application Status History/output/TotalTransErrors">Total Transformation Errors</operation>
                              <operation source="field"
                                         to="temp.IntertribalChoWIA Application Status History/output/FirstErrorCode">First Error Code</operation>
                           </serviceOutput>
                        </service>
                        <events>
                           <catch faultField="temp.IntertribalChoWIA Application Status History/fault"
                                  id="ky4wdes5"
                                  interrupting="true"
                                  name="error">
                              <suspend/>
                           </catch>
                           <catch faultField="temp.IntertribalChoWIA Application Status History/fault"
                                  id="ky4wdes6"
                                  interrupting="true"
                                  name="warning"/>
                        </events>
                     </eventContainer>
                     <link id="j3wg4fhk" targetId="j3wg4fhf" type="containerLink"/>
                  </flow>
                  <flow id="j3wg4fhm">
                     <eventContainer id="ky4wdetj">
                        <service id="j3wg4fi4">
                           <title>IntertribalChoWIA Barriers</title>
                           <serviceName>ICSExecuteDataTask</serviceName>
                           <serviceGUID/>
                           <serviceInput>
                              <parameter name="Wait for Task to Complete" source="constant" updatable="true">true</parameter>
                              <parameter name="Max Wait" source="constant" updatable="true">604800</parameter>
                              <parameter name="Task Name" source="constant" updatable="true">mt_TSdecom_IntertribalChoWIA_Barriers</parameter>
                              <parameter name="GUID" source="constant" updatable="true">7GRP4dVKCHubV7ByaDloUo</parameter>
                              <parameter name="Task Type" source="constant" updatable="true">MCT</parameter>
                              <parameter name="Has Inout Parameters" source="constant" updatable="true">false</parameter>
                              <parameter name="taskField" source="nested">
                                 <operation source="field" to="mt-TSdecom-IntertribalChoWIA-Barriers">temp.IntertribalChoWIA Barriers</operation>
                              </parameter>
                           </serviceInput>
                           <serviceOutput>
                              <operation source="field" to="temp.IntertribalChoWIA Barriers/output/Object_Name">Object Name</operation>
                              <operation source="field" to="temp.IntertribalChoWIA Barriers/output/Run_Id">Run Id</operation>
                              <operation source="field" to="temp.IntertribalChoWIA Barriers/output/Log_Id">Log Id</operation>
                              <operation source="field" to="temp.IntertribalChoWIA Barriers/output/Task_Id">Task Id</operation>
                              <operation source="field" to="temp.IntertribalChoWIA Barriers/output/Task_Status">Task Status</operation>
                              <operation source="field"
                                         to="temp.IntertribalChoWIA Barriers/output/Success_Source_Rows">Success Source Rows</operation>
                              <operation source="field"
                                         to="temp.IntertribalChoWIA Barriers/output/Failed_Source_Rows">Failed Source Rows</operation>
                              <operation source="field"
                                         to="temp.IntertribalChoWIA Barriers/output/Success_Target_Rows">Success Target Rows</operation>
                              <operation source="field"
                                         to="temp.IntertribalChoWIA Barriers/output/Failed_Target_Rows">Failed Target Rows</operation>
                              <operation source="field" to="temp.IntertribalChoWIA Barriers/output/Start_Time">Start Time</operation>
                              <operation source="field" to="temp.IntertribalChoWIA Barriers/output/End_Time">End Time</operation>
                              <operation source="field"
                                         to="temp.IntertribalChoWIA Barriers/output/Error_Message">Error Message</operation>
                              <operation source="field"
                                         to="temp.IntertribalChoWIA Barriers/output/TotalTransErrors">Total Transformation Errors</operation>
                              <operation source="field"
                                         to="temp.IntertribalChoWIA Barriers/output/FirstErrorCode">First Error Code</operation>
                           </serviceOutput>
                        </service>
                        <events>
                           <catch faultField="temp.IntertribalChoWIA Barriers/fault"
                                  id="ky4wdeth"
                                  interrupting="true"
                                  name="error">
                              <suspend/>
                           </catch>
                           <catch faultField="temp.IntertribalChoWIA Barriers/fault"
                                  id="ky4wdeti"
                                  interrupting="true"
                                  name="warning"/>
                        </events>
                     </eventContainer>
                     <link id="j3wg4fhn" targetId="j3wg4fhf" type="containerLink"/>
                  </flow>
                  <flow id="ky4wderd">
                     <eventContainer id="ky4wdeuv">
                        <service id="ky4wderr">
                           <title>IntertribalChoWIA refBarriers</title>
                           <serviceName>ICSExecuteDataTask</serviceName>
                           <serviceGUID/>
                           <serviceInput>
                              <parameter name="Wait for Task to Complete" source="constant" updatable="true">true</parameter>
                              <parameter name="Max Wait" source="constant" updatable="true">604800</parameter>
                              <parameter name="Task Name" source="constant" updatable="true">mt_TSdecom_IntertribalChoWIA_refBarriers</parameter>
                              <parameter name="GUID" source="constant" updatable="true">dSEqULceOiGcnwJr4adn8g</parameter>
                              <parameter name="Task Type" source="constant" updatable="true">MCT</parameter>
                              <parameter name="Has Inout Parameters" source="constant" updatable="true">false</parameter>
                              <parameter name="taskField" source="nested">
                                 <operation source="field" to="mt-TSdecom-IntertribalChoWIA-refBarriers">temp.IntertribalChoWIA refBarriers</operation>
                              </parameter>
                           </serviceInput>
                           <serviceOutput>
                              <operation source="field"
                                         to="temp.IntertribalChoWIA refBarriers/output/Object_Name">Object Name</operation>
                              <operation source="field" to="temp.IntertribalChoWIA refBarriers/output/Run_Id">Run Id</operation>
                              <operation source="field" to="temp.IntertribalChoWIA refBarriers/output/Log_Id">Log Id</operation>
                              <operation source="field" to="temp.IntertribalChoWIA refBarriers/output/Task_Id">Task Id</operation>
                              <operation source="field"
                                         to="temp.IntertribalChoWIA refBarriers/output/Task_Status">Task Status</operation>
                              <operation source="field"
                                         to="temp.IntertribalChoWIA refBarriers/output/Success_Source_Rows">Success Source Rows</operation>
                              <operation source="field"
                                         to="temp.IntertribalChoWIA refBarriers/output/Failed_Source_Rows">Failed Source Rows</operation>
                              <operation source="field"
                                         to="temp.IntertribalChoWIA refBarriers/output/Success_Target_Rows">Success Target Rows</operation>
                              <operation source="field"
                                         to="temp.IntertribalChoWIA refBarriers/output/Failed_Target_Rows">Failed Target Rows</operation>
                              <operation source="field"
                                         to="temp.IntertribalChoWIA refBarriers/output/Start_Time">Start Time</operation>
                              <operation source="field" to="temp.IntertribalChoWIA refBarriers/output/End_Time">End Time</operation>
                              <operation source="field"
                                         to="temp.IntertribalChoWIA refBarriers/output/Error_Message">Error Message</operation>
                              <operation source="field"
                                         to="temp.IntertribalChoWIA refBarriers/output/TotalTransErrors">Total Transformation Errors</operation>
                              <operation source="field"
                                         to="temp.IntertribalChoWIA refBarriers/output/FirstErrorCode">First Error Code</operation>
                           </serviceOutput>
                        </service>
                        <events>
                           <catch faultField="temp.IntertribalChoWIA refBarriers/fault"
                                  id="ky4wdeut"
                                  interrupting="true"
                                  name="error">
                              <suspend/>
                           </catch>
                           <catch faultField="temp.IntertribalChoWIA refBarriers/fault"
                                  id="ky4wdeuu"
                                  interrupting="true"
                                  name="warning"/>
                        </events>
                     </eventContainer>
                     <link id="ky4wdere" targetId="j3wg4fhf" type="containerLink"/>
                  </flow>
                  <flow id="ky4wderj">
                     <eventContainer id="ky4wdew6">
                        <service id="ky4wderz">
                           <title>IntertribalChoWIA refServiceTypes</title>
                           <serviceName>ICSExecuteDataTask</serviceName>
                           <serviceGUID/>
                           <serviceInput>
                              <parameter name="Wait for Task to Complete" source="constant" updatable="true">true</parameter>
                              <parameter name="Max Wait" source="constant" updatable="true">604800</parameter>
                              <parameter name="Task Name" source="constant" updatable="true">mt_TSdecom_IntertribalChoWIA_refServiceTypes</parameter>
                              <parameter name="GUID" source="constant" updatable="true">cjNe2SIJUwykIpmo5szxwx</parameter>
                              <parameter name="Task Type" source="constant" updatable="true">MCT</parameter>
                              <parameter name="Has Inout Parameters" source="constant" updatable="true">false</parameter>
                              <parameter name="taskField" source="nested">
                                 <operation source="field" to="mt-TSdecom-IntertribalChoWIA-refServiceTypes">temp.IntertribalChoWIA refServiceTypes</operation>
                              </parameter>
                           </serviceInput>
                           <serviceOutput>
                              <operation source="field"
                                         to="temp.IntertribalChoWIA refServiceTypes/output/Object_Name">Object Name</operation>
                              <operation source="field"
                                         to="temp.IntertribalChoWIA refServiceTypes/output/Run_Id">Run Id</operation>
                              <operation source="field"
                                         to="temp.IntertribalChoWIA refServiceTypes/output/Log_Id">Log Id</operation>
                              <operation source="field"
                                         to="temp.IntertribalChoWIA refServiceTypes/output/Task_Id">Task Id</operation>
                              <operation source="field"
                                         to="temp.IntertribalChoWIA refServiceTypes/output/Task_Status">Task Status</operation>
                              <operation source="field"
                                         to="temp.IntertribalChoWIA refServiceTypes/output/Success_Source_Rows">Success Source Rows</operation>
                              <operation source="field"
                                         to="temp.IntertribalChoWIA refServiceTypes/output/Failed_Source_Rows">Failed Source Rows</operation>
                              <operation source="field"
                                         to="temp.IntertribalChoWIA refServiceTypes/output/Success_Target_Rows">Success Target Rows</operation>
                              <operation source="field"
                                         to="temp.IntertribalChoWIA refServiceTypes/output/Failed_Target_Rows">Failed Target Rows</operation>
                              <operation source="field"
                                         to="temp.IntertribalChoWIA refServiceTypes/output/Start_Time">Start Time</operation>
                              <operation source="field"
                                         to="temp.IntertribalChoWIA refServiceTypes/output/End_Time">End Time</operation>
                              <operation source="field"
                                         to="temp.IntertribalChoWIA refServiceTypes/output/Error_Message">Error Message</operation>
                              <operation source="field"
                                         to="temp.IntertribalChoWIA refServiceTypes/output/TotalTransErrors">Total Transformation Errors</operation>
                              <operation source="field"
                                         to="temp.IntertribalChoWIA refServiceTypes/output/FirstErrorCode">First Error Code</operation>
                           </serviceOutput>
                        </service>
                        <events>
                           <catch faultField="temp.IntertribalChoWIA refServiceTypes/fault"
                                  id="ky4wdew4"
                                  interrupting="true"
                                  name="error">
                              <suspend/>
                           </catch>
                           <catch faultField="temp.IntertribalChoWIA refServiceTypes/fault"
                                  id="ky4wdew5"
                                  interrupting="true"
                                  name="warning"/>
                        </events>
                     </eventContainer>
                     <link id="ky4wderk" targetId="j3wg4fhf" type="containerLink"/>
                  </flow>
                  <link id="j3wg4fhi" targetId="j3wg4fhj" type="containerLink"/>
                  <link id="j3wg4fhl" targetId="j3wg4fhm" type="containerLink"/>
                  <link id="ky4wderc" targetId="ky4wderd" type="containerLink"/>
                  <link id="ky4wderi" targetId="ky4wderj" type="containerLink"/>
                  <link id="j3wg4fhh" targetId="c"/>
               </container>
               <end id="c"/>
            </flow>
            <dependencies>
               <processObject xmlns="http://schemas.active-endpoints.com/appmodules/screenflow/2011/06/avosHostEnvironment.xsd"
                              displayName="mt-TSdecom-IntertribalChoWIA-refBarriers"
                              isByCopy="true"
                              name="mt-TSdecom-IntertribalChoWIA-refBarriers">
                  <description/>
                  <tags/>
                  <detail>
                     <field label="Input Parameters"
                            name="input"
                            nullable="true"
                            required="false"
                            type="reference"/>
                     <field label="TaskProperties Parameters"
                            name="taskProperties"
                            nullable="true"
                            required="false"
                            type="reference"/>
                     <field label="Output Parameters"
                            name="output"
                            nullable="true"
                            required="false"
                            type="reference"/>
                     <field label="Fault"
                            name="fault"
                            nullable="true"
                            required="false"
                            type="reference"/>
                  </detail>
               </processObject>
               <processObject xmlns="http://schemas.active-endpoints.com/appmodules/screenflow/2011/06/avosHostEnvironment.xsd"
                              displayName="mt-TSdecom-IntertribalChoWIA-refServiceTypes"
                              isByCopy="true"
                              name="mt-TSdecom-IntertribalChoWIA-refServiceTypes">
                  <description/>
                  <tags/>
                  <detail>
                     <field label="Input Parameters"
                            name="input"
                            nullable="true"
                            required="false"
                            type="reference"/>
                     <field label="TaskProperties Parameters"
                            name="taskProperties"
                            nullable="true"
                            required="false"
                            type="reference"/>
                     <field label="Output Parameters"
                            name="output"
                            nullable="true"
                            required="false"
                            type="reference"/>
                     <field label="Fault"
                            name="fault"
                            nullable="true"
                            required="false"
                            type="reference"/>
                  </detail>
               </processObject>
               <processObject xmlns="http://schemas.active-endpoints.com/appmodules/screenflow/2011/06/avosHostEnvironment.xsd"
                              displayName="mt-TSdecom-IntertribalChoWIA-ApplicationStatusHistory"
                              isByCopy="true"
                              name="mt-TSdecom-IntertribalChoWIA-ApplicationStatusHistory">
                  <description/>
                  <tags/>
                  <detail>
                     <field label="Input Parameters"
                            name="input"
                            nullable="true"
                            required="false"
                            type="reference"/>
                     <field label="TaskProperties Parameters"
                            name="taskProperties"
                            nullable="true"
                            required="false"
                            type="reference"/>
                     <field label="Output Parameters"
                            name="output"
                            nullable="true"
                            required="false"
                            type="reference"/>
                     <field label="Fault"
                            name="fault"
                            nullable="true"
                            required="false"
                            type="reference"/>
                  </detail>
               </processObject>
               <processObject xmlns="http://schemas.active-endpoints.com/appmodules/screenflow/2011/06/avosHostEnvironment.xsd"
                              displayName="mt-TSdecom-IntertribalChoWIA-Barriers"
                              isByCopy="true"
                              name="mt-TSdecom-IntertribalChoWIA-Barriers">
                  <description/>
                  <tags/>
                  <detail>
                     <field label="Input Parameters"
                            name="input"
                            nullable="true"
                            required="false"
                            type="reference"/>
                     <field label="TaskProperties Parameters"
                            name="taskProperties"
                            nullable="true"
                            required="false"
                            type="reference"/>
                     <field label="Output Parameters"
                            name="output"
                            nullable="true"
                            required="false"
                            type="reference"/>
                     <field label="Fault"
                            name="fault"
                            nullable="true"
                            required="false"
                            type="reference"/>
                  </detail>
               </processObject>
            </dependencies>
         </taskflow>
      </types1:Entry>
      <types1:GUID>2iGCP0GL4cde8gyzN5xbKe</types1:GUID>
      <types1:DisplayName>tf_TSdecom_IntertribalChoWIA</types1:DisplayName>
   </types1:Item>
   <types1:CurrentServerDateTime>2022-02-23T02:52:19.659Z</types1:CurrentServerDateTime>
</aetgt:getResponse>
