<aetgt:getResponse xmlns:aetgt="http://schemas.active-endpoints.com/appmodules/repository/2010/10/avrepository.xsd"
                   xmlns:types1="http://schemas.active-endpoints.com/appmodules/repository/2010/10/avrepository.xsd">
   <types1:Item>
      <types1:EntryId>6ETyxKf3eFhBJQW-gt-4580628-2021-11-13T12:48:41.935Z::tf.xml</types1:EntryId>
      <types1:Name>tf_TSdecom_IntertribalChoHE</types1:Name>
      <types1:MimeType>application/xml+taskflow</types1:MimeType>
      <types1:Description>TF for updating tables fromIntertribalChoHE tables into DataStaging for the TSReport DB decommission</types1:Description>
      <types1:AppliesTo/>
      <types1:Tags/>
      <types1:VersionLabel>1.0</types1:VersionLabel>
      <types1:State>CURRENT</types1:State>
      <types1:ProcessGroup/>
      <types1:CreatedBy>1006554@choctawnation.com</types1:CreatedBy>
      <types1:CreationDate>2021-11-13T12:48:42Z</types1:CreationDate>
      <types1:ModifiedBy>1006554@choctawnation.com</types1:ModifiedBy>
      <types1:ModificationDate>2022-02-24T20:26:25Z</types1:ModificationDate>
      <types1:PublicationStatus>published</types1:PublicationStatus>
      <types1:PublishedBy>1006554@choctawnation.com</types1:PublishedBy>
      <types1:PublicationDate>2022-02-24T20:26:34Z</types1:PublicationDate>
      <types1:PublishedContributionId>project:/tf.tf_TSdecom_IntertribalChoHE/tf_TSdecom_IntertribalChoHE.tf.xml</types1:PublishedContributionId>
      <types1:AutosaveExists>false</types1:AutosaveExists>
      <types1:Entry>
         <taskflow xmlns="http://schemas.active-endpoints.com/appmodules/screenflow/2010/10/avosScreenflow.xsd"
                   xmlns:tfm="http://schemas.active-endpoints.com/appmodules/screenflow/2021/04/taskflowModel.xsd"
                   xmlns:list="urn:activevos:spi:list:functions"
                   displayName="tf_TSdecom_IntertribalChoHE"
                   name="tf_TSdecom_IntertribalChoHE"
                   overrideAPIName="false">
            <parameterSet xmlns="http://schemas.active-endpoints.com/appmodules/screenflow/2021/04/taskflowModel.xsd"/>
            <appliesTo/>
            <description>TF for updating tables fromIntertribalChoHE tables into DataStaging for the TSReport DB decommission</description>
            <tags/>
            <generator>Informatica Process Designer 11</generator>
            <tempFields>
               <field description="" name="IntertribalChoHE Grades" type="reference">
                  <options>
                     <option name="failOnNotRun">false</option>
                     <option name="failOnFault">false</option>
                     <option name="referenceTo">$po:mt-TSdecom-IntertribalChoHE-Grades</option>
                  </options>
               </field>
               <field description=""
                      name="ref Application Denial Reasons"
                      type="reference">
                  <options>
                     <option name="failOnNotRun">false</option>
                     <option name="failOnFault">false</option>
                     <option name="referenceTo">$po:mt-TSdecom-IntertribalChoHE-refApplicationDenialReasons</option>
                  </options>
               </field>
               <field description="" name="CC Programs" type="reference">
                  <options>
                     <option name="failOnNotRun">false</option>
                     <option name="failOnFault">false</option>
                     <option name="referenceTo">$po:mt-TSdecom-IntertribalChoHE-CCPrograms</option>
                  </options>
               </field>
               <field description="" name="ref Suspension Types" type="reference">
                  <options>
                     <option name="failOnNotRun">false</option>
                     <option name="failOnFault">false</option>
                     <option name="referenceTo">$po:mt-TSdecom-IntertribalChoHE-refSuspensionType</option>
                  </options>
               </field>
               <field description="" name="RefSchoolType" type="reference">
                  <options>
                     <option name="failOnNotRun">false</option>
                     <option name="failOnFault">false</option>
                     <option name="referenceTo">$po:mt-TSdecom-IntertribalChoHE-refSchoolType</option>
                  </options>
               </field>
               <field description="" name="refSchool Type" type="reference">
                  <options>
                     <option name="failOnNotRun">false</option>
                     <option name="failOnFault">false</option>
                     <option name="referenceTo">$po:mt-TSdecom-IntertribalChoHE-refSchoolType</option>
                  </options>
               </field>
               <field description="" name="ref Semesters" type="reference">
                  <options>
                     <option name="failOnNotRun">false</option>
                     <option name="failOnFault">false</option>
                     <option name="referenceTo">$po:mt-TSdecom-IntertribalChoHE-refSemester</option>
                  </options>
               </field>
               <field description="" name="ref student Classification" type="reference">
                  <options>
                     <option name="failOnNotRun">false</option>
                     <option name="failOnFault">false</option>
                     <option name="referenceTo">$po:mt-TSdecom-IntertribalChoHE-refStudentClassification</option>
                  </options>
               </field>
               <field description="" name="ref Application Statuses" type="reference">
                  <options>
                     <option name="failOnNotRun">false</option>
                     <option name="failOnFault">false</option>
                     <option name="referenceTo">$po:mt-TSdecom-IntertribalChoHE-refApplicationStatuses</option>
                  </options>
               </field>
               <field description="" name="ref Degree Sought" type="reference">
                  <options>
                     <option name="failOnNotRun">false</option>
                     <option name="failOnFault">false</option>
                     <option name="referenceTo">$po:mt-TSdecom-IntertribalChoHE-refDegreeSought</option>
                  </options>
               </field>
               <field description="" name="ref Outcomes" type="reference">
                  <options>
                     <option name="failOnNotRun">false</option>
                     <option name="failOnFault">false</option>
                     <option name="referenceTo">$po:mt-TSdecom-IntertribalChoHE-refOutcomes</option>
                  </options>
               </field>
               <field description="" name="ref Student Types" type="reference">
                  <options>
                     <option name="failOnNotRun">false</option>
                     <option name="failOnFault">false</option>
                     <option name="referenceTo">$po:mt-TSdecom-IntertribalChoHE-refStudentType</option>
                  </options>
               </field>
               <field description="" name="Applications" type="reference">
                  <options>
                     <option name="failOnNotRun">false</option>
                     <option name="failOnFault">false</option>
                     <option name="referenceTo">$po:mt-TSdecom-IntertribalChoHE-Applications</option>
                  </options>
               </field>
               <field description="" name="Payments" type="reference">
                  <options>
                     <option name="failOnNotRun">false</option>
                     <option name="failOnFault">false</option>
                     <option name="referenceTo">$po:mt-TSdecom-IntertribalChoHE-Payments</option>
                  </options>
               </field>
               <field description="" name="Vendors" type="reference">
                  <options>
                     <option name="failOnNotRun">false</option>
                     <option name="failOnFault">false</option>
                     <option name="referenceTo">$po:mt-TSdecom-IntertribalChoHE-Vendors</option>
                  </options>
               </field>
               <field description="" name="ref School Year" type="reference">
                  <options>
                     <option name="failOnNotRun">false</option>
                     <option name="failOnFault">false</option>
                     <option name="referenceTo">$po:mt-TSdecom-IntertribalChoHE-refSchoolYear</option>
                  </options>
               </field>
            </tempFields>
            <notes/>
            <deployment suspendOnFault="false" tracingLevel="verbose">
               <rest/>
            </deployment>
            <flow id="a">
               <start id="b">
                  <link id="j3wg4fhg" targetId="j3wg4fhf"/>
               </start>
               <container id="j3wg4fhf" type="parallel">
                  <title>for TS</title>
                  <flow id="j3wg4fhj">
                     <eventContainer id="kvxsylr0">
                        <service id="j3wg4fhu">
                           <title>IntertribalChoHE Grades</title>
                           <serviceName>ICSExecuteDataTask</serviceName>
                           <serviceGUID/>
                           <serviceInput>
                              <parameter name="Wait for Task to Complete" source="constant" updatable="true">true</parameter>
                              <parameter name="Max Wait" source="constant" updatable="true">604800</parameter>
                              <parameter name="Task Name" source="constant" updatable="true">mt_TSdecom_IntertribalChoHE_Grades</parameter>
                              <parameter name="GUID" source="constant" updatable="true">ceQOTYkRDAieb3wUqZarCv</parameter>
                              <parameter name="Task Type" source="constant" updatable="true">MCT</parameter>
                              <parameter name="Has Inout Parameters" source="constant" updatable="true">false</parameter>
                              <parameter name="taskField" source="nested">
                                 <operation source="field" to="mt-TSdecom-IntertribalChoHE-Grades">temp.IntertribalChoHE Grades</operation>
                              </parameter>
                           </serviceInput>
                           <serviceOutput>
                              <operation source="field" to="temp.IntertribalChoHE Grades/output/Object_Name">Object Name</operation>
                              <operation source="field" to="temp.IntertribalChoHE Grades/output/Run_Id">Run Id</operation>
                              <operation source="field" to="temp.IntertribalChoHE Grades/output/Log_Id">Log Id</operation>
                              <operation source="field" to="temp.IntertribalChoHE Grades/output/Task_Id">Task Id</operation>
                              <operation source="field" to="temp.IntertribalChoHE Grades/output/Task_Status">Task Status</operation>
                              <operation source="field"
                                         to="temp.IntertribalChoHE Grades/output/Success_Source_Rows">Success Source Rows</operation>
                              <operation source="field"
                                         to="temp.IntertribalChoHE Grades/output/Failed_Source_Rows">Failed Source Rows</operation>
                              <operation source="field"
                                         to="temp.IntertribalChoHE Grades/output/Success_Target_Rows">Success Target Rows</operation>
                              <operation source="field"
                                         to="temp.IntertribalChoHE Grades/output/Failed_Target_Rows">Failed Target Rows</operation>
                              <operation source="field" to="temp.IntertribalChoHE Grades/output/Start_Time">Start Time</operation>
                              <operation source="field" to="temp.IntertribalChoHE Grades/output/End_Time">End Time</operation>
                              <operation source="field" to="temp.IntertribalChoHE Grades/output/Error_Message">Error Message</operation>
                              <operation source="field"
                                         to="temp.IntertribalChoHE Grades/output/TotalTransErrors">Total Transformation Errors</operation>
                              <operation source="field" to="temp.IntertribalChoHE Grades/output/FirstErrorCode">First Error Code</operation>
                           </serviceOutput>
                        </service>
                        <events>
                           <catch faultField="temp.IntertribalChoHE Grades/fault"
                                  id="kvxsylqy"
                                  interrupting="true"
                                  name="error">
                              <suspend/>
                           </catch>
                           <catch faultField="temp.IntertribalChoHE Grades/fault"
                                  id="kvxsylqz"
                                  interrupting="true"
                                  name="warning"/>
                        </events>
                     </eventContainer>
                     <link id="j3wg4fhk" targetId="j3wg4fhf" type="containerLink"/>
                  </flow>
                  <flow id="j3wg4fhm">
                     <eventContainer id="kvxsyls6">
                        <service id="j3wg4fi4">
                           <title>ref Application Denial Reasons</title>
                           <serviceName>ICSExecuteDataTask</serviceName>
                           <serviceGUID/>
                           <serviceInput>
                              <parameter name="Wait for Task to Complete" source="constant" updatable="true">true</parameter>
                              <parameter name="Max Wait" source="constant" updatable="true">604800</parameter>
                              <parameter name="Task Name" source="constant" updatable="true">mt_TSdecom_IntertribalChoHE_refApplicationDenialReasons</parameter>
                              <parameter name="GUID" source="constant" updatable="true">2iaevF00njnhHIw0AoCU6d</parameter>
                              <parameter name="Task Type" source="constant" updatable="true">MCT</parameter>
                              <parameter name="Has Inout Parameters" source="constant" updatable="true">false</parameter>
                              <parameter name="taskField" source="nested">
                                 <operation source="field"
                                            to="mt-TSdecom-IntertribalChoHE-refApplicationDenialReasons">temp.ref Application Denial Reasons</operation>
                              </parameter>
                           </serviceInput>
                           <serviceOutput>
                              <operation source="field"
                                         to="temp.ref Application Denial Reasons/output/Object_Name">Object Name</operation>
                              <operation source="field" to="temp.ref Application Denial Reasons/output/Run_Id">Run Id</operation>
                              <operation source="field" to="temp.ref Application Denial Reasons/output/Log_Id">Log Id</operation>
                              <operation source="field" to="temp.ref Application Denial Reasons/output/Task_Id">Task Id</operation>
                              <operation source="field"
                                         to="temp.ref Application Denial Reasons/output/Task_Status">Task Status</operation>
                              <operation source="field"
                                         to="temp.ref Application Denial Reasons/output/Success_Source_Rows">Success Source Rows</operation>
                              <operation source="field"
                                         to="temp.ref Application Denial Reasons/output/Failed_Source_Rows">Failed Source Rows</operation>
                              <operation source="field"
                                         to="temp.ref Application Denial Reasons/output/Success_Target_Rows">Success Target Rows</operation>
                              <operation source="field"
                                         to="temp.ref Application Denial Reasons/output/Failed_Target_Rows">Failed Target Rows</operation>
                              <operation source="field"
                                         to="temp.ref Application Denial Reasons/output/Start_Time">Start Time</operation>
                              <operation source="field" to="temp.ref Application Denial Reasons/output/End_Time">End Time</operation>
                              <operation source="field"
                                         to="temp.ref Application Denial Reasons/output/Error_Message">Error Message</operation>
                              <operation source="field"
                                         to="temp.ref Application Denial Reasons/output/TotalTransErrors">Total Transformation Errors</operation>
                              <operation source="field"
                                         to="temp.ref Application Denial Reasons/output/FirstErrorCode">First Error Code</operation>
                           </serviceOutput>
                        </service>
                        <events>
                           <catch faultField="temp.ref Application Denial Reasons/fault"
                                  id="kvxsyls4"
                                  interrupting="true"
                                  name="error">
                              <suspend/>
                           </catch>
                           <catch faultField="temp.ref Application Denial Reasons/fault"
                                  id="kvxsyls5"
                                  interrupting="true"
                                  name="warning"/>
                        </events>
                     </eventContainer>
                     <link id="j3wg4fhn" targetId="j3wg4fhf" type="containerLink"/>
                  </flow>
                  <flow id="ky4vudls">
                     <eventContainer id="ky4vudme">
                        <service id="ky4vudm6">
                           <title>CC Programs</title>
                           <serviceName>ICSExecuteDataTask</serviceName>
                           <serviceGUID/>
                           <serviceInput>
                              <parameter name="Wait for Task to Complete" source="constant" updatable="true">true</parameter>
                              <parameter name="Max Wait" source="constant" updatable="true">604800</parameter>
                              <parameter name="Task Name" source="constant" updatable="true">mt_TSdecom_IntertribalChoHE_CCPrograms</parameter>
                              <parameter name="GUID" source="constant" updatable="true">3WMnwkAlj1geLTmk1BVqS1</parameter>
                              <parameter name="Task Type" source="constant" updatable="true">MCT</parameter>
                              <parameter name="Has Inout Parameters" source="constant" updatable="true">false</parameter>
                              <parameter name="taskField" source="nested">
                                 <operation source="field" to="mt-TSdecom-IntertribalChoHE-CCPrograms">temp.CC Programs</operation>
                              </parameter>
                           </serviceInput>
                           <serviceOutput>
                              <operation source="field" to="temp.CC Programs/output/Object_Name">Object Name</operation>
                              <operation source="field" to="temp.CC Programs/output/Run_Id">Run Id</operation>
                              <operation source="field" to="temp.CC Programs/output/Log_Id">Log Id</operation>
                              <operation source="field" to="temp.CC Programs/output/Task_Id">Task Id</operation>
                              <operation source="field" to="temp.CC Programs/output/Task_Status">Task Status</operation>
                              <operation source="field" to="temp.CC Programs/output/Success_Source_Rows">Success Source Rows</operation>
                              <operation source="field" to="temp.CC Programs/output/Failed_Source_Rows">Failed Source Rows</operation>
                              <operation source="field" to="temp.CC Programs/output/Success_Target_Rows">Success Target Rows</operation>
                              <operation source="field" to="temp.CC Programs/output/Failed_Target_Rows">Failed Target Rows</operation>
                              <operation source="field" to="temp.CC Programs/output/Start_Time">Start Time</operation>
                              <operation source="field" to="temp.CC Programs/output/End_Time">End Time</operation>
                              <operation source="field" to="temp.CC Programs/output/Error_Message">Error Message</operation>
                              <operation source="field" to="temp.CC Programs/output/TotalTransErrors">Total Transformation Errors</operation>
                              <operation source="field" to="temp.CC Programs/output/FirstErrorCode">First Error Code</operation>
                           </serviceOutput>
                        </service>
                        <events>
                           <catch faultField="temp.CC Programs/fault"
                                  id="ky4vudmc"
                                  interrupting="true"
                                  name="error">
                              <suspend/>
                           </catch>
                           <catch faultField="temp.CC Programs/fault"
                                  id="ky4vudmd"
                                  interrupting="true"
                                  name="warning"/>
                        </events>
                     </eventContainer>
                     <link id="ky4vudlt" targetId="j3wg4fhf" type="containerLink"/>
                  </flow>
                  <flow id="ky4vudly">
                     <eventContainer id="ky4vudo1">
                        <service id="ky4vudnt">
                           <title>ref Suspension Types</title>
                           <serviceName>ICSExecuteDataTask</serviceName>
                           <serviceGUID/>
                           <serviceInput>
                              <parameter name="Wait for Task to Complete" source="constant" updatable="true">true</parameter>
                              <parameter name="Max Wait" source="constant" updatable="true">604800</parameter>
                              <parameter name="Task Name" source="constant" updatable="true">mt_TSdecom_IntertribalChoHE_refSuspensionType</parameter>
                              <parameter name="GUID" source="constant" updatable="true">dnjikmdXAwvbZaXn9oSusv</parameter>
                              <parameter name="Task Type" source="constant" updatable="true">MCT</parameter>
                              <parameter name="Has Inout Parameters" source="constant" updatable="true">false</parameter>
                              <parameter name="taskField" source="nested">
                                 <operation source="field" to="mt-TSdecom-IntertribalChoHE-refSuspensionType">temp.ref Suspension Types</operation>
                              </parameter>
                           </serviceInput>
                           <serviceOutput>
                              <operation source="field" to="temp.ref Suspension Types/output/Object_Name">Object Name</operation>
                              <operation source="field" to="temp.ref Suspension Types/output/Run_Id">Run Id</operation>
                              <operation source="field" to="temp.ref Suspension Types/output/Log_Id">Log Id</operation>
                              <operation source="field" to="temp.ref Suspension Types/output/Task_Id">Task Id</operation>
                              <operation source="field" to="temp.ref Suspension Types/output/Task_Status">Task Status</operation>
                              <operation source="field"
                                         to="temp.ref Suspension Types/output/Success_Source_Rows">Success Source Rows</operation>
                              <operation source="field" to="temp.ref Suspension Types/output/Failed_Source_Rows">Failed Source Rows</operation>
                              <operation source="field"
                                         to="temp.ref Suspension Types/output/Success_Target_Rows">Success Target Rows</operation>
                              <operation source="field" to="temp.ref Suspension Types/output/Failed_Target_Rows">Failed Target Rows</operation>
                              <operation source="field" to="temp.ref Suspension Types/output/Start_Time">Start Time</operation>
                              <operation source="field" to="temp.ref Suspension Types/output/End_Time">End Time</operation>
                              <operation source="field" to="temp.ref Suspension Types/output/Error_Message">Error Message</operation>
                              <operation source="field" to="temp.ref Suspension Types/output/TotalTransErrors">Total Transformation Errors</operation>
                              <operation source="field" to="temp.ref Suspension Types/output/FirstErrorCode">First Error Code</operation>
                           </serviceOutput>
                        </service>
                        <events>
                           <catch faultField="temp.ref Suspension Types/fault"
                                  id="ky4vudnz"
                                  interrupting="true"
                                  name="error">
                              <suspend/>
                           </catch>
                           <catch faultField="temp.ref Suspension Types/fault"
                                  id="ky4vudo0"
                                  interrupting="true"
                                  name="warning"/>
                        </events>
                     </eventContainer>
                     <link id="ky4vudlz" targetId="j3wg4fhf" type="containerLink"/>
                  </flow>
                  <flow id="l01ey8p0">
                     <eventContainer id="l01ey8sz">
                        <service id="l01ey8q0">
                           <title>Vendors</title>
                           <serviceName>ICSExecuteDataTask</serviceName>
                           <serviceGUID/>
                           <serviceInput>
                              <parameter name="Wait for Task to Complete" source="constant" updatable="true">true</parameter>
                              <parameter name="Max Wait" source="constant" updatable="true">604800</parameter>
                              <parameter name="Task Name" source="constant" updatable="true">mt_TSdecom_IntertribalChoHE_Vendors</parameter>
                              <parameter name="GUID" source="constant" updatable="true">buidh54qrKuhYvEIAOJmIO</parameter>
                              <parameter name="Task Type" source="constant" updatable="true">MCT</parameter>
                              <parameter name="Has Inout Parameters" source="constant" updatable="true">false</parameter>
                              <parameter name="taskField" source="nested">
                                 <operation source="field" to="mt-TSdecom-IntertribalChoHE-Vendors">temp.Vendors</operation>
                              </parameter>
                           </serviceInput>
                           <serviceOutput>
                              <operation source="field" to="temp.Vendors/output/Object_Name">Object Name</operation>
                              <operation source="field" to="temp.Vendors/output/Run_Id">Run Id</operation>
                              <operation source="field" to="temp.Vendors/output/Log_Id">Log Id</operation>
                              <operation source="field" to="temp.Vendors/output/Task_Id">Task Id</operation>
                              <operation source="field" to="temp.Vendors/output/Task_Status">Task Status</operation>
                              <operation source="field" to="temp.Vendors/output/Success_Source_Rows">Success Source Rows</operation>
                              <operation source="field" to="temp.Vendors/output/Failed_Source_Rows">Failed Source Rows</operation>
                              <operation source="field" to="temp.Vendors/output/Success_Target_Rows">Success Target Rows</operation>
                              <operation source="field" to="temp.Vendors/output/Failed_Target_Rows">Failed Target Rows</operation>
                              <operation source="field" to="temp.Vendors/output/Start_Time">Start Time</operation>
                              <operation source="field" to="temp.Vendors/output/End_Time">End Time</operation>
                              <operation source="field" to="temp.Vendors/output/Error_Message">Error Message</operation>
                              <operation source="field" to="temp.Vendors/output/TotalTransErrors">Total Transformation Errors</operation>
                              <operation source="field" to="temp.Vendors/output/FirstErrorCode">First Error Code</operation>
                           </serviceOutput>
                        </service>
                        <events>
                           <catch faultField="temp.Vendors/fault"
                                  id="l01ey8sx"
                                  interrupting="true"
                                  name="error">
                              <suspend/>
                           </catch>
                           <catch faultField="temp.Vendors/fault"
                                  id="l01ey8sy"
                                  interrupting="true"
                                  name="warning"/>
                        </events>
                     </eventContainer>
                     <link id="l01ey8p1" targetId="j3wg4fhf" type="containerLink"/>
                  </flow>
                  <flow id="l01ey8ph">
                     <eventContainer id="l01ey8r2">
                        <service id="l01ey8qj">
                           <title>ref School Year</title>
                           <serviceName>ICSExecuteDataTask</serviceName>
                           <serviceGUID/>
                           <serviceInput>
                              <parameter name="Wait for Task to Complete" source="constant" updatable="true">true</parameter>
                              <parameter name="Max Wait" source="constant" updatable="true">604800</parameter>
                              <parameter name="Task Name" source="constant" updatable="true">mt_TSdecom_IntertribalChoHE_refSchoolYear</parameter>
                              <parameter name="GUID" source="constant" updatable="true">7jcriH5vKmdhWgwBnuKLo7</parameter>
                              <parameter name="Task Type" source="constant" updatable="true">MCT</parameter>
                              <parameter name="Has Inout Parameters" source="constant" updatable="true">false</parameter>
                              <parameter name="taskField" source="nested">
                                 <operation source="field" to="mt-TSdecom-IntertribalChoHE-refSchoolYear">temp.ref School Year</operation>
                              </parameter>
                           </serviceInput>
                           <serviceOutput>
                              <operation source="field" to="temp.ref School Year/output/Object_Name">Object Name</operation>
                              <operation source="field" to="temp.ref School Year/output/Run_Id">Run Id</operation>
                              <operation source="field" to="temp.ref School Year/output/Log_Id">Log Id</operation>
                              <operation source="field" to="temp.ref School Year/output/Task_Id">Task Id</operation>
                              <operation source="field" to="temp.ref School Year/output/Task_Status">Task Status</operation>
                              <operation source="field" to="temp.ref School Year/output/Success_Source_Rows">Success Source Rows</operation>
                              <operation source="field" to="temp.ref School Year/output/Failed_Source_Rows">Failed Source Rows</operation>
                              <operation source="field" to="temp.ref School Year/output/Success_Target_Rows">Success Target Rows</operation>
                              <operation source="field" to="temp.ref School Year/output/Failed_Target_Rows">Failed Target Rows</operation>
                              <operation source="field" to="temp.ref School Year/output/Start_Time">Start Time</operation>
                              <operation source="field" to="temp.ref School Year/output/End_Time">End Time</operation>
                              <operation source="field" to="temp.ref School Year/output/Error_Message">Error Message</operation>
                              <operation source="field" to="temp.ref School Year/output/TotalTransErrors">Total Transformation Errors</operation>
                              <operation source="field" to="temp.ref School Year/output/FirstErrorCode">First Error Code</operation>
                           </serviceOutput>
                        </service>
                        <events>
                           <catch faultField="temp.ref School Year/fault"
                                  id="l01ey8r0"
                                  interrupting="true"
                                  name="error">
                              <suspend/>
                           </catch>
                           <catch faultField="temp.ref School Year/fault"
                                  id="l01ey8r1"
                                  interrupting="true"
                                  name="warning"/>
                        </events>
                     </eventContainer>
                     <link id="l01ey8pi" targetId="j3wg4fhf" type="containerLink"/>
                  </flow>
                  <link id="j3wg4fhi" targetId="j3wg4fhj" type="containerLink"/>
                  <link id="j3wg4fhl" targetId="j3wg4fhm" type="containerLink"/>
                  <link id="ky4vudlr" targetId="ky4vudls" type="containerLink"/>
                  <link id="ky4vudlx" targetId="ky4vudly" type="containerLink"/>
                  <link id="l01ey8oz" targetId="l01ey8p0" type="containerLink"/>
                  <link id="l01ey8pg" targetId="l01ey8ph" type="containerLink"/>
                  <link id="kzjvfguj" targetId="kzjvfgui"/>
               </container>
               <container id="kzjvfgui" type="parallel">
                  <title>for other</title>
                  <flow id="kzjvfgum">
                     <eventContainer id="kzjvfh1x">
                        <service id="kzjvfgxg">
                           <title>refSchool Type</title>
                           <serviceName>ICSExecuteDataTask</serviceName>
                           <serviceGUID/>
                           <serviceInput>
                              <parameter name="Wait for Task to Complete" source="constant" updatable="true">true</parameter>
                              <parameter name="Max Wait" source="constant" updatable="true">604800</parameter>
                              <parameter name="Task Name" source="constant" updatable="true">mt_TSdecom_IntertribalChoHE_refSchoolType</parameter>
                              <parameter name="GUID" source="constant" updatable="true">gr1dJScSkOClynYMBdk3Cd</parameter>
                              <parameter name="Task Type" source="constant" updatable="true">MCT</parameter>
                              <parameter name="Has Inout Parameters" source="constant" updatable="true">false</parameter>
                              <parameter name="taskField" source="nested">
                                 <operation source="field" to="mt-TSdecom-IntertribalChoHE-refSchoolType">temp.refSchool Type</operation>
                              </parameter>
                           </serviceInput>
                           <serviceOutput>
                              <operation source="field" to="temp.refSchool Type/output/Object_Name">Object Name</operation>
                              <operation source="field" to="temp.refSchool Type/output/Run_Id">Run Id</operation>
                              <operation source="field" to="temp.refSchool Type/output/Log_Id">Log Id</operation>
                              <operation source="field" to="temp.refSchool Type/output/Task_Id">Task Id</operation>
                              <operation source="field" to="temp.refSchool Type/output/Task_Status">Task Status</operation>
                              <operation source="field" to="temp.refSchool Type/output/Success_Source_Rows">Success Source Rows</operation>
                              <operation source="field" to="temp.refSchool Type/output/Failed_Source_Rows">Failed Source Rows</operation>
                              <operation source="field" to="temp.refSchool Type/output/Success_Target_Rows">Success Target Rows</operation>
                              <operation source="field" to="temp.refSchool Type/output/Failed_Target_Rows">Failed Target Rows</operation>
                              <operation source="field" to="temp.refSchool Type/output/Start_Time">Start Time</operation>
                              <operation source="field" to="temp.refSchool Type/output/End_Time">End Time</operation>
                              <operation source="field" to="temp.refSchool Type/output/Error_Message">Error Message</operation>
                              <operation source="field" to="temp.refSchool Type/output/TotalTransErrors">Total Transformation Errors</operation>
                              <operation source="field" to="temp.refSchool Type/output/FirstErrorCode">First Error Code</operation>
                           </serviceOutput>
                        </service>
                        <events>
                           <catch faultField="temp.refSchool Type/fault"
                                  id="kzjvfh1v"
                                  interrupting="true"
                                  name="error">
                              <suspend/>
                           </catch>
                           <catch faultField="temp.refSchool Type/fault"
                                  id="kzjvfh1w"
                                  interrupting="true"
                                  name="warning"/>
                        </events>
                     </eventContainer>
                     <link id="kzjvfgun" targetId="kzjvfgui" type="containerLink"/>
                  </flow>
                  <flow id="kzjvfgup">
                     <eventContainer id="kzjvfh3q">
                        <service id="kzjvfgxw">
                           <title>ref Semesters</title>
                           <serviceName>ICSExecuteDataTask</serviceName>
                           <serviceGUID/>
                           <serviceInput>
                              <parameter name="Wait for Task to Complete" source="constant" updatable="true">true</parameter>
                              <parameter name="Max Wait" source="constant" updatable="true">604800</parameter>
                              <parameter name="Task Name" source="constant" updatable="true">mt_TSdecom_IntertribalChoHE_refSemester</parameter>
                              <parameter name="GUID" source="constant" updatable="true">e6pdn6LJjeIdFl5UgGGUAK</parameter>
                              <parameter name="Task Type" source="constant" updatable="true">MCT</parameter>
                              <parameter name="Has Inout Parameters" source="constant" updatable="true">false</parameter>
                              <parameter name="taskField" source="nested">
                                 <operation source="field" to="mt-TSdecom-IntertribalChoHE-refSemester">temp.ref Semesters</operation>
                              </parameter>
                           </serviceInput>
                           <serviceOutput>
                              <operation source="field" to="temp.ref Semesters/output/Object_Name">Object Name</operation>
                              <operation source="field" to="temp.ref Semesters/output/Run_Id">Run Id</operation>
                              <operation source="field" to="temp.ref Semesters/output/Log_Id">Log Id</operation>
                              <operation source="field" to="temp.ref Semesters/output/Task_Id">Task Id</operation>
                              <operation source="field" to="temp.ref Semesters/output/Task_Status">Task Status</operation>
                              <operation source="field" to="temp.ref Semesters/output/Success_Source_Rows">Success Source Rows</operation>
                              <operation source="field" to="temp.ref Semesters/output/Failed_Source_Rows">Failed Source Rows</operation>
                              <operation source="field" to="temp.ref Semesters/output/Success_Target_Rows">Success Target Rows</operation>
                              <operation source="field" to="temp.ref Semesters/output/Failed_Target_Rows">Failed Target Rows</operation>
                              <operation source="field" to="temp.ref Semesters/output/Start_Time">Start Time</operation>
                              <operation source="field" to="temp.ref Semesters/output/End_Time">End Time</operation>
                              <operation source="field" to="temp.ref Semesters/output/Error_Message">Error Message</operation>
                              <operation source="field" to="temp.ref Semesters/output/TotalTransErrors">Total Transformation Errors</operation>
                              <operation source="field" to="temp.ref Semesters/output/FirstErrorCode">First Error Code</operation>
                           </serviceOutput>
                        </service>
                        <events>
                           <catch faultField="temp.ref Semesters/fault"
                                  id="kzjvfh3o"
                                  interrupting="true"
                                  name="error">
                              <suspend/>
                           </catch>
                           <catch faultField="temp.ref Semesters/fault"
                                  id="kzjvfh3p"
                                  interrupting="true"
                                  name="warning"/>
                        </events>
                     </eventContainer>
                     <link id="kzjvfguq" targetId="kzjvfgui" type="containerLink"/>
                  </flow>
                  <flow id="kzjvfgvc">
                     <eventContainer id="kzjvfh5j">
                        <service id="kzjvfgyc">
                           <title>ref student Classification</title>
                           <serviceName>ICSExecuteDataTask</serviceName>
                           <serviceGUID/>
                           <serviceInput>
                              <parameter name="Wait for Task to Complete" source="constant" updatable="true">true</parameter>
                              <parameter name="Max Wait" source="constant" updatable="true">604800</parameter>
                              <parameter name="Task Name" source="constant" updatable="true">mt_TSdecom_IntertribalChoHE_refStudentClassification</parameter>
                              <parameter name="GUID" source="constant" updatable="true">9Szlp9QBxqrjFpRT7Ppj6w</parameter>
                              <parameter name="Task Type" source="constant" updatable="true">MCT</parameter>
                              <parameter name="Has Inout Parameters" source="constant" updatable="true">false</parameter>
                              <parameter name="taskField" source="nested">
                                 <operation source="field"
                                            to="mt-TSdecom-IntertribalChoHE-refStudentClassification">temp.ref student Classification</operation>
                              </parameter>
                           </serviceInput>
                           <serviceOutput>
                              <operation source="field" to="temp.ref student Classification/output/Object_Name">Object Name</operation>
                              <operation source="field" to="temp.ref student Classification/output/Run_Id">Run Id</operation>
                              <operation source="field" to="temp.ref student Classification/output/Log_Id">Log Id</operation>
                              <operation source="field" to="temp.ref student Classification/output/Task_Id">Task Id</operation>
                              <operation source="field" to="temp.ref student Classification/output/Task_Status">Task Status</operation>
                              <operation source="field"
                                         to="temp.ref student Classification/output/Success_Source_Rows">Success Source Rows</operation>
                              <operation source="field"
                                         to="temp.ref student Classification/output/Failed_Source_Rows">Failed Source Rows</operation>
                              <operation source="field"
                                         to="temp.ref student Classification/output/Success_Target_Rows">Success Target Rows</operation>
                              <operation source="field"
                                         to="temp.ref student Classification/output/Failed_Target_Rows">Failed Target Rows</operation>
                              <operation source="field" to="temp.ref student Classification/output/Start_Time">Start Time</operation>
                              <operation source="field" to="temp.ref student Classification/output/End_Time">End Time</operation>
                              <operation source="field"
                                         to="temp.ref student Classification/output/Error_Message">Error Message</operation>
                              <operation source="field"
                                         to="temp.ref student Classification/output/TotalTransErrors">Total Transformation Errors</operation>
                              <operation source="field"
                                         to="temp.ref student Classification/output/FirstErrorCode">First Error Code</operation>
                           </serviceOutput>
                        </service>
                        <events>
                           <catch faultField="temp.ref student Classification/fault"
                                  id="kzjvfh5h"
                                  interrupting="true"
                                  name="error">
                              <suspend/>
                           </catch>
                           <catch faultField="temp.ref student Classification/fault"
                                  id="kzjvfh5i"
                                  interrupting="true"
                                  name="warning"/>
                        </events>
                     </eventContainer>
                     <link id="kzjvfgvd" targetId="kzjvfgui" type="containerLink"/>
                  </flow>
                  <flow id="kzjvfgvm">
                     <eventContainer id="kzjvfh7c">
                        <service id="kzjvfgys">
                           <title>ref Application Statuses</title>
                           <serviceName>ICSExecuteDataTask</serviceName>
                           <serviceGUID/>
                           <serviceInput>
                              <parameter name="Wait for Task to Complete" source="constant" updatable="true">true</parameter>
                              <parameter name="Max Wait" source="constant" updatable="true">604800</parameter>
                              <parameter name="Task Name" source="constant" updatable="true">mt_TSdecom_IntertribalChoHE_refApplicationStatuses</parameter>
                              <parameter name="GUID" source="constant" updatable="true">d347nMQoEgad5XjnKcYz06</parameter>
                              <parameter name="Task Type" source="constant" updatable="true">MCT</parameter>
                              <parameter name="Has Inout Parameters" source="constant" updatable="true">false</parameter>
                              <parameter name="taskField" source="nested">
                                 <operation source="field" to="mt-TSdecom-IntertribalChoHE-refApplicationStatuses">temp.ref Application Statuses</operation>
                              </parameter>
                           </serviceInput>
                           <serviceOutput>
                              <operation source="field" to="temp.ref Application Statuses/output/Object_Name">Object Name</operation>
                              <operation source="field" to="temp.ref Application Statuses/output/Run_Id">Run Id</operation>
                              <operation source="field" to="temp.ref Application Statuses/output/Log_Id">Log Id</operation>
                              <operation source="field" to="temp.ref Application Statuses/output/Task_Id">Task Id</operation>
                              <operation source="field" to="temp.ref Application Statuses/output/Task_Status">Task Status</operation>
                              <operation source="field"
                                         to="temp.ref Application Statuses/output/Success_Source_Rows">Success Source Rows</operation>
                              <operation source="field"
                                         to="temp.ref Application Statuses/output/Failed_Source_Rows">Failed Source Rows</operation>
                              <operation source="field"
                                         to="temp.ref Application Statuses/output/Success_Target_Rows">Success Target Rows</operation>
                              <operation source="field"
                                         to="temp.ref Application Statuses/output/Failed_Target_Rows">Failed Target Rows</operation>
                              <operation source="field" to="temp.ref Application Statuses/output/Start_Time">Start Time</operation>
                              <operation source="field" to="temp.ref Application Statuses/output/End_Time">End Time</operation>
                              <operation source="field" to="temp.ref Application Statuses/output/Error_Message">Error Message</operation>
                              <operation source="field"
                                         to="temp.ref Application Statuses/output/TotalTransErrors">Total Transformation Errors</operation>
                              <operation source="field" to="temp.ref Application Statuses/output/FirstErrorCode">First Error Code</operation>
                           </serviceOutput>
                        </service>
                        <events>
                           <catch faultField="temp.ref Application Statuses/fault"
                                  id="kzjvfh7a"
                                  interrupting="true"
                                  name="error">
                              <suspend/>
                           </catch>
                           <catch faultField="temp.ref Application Statuses/fault"
                                  id="kzjvfh7b"
                                  interrupting="true"
                                  name="warning"/>
                        </events>
                     </eventContainer>
                     <link id="kzjvfgvn" targetId="kzjvfgui" type="containerLink"/>
                  </flow>
                  <flow id="kzjvfgvx">
                     <eventContainer id="kzjvfh95">
                        <service id="kzjvfgz8">
                           <title>ref Degree Sought</title>
                           <serviceName>ICSExecuteDataTask</serviceName>
                           <serviceGUID/>
                           <serviceInput>
                              <parameter name="Wait for Task to Complete" source="constant" updatable="true">true</parameter>
                              <parameter name="Max Wait" source="constant" updatable="true">604800</parameter>
                              <parameter name="Task Name" source="constant" updatable="true">mt_TSdecom_IntertribalChoHE_refDegreeSought</parameter>
                              <parameter name="GUID" source="constant" updatable="true">jbmUKeTUyo7hJAvwNJYUIm</parameter>
                              <parameter name="Task Type" source="constant" updatable="true">MCT</parameter>
                              <parameter name="Has Inout Parameters" source="constant" updatable="true">false</parameter>
                              <parameter name="taskField" source="nested">
                                 <operation source="field" to="mt-TSdecom-IntertribalChoHE-refDegreeSought">temp.ref Degree Sought</operation>
                              </parameter>
                           </serviceInput>
                           <serviceOutput>
                              <operation source="field" to="temp.ref Degree Sought/output/Object_Name">Object Name</operation>
                              <operation source="field" to="temp.ref Degree Sought/output/Run_Id">Run Id</operation>
                              <operation source="field" to="temp.ref Degree Sought/output/Log_Id">Log Id</operation>
                              <operation source="field" to="temp.ref Degree Sought/output/Task_Id">Task Id</operation>
                              <operation source="field" to="temp.ref Degree Sought/output/Task_Status">Task Status</operation>
                              <operation source="field" to="temp.ref Degree Sought/output/Success_Source_Rows">Success Source Rows</operation>
                              <operation source="field" to="temp.ref Degree Sought/output/Failed_Source_Rows">Failed Source Rows</operation>
                              <operation source="field" to="temp.ref Degree Sought/output/Success_Target_Rows">Success Target Rows</operation>
                              <operation source="field" to="temp.ref Degree Sought/output/Failed_Target_Rows">Failed Target Rows</operation>
                              <operation source="field" to="temp.ref Degree Sought/output/Start_Time">Start Time</operation>
                              <operation source="field" to="temp.ref Degree Sought/output/End_Time">End Time</operation>
                              <operation source="field" to="temp.ref Degree Sought/output/Error_Message">Error Message</operation>
                              <operation source="field" to="temp.ref Degree Sought/output/TotalTransErrors">Total Transformation Errors</operation>
                              <operation source="field" to="temp.ref Degree Sought/output/FirstErrorCode">First Error Code</operation>
                           </serviceOutput>
                        </service>
                        <events>
                           <catch faultField="temp.ref Degree Sought/fault"
                                  id="kzjvfh93"
                                  interrupting="true"
                                  name="error">
                              <suspend/>
                           </catch>
                           <catch faultField="temp.ref Degree Sought/fault"
                                  id="kzjvfh94"
                                  interrupting="true"
                                  name="warning"/>
                        </events>
                     </eventContainer>
                     <link id="kzjvfgvy" targetId="kzjvfgui" type="containerLink"/>
                  </flow>
                  <flow id="kzjvfgw9">
                     <eventContainer id="kzjvfhay">
                        <service id="kzjvfgzo">
                           <title>ref Outcomes</title>
                           <serviceName>ICSExecuteDataTask</serviceName>
                           <serviceGUID/>
                           <serviceInput>
                              <parameter name="Wait for Task to Complete" source="constant" updatable="true">true</parameter>
                              <parameter name="Max Wait" source="constant" updatable="true">604800</parameter>
                              <parameter name="Task Name" source="constant" updatable="true">mt_TSdecom_IntertribalChoHE_refOutcomes</parameter>
                              <parameter name="GUID" source="constant" updatable="true">5LnSHX6px59dMKmrDryVa3</parameter>
                              <parameter name="Task Type" source="constant" updatable="true">MCT</parameter>
                              <parameter name="Has Inout Parameters" source="constant" updatable="true">false</parameter>
                              <parameter name="taskField" source="nested">
                                 <operation source="field" to="mt-TSdecom-IntertribalChoHE-refOutcomes">temp.ref Outcomes</operation>
                              </parameter>
                           </serviceInput>
                           <serviceOutput>
                              <operation source="field" to="temp.ref Outcomes/output/Object_Name">Object Name</operation>
                              <operation source="field" to="temp.ref Outcomes/output/Run_Id">Run Id</operation>
                              <operation source="field" to="temp.ref Outcomes/output/Log_Id">Log Id</operation>
                              <operation source="field" to="temp.ref Outcomes/output/Task_Id">Task Id</operation>
                              <operation source="field" to="temp.ref Outcomes/output/Task_Status">Task Status</operation>
                              <operation source="field" to="temp.ref Outcomes/output/Success_Source_Rows">Success Source Rows</operation>
                              <operation source="field" to="temp.ref Outcomes/output/Failed_Source_Rows">Failed Source Rows</operation>
                              <operation source="field" to="temp.ref Outcomes/output/Success_Target_Rows">Success Target Rows</operation>
                              <operation source="field" to="temp.ref Outcomes/output/Failed_Target_Rows">Failed Target Rows</operation>
                              <operation source="field" to="temp.ref Outcomes/output/Start_Time">Start Time</operation>
                              <operation source="field" to="temp.ref Outcomes/output/End_Time">End Time</operation>
                              <operation source="field" to="temp.ref Outcomes/output/Error_Message">Error Message</operation>
                              <operation source="field" to="temp.ref Outcomes/output/TotalTransErrors">Total Transformation Errors</operation>
                              <operation source="field" to="temp.ref Outcomes/output/FirstErrorCode">First Error Code</operation>
                           </serviceOutput>
                        </service>
                        <events>
                           <catch faultField="temp.ref Outcomes/fault"
                                  id="kzjvfhaw"
                                  interrupting="true"
                                  name="error">
                              <suspend/>
                           </catch>
                           <catch faultField="temp.ref Outcomes/fault"
                                  id="kzjvfhax"
                                  interrupting="true"
                                  name="warning"/>
                        </events>
                     </eventContainer>
                     <link id="kzjvfgwa" targetId="kzjvfgui" type="containerLink"/>
                  </flow>
                  <flow id="kzjvfgwm">
                     <eventContainer id="kzjvfhcr">
                        <service id="kzjvfh04">
                           <title>ref Student Types</title>
                           <serviceName>ICSExecuteDataTask</serviceName>
                           <serviceGUID/>
                           <serviceInput>
                              <parameter name="Wait for Task to Complete" source="constant" updatable="true">true</parameter>
                              <parameter name="Max Wait" source="constant" updatable="true">604800</parameter>
                              <parameter name="Task Name" source="constant" updatable="true">mt_TSdecom_IntertribalChoHE_refStudentType</parameter>
                              <parameter name="GUID" source="constant" updatable="true">d80huu4s6WQi7g0YK3n8IH</parameter>
                              <parameter name="Task Type" source="constant" updatable="true">MCT</parameter>
                              <parameter name="Has Inout Parameters" source="constant" updatable="true">false</parameter>
                              <parameter name="taskField" source="nested">
                                 <operation source="field" to="mt-TSdecom-IntertribalChoHE-refStudentType">temp.ref Student Types</operation>
                              </parameter>
                           </serviceInput>
                           <serviceOutput>
                              <operation source="field" to="temp.ref Student Types/output/Object_Name">Object Name</operation>
                              <operation source="field" to="temp.ref Student Types/output/Run_Id">Run Id</operation>
                              <operation source="field" to="temp.ref Student Types/output/Log_Id">Log Id</operation>
                              <operation source="field" to="temp.ref Student Types/output/Task_Id">Task Id</operation>
                              <operation source="field" to="temp.ref Student Types/output/Task_Status">Task Status</operation>
                              <operation source="field" to="temp.ref Student Types/output/Success_Source_Rows">Success Source Rows</operation>
                              <operation source="field" to="temp.ref Student Types/output/Failed_Source_Rows">Failed Source Rows</operation>
                              <operation source="field" to="temp.ref Student Types/output/Success_Target_Rows">Success Target Rows</operation>
                              <operation source="field" to="temp.ref Student Types/output/Failed_Target_Rows">Failed Target Rows</operation>
                              <operation source="field" to="temp.ref Student Types/output/Start_Time">Start Time</operation>
                              <operation source="field" to="temp.ref Student Types/output/End_Time">End Time</operation>
                              <operation source="field" to="temp.ref Student Types/output/Error_Message">Error Message</operation>
                              <operation source="field" to="temp.ref Student Types/output/TotalTransErrors">Total Transformation Errors</operation>
                              <operation source="field" to="temp.ref Student Types/output/FirstErrorCode">First Error Code</operation>
                           </serviceOutput>
                        </service>
                        <events>
                           <catch faultField="temp.ref Student Types/fault"
                                  id="kzjvfhcp"
                                  interrupting="true"
                                  name="error">
                              <suspend/>
                           </catch>
                           <catch faultField="temp.ref Student Types/fault"
                                  id="kzjvfhcq"
                                  interrupting="true"
                                  name="warning"/>
                        </events>
                     </eventContainer>
                     <link id="kzjvfgwn" targetId="kzjvfgui" type="containerLink"/>
                  </flow>
                  <flow id="kzjvfgx0">
                     <eventContainer id="kzjvfhek">
                        <service id="kzjvfh0k">
                           <title>Applications</title>
                           <serviceName>ICSExecuteDataTask</serviceName>
                           <serviceGUID/>
                           <serviceInput>
                              <parameter name="Wait for Task to Complete" source="constant" updatable="true">true</parameter>
                              <parameter name="Max Wait" source="constant" updatable="true">604800</parameter>
                              <parameter name="Task Name" source="constant" updatable="true">mt_TSdecom_IntertribalChoHE_Applications</parameter>
                              <parameter name="GUID" source="constant" updatable="true">eJW40V8wMCjjJ7xvR72RM7</parameter>
                              <parameter name="Task Type" source="constant" updatable="true">MCT</parameter>
                              <parameter name="Has Inout Parameters" source="constant" updatable="true">false</parameter>
                              <parameter name="taskField" source="nested">
                                 <operation source="field" to="mt-TSdecom-IntertribalChoHE-Applications">temp.Applications</operation>
                              </parameter>
                           </serviceInput>
                           <serviceOutput>
                              <operation source="field" to="temp.Applications/output/Object_Name">Object Name</operation>
                              <operation source="field" to="temp.Applications/output/Run_Id">Run Id</operation>
                              <operation source="field" to="temp.Applications/output/Log_Id">Log Id</operation>
                              <operation source="field" to="temp.Applications/output/Task_Id">Task Id</operation>
                              <operation source="field" to="temp.Applications/output/Task_Status">Task Status</operation>
                              <operation source="field" to="temp.Applications/output/Success_Source_Rows">Success Source Rows</operation>
                              <operation source="field" to="temp.Applications/output/Failed_Source_Rows">Failed Source Rows</operation>
                              <operation source="field" to="temp.Applications/output/Success_Target_Rows">Success Target Rows</operation>
                              <operation source="field" to="temp.Applications/output/Failed_Target_Rows">Failed Target Rows</operation>
                              <operation source="field" to="temp.Applications/output/Start_Time">Start Time</operation>
                              <operation source="field" to="temp.Applications/output/End_Time">End Time</operation>
                              <operation source="field" to="temp.Applications/output/Error_Message">Error Message</operation>
                              <operation source="field" to="temp.Applications/output/TotalTransErrors">Total Transformation Errors</operation>
                              <operation source="field" to="temp.Applications/output/FirstErrorCode">First Error Code</operation>
                           </serviceOutput>
                        </service>
                        <events>
                           <catch faultField="temp.Applications/fault"
                                  id="kzjvfhei"
                                  interrupting="true"
                                  name="error">
                              <suspend/>
                           </catch>
                           <catch faultField="temp.Applications/fault"
                                  id="kzjvfhej"
                                  interrupting="true"
                                  name="warning"/>
                        </events>
                     </eventContainer>
                     <link id="kzjvfgx1" targetId="kzjvfgui" type="containerLink"/>
                  </flow>
                  <flow id="kzjvfh0z">
                     <eventContainer id="kzjvfhgd">
                        <service id="kzjvfh1g">
                           <title>Payments</title>
                           <serviceName>ICSExecuteDataTask</serviceName>
                           <serviceGUID/>
                           <serviceInput>
                              <parameter name="Wait for Task to Complete" source="constant" updatable="true">true</parameter>
                              <parameter name="Max Wait" source="constant" updatable="true">604800</parameter>
                              <parameter name="Task Name" source="constant" updatable="true">mt_TSdecom_IntertribalChoHE_Payments</parameter>
                              <parameter name="GUID" source="constant" updatable="true">7CIMfbI36IHjXZiqrjVRyq</parameter>
                              <parameter name="Task Type" source="constant" updatable="true">MCT</parameter>
                              <parameter name="Has Inout Parameters" source="constant" updatable="true">false</parameter>
                              <parameter name="taskField" source="nested">
                                 <operation source="field" to="mt-TSdecom-IntertribalChoHE-Payments">temp.Payments</operation>
                              </parameter>
                           </serviceInput>
                           <serviceOutput>
                              <operation source="field" to="temp.Payments/output/Object_Name">Object Name</operation>
                              <operation source="field" to="temp.Payments/output/Run_Id">Run Id</operation>
                              <operation source="field" to="temp.Payments/output/Log_Id">Log Id</operation>
                              <operation source="field" to="temp.Payments/output/Task_Id">Task Id</operation>
                              <operation source="field" to="temp.Payments/output/Task_Status">Task Status</operation>
                              <operation source="field" to="temp.Payments/output/Success_Source_Rows">Success Source Rows</operation>
                              <operation source="field" to="temp.Payments/output/Failed_Source_Rows">Failed Source Rows</operation>
                              <operation source="field" to="temp.Payments/output/Success_Target_Rows">Success Target Rows</operation>
                              <operation source="field" to="temp.Payments/output/Failed_Target_Rows">Failed Target Rows</operation>
                              <operation source="field" to="temp.Payments/output/Start_Time">Start Time</operation>
                              <operation source="field" to="temp.Payments/output/End_Time">End Time</operation>
                              <operation source="field" to="temp.Payments/output/Error_Message">Error Message</operation>
                              <operation source="field" to="temp.Payments/output/TotalTransErrors">Total Transformation Errors</operation>
                              <operation source="field" to="temp.Payments/output/FirstErrorCode">First Error Code</operation>
                           </serviceOutput>
                        </service>
                        <events>
                           <catch faultField="temp.Payments/fault"
                                  id="kzjvfhgb"
                                  interrupting="true"
                                  name="error">
                              <suspend/>
                           </catch>
                           <catch faultField="temp.Payments/fault"
                                  id="kzjvfhgc"
                                  interrupting="true"
                                  name="warning"/>
                        </events>
                     </eventContainer>
                     <link id="kzjvfh10" targetId="kzjvfgui" type="containerLink"/>
                  </flow>
                  <link id="kzjvfgul" targetId="kzjvfgum" type="containerLink"/>
                  <link id="kzjvfguo" targetId="kzjvfgup" type="containerLink"/>
                  <link id="kzjvfgvb" targetId="kzjvfgvc" type="containerLink"/>
                  <link id="kzjvfgvl" targetId="kzjvfgvm" type="containerLink"/>
                  <link id="kzjvfgvw" targetId="kzjvfgvx" type="containerLink"/>
                  <link id="kzjvfgw8" targetId="kzjvfgw9" type="containerLink"/>
                  <link id="kzjvfgwl" targetId="kzjvfgwm" type="containerLink"/>
                  <link id="kzjvfgwz" targetId="kzjvfgx0" type="containerLink"/>
                  <link id="kzjvfh0y" targetId="kzjvfh0z" type="containerLink"/>
                  <link id="kzjvfhjg" targetId="c"/>
               </container>
               <end id="c"/>
            </flow>
            <dependencies>
               <processObject xmlns="http://schemas.active-endpoints.com/appmodules/screenflow/2011/06/avosHostEnvironment.xsd"
                              displayName="mt-TSdecom-IntertribalChoHE-Grades"
                              isByCopy="true"
                              name="mt-TSdecom-IntertribalChoHE-Grades">
                  <description/>
                  <tags/>
                  <detail>
                     <field label="Input Parameters"
                            name="input"
                            nullable="true"
                            required="false"
                            type="reference"/>
                     <field label="TaskProperties Parameters"
                            name="taskProperties"
                            nullable="true"
                            required="false"
                            type="reference"/>
                     <field label="Output Parameters"
                            name="output"
                            nullable="true"
                            required="false"
                            type="reference"/>
                     <field label="Fault"
                            name="fault"
                            nullable="true"
                            required="false"
                            type="reference"/>
                  </detail>
               </processObject>
               <processObject xmlns="http://schemas.active-endpoints.com/appmodules/screenflow/2011/06/avosHostEnvironment.xsd"
                              displayName="mt-TSdecom-IntertribalChoHE-refApplicationDenialReasons"
                              isByCopy="true"
                              name="mt-TSdecom-IntertribalChoHE-refApplicationDenialReasons">
                  <description/>
                  <tags/>
                  <detail>
                     <field label="Input Parameters"
                            name="input"
                            nullable="true"
                            required="false"
                            type="reference"/>
                     <field label="TaskProperties Parameters"
                            name="taskProperties"
                            nullable="true"
                            required="false"
                            type="reference"/>
                     <field label="Output Parameters"
                            name="output"
                            nullable="true"
                            required="false"
                            type="reference"/>
                     <field label="Fault"
                            name="fault"
                            nullable="true"
                            required="false"
                            type="reference"/>
                  </detail>
               </processObject>
               <processObject xmlns="http://schemas.active-endpoints.com/appmodules/screenflow/2011/06/avosHostEnvironment.xsd"
                              displayName="mt-TSdecom-IntertribalChoHE-CCPrograms"
                              isByCopy="true"
                              name="mt-TSdecom-IntertribalChoHE-CCPrograms">
                  <description/>
                  <tags/>
                  <detail>
                     <field label="Input Parameters"
                            name="input"
                            nullable="true"
                            required="false"
                            type="reference"/>
                     <field label="TaskProperties Parameters"
                            name="taskProperties"
                            nullable="true"
                            required="false"
                            type="reference"/>
                     <field label="Output Parameters"
                            name="output"
                            nullable="true"
                            required="false"
                            type="reference"/>
                     <field label="Fault"
                            name="fault"
                            nullable="true"
                            required="false"
                            type="reference"/>
                  </detail>
               </processObject>
               <processObject xmlns="http://schemas.active-endpoints.com/appmodules/screenflow/2011/06/avosHostEnvironment.xsd"
                              displayName="mt-TSdecom-IntertribalChoHE-refSuspensionType"
                              isByCopy="true"
                              name="mt-TSdecom-IntertribalChoHE-refSuspensionType">
                  <description/>
                  <tags/>
                  <detail>
                     <field label="Input Parameters"
                            name="input"
                            nullable="true"
                            required="false"
                            type="reference"/>
                     <field label="TaskProperties Parameters"
                            name="taskProperties"
                            nullable="true"
                            required="false"
                            type="reference"/>
                     <field label="Output Parameters"
                            name="output"
                            nullable="true"
                            required="false"
                            type="reference"/>
                     <field label="Fault"
                            name="fault"
                            nullable="true"
                            required="false"
                            type="reference"/>
                  </detail>
               </processObject>
               <processObject xmlns="http://schemas.active-endpoints.com/appmodules/screenflow/2011/06/avosHostEnvironment.xsd"
                              displayName="mt-TSdecom-IntertribalChoHE-refSchoolType"
                              isByCopy="true"
                              name="mt-TSdecom-IntertribalChoHE-refSchoolType">
                  <description/>
                  <tags/>
                  <detail>
                     <field label="Input Parameters"
                            name="input"
                            nullable="true"
                            required="false"
                            type="reference"/>
                     <field label="TaskProperties Parameters"
                            name="taskProperties"
                            nullable="true"
                            required="false"
                            type="reference"/>
                     <field label="Output Parameters"
                            name="output"
                            nullable="true"
                            required="false"
                            type="reference"/>
                     <field label="Fault"
                            name="fault"
                            nullable="true"
                            required="false"
                            type="reference"/>
                  </detail>
               </processObject>
               <processObject xmlns="http://schemas.active-endpoints.com/appmodules/screenflow/2011/06/avosHostEnvironment.xsd"
                              displayName="mt-TSdecom-IntertribalChoHE-refSemester"
                              isByCopy="true"
                              name="mt-TSdecom-IntertribalChoHE-refSemester">
                  <description/>
                  <tags/>
                  <detail>
                     <field label="Input Parameters"
                            name="input"
                            nullable="true"
                            required="false"
                            type="reference"/>
                     <field label="TaskProperties Parameters"
                            name="taskProperties"
                            nullable="true"
                            required="false"
                            type="reference"/>
                     <field label="Output Parameters"
                            name="output"
                            nullable="true"
                            required="false"
                            type="reference"/>
                     <field label="Fault"
                            name="fault"
                            nullable="true"
                            required="false"
                            type="reference"/>
                  </detail>
               </processObject>
               <processObject xmlns="http://schemas.active-endpoints.com/appmodules/screenflow/2011/06/avosHostEnvironment.xsd"
                              displayName="mt-TSdecom-IntertribalChoHE-refStudentClassification"
                              isByCopy="true"
                              name="mt-TSdecom-IntertribalChoHE-refStudentClassification">
                  <description/>
                  <tags/>
                  <detail>
                     <field label="Input Parameters"
                            name="input"
                            nullable="true"
                            required="false"
                            type="reference"/>
                     <field label="TaskProperties Parameters"
                            name="taskProperties"
                            nullable="true"
                            required="false"
                            type="reference"/>
                     <field label="Output Parameters"
                            name="output"
                            nullable="true"
                            required="false"
                            type="reference"/>
                     <field label="Fault"
                            name="fault"
                            nullable="true"
                            required="false"
                            type="reference"/>
                  </detail>
               </processObject>
               <processObject xmlns="http://schemas.active-endpoints.com/appmodules/screenflow/2011/06/avosHostEnvironment.xsd"
                              displayName="mt-TSdecom-IntertribalChoHE-refApplicationStatuses"
                              isByCopy="true"
                              name="mt-TSdecom-IntertribalChoHE-refApplicationStatuses">
                  <description/>
                  <tags/>
                  <detail>
                     <field label="Input Parameters"
                            name="input"
                            nullable="true"
                            required="false"
                            type="reference"/>
                     <field label="TaskProperties Parameters"
                            name="taskProperties"
                            nullable="true"
                            required="false"
                            type="reference"/>
                     <field label="Output Parameters"
                            name="output"
                            nullable="true"
                            required="false"
                            type="reference"/>
                     <field label="Fault"
                            name="fault"
                            nullable="true"
                            required="false"
                            type="reference"/>
                  </detail>
               </processObject>
               <processObject xmlns="http://schemas.active-endpoints.com/appmodules/screenflow/2011/06/avosHostEnvironment.xsd"
                              displayName="mt-TSdecom-IntertribalChoHE-refDegreeSought"
                              isByCopy="true"
                              name="mt-TSdecom-IntertribalChoHE-refDegreeSought">
                  <description/>
                  <tags/>
                  <detail>
                     <field label="Input Parameters"
                            name="input"
                            nullable="true"
                            required="false"
                            type="reference"/>
                     <field label="TaskProperties Parameters"
                            name="taskProperties"
                            nullable="true"
                            required="false"
                            type="reference"/>
                     <field label="Output Parameters"
                            name="output"
                            nullable="true"
                            required="false"
                            type="reference"/>
                     <field label="Fault"
                            name="fault"
                            nullable="true"
                            required="false"
                            type="reference"/>
                  </detail>
               </processObject>
               <processObject xmlns="http://schemas.active-endpoints.com/appmodules/screenflow/2011/06/avosHostEnvironment.xsd"
                              displayName="mt-TSdecom-IntertribalChoHE-refOutcomes"
                              isByCopy="true"
                              name="mt-TSdecom-IntertribalChoHE-refOutcomes">
                  <description/>
                  <tags/>
                  <detail>
                     <field label="Input Parameters"
                            name="input"
                            nullable="true"
                            required="false"
                            type="reference"/>
                     <field label="TaskProperties Parameters"
                            name="taskProperties"
                            nullable="true"
                            required="false"
                            type="reference"/>
                     <field label="Output Parameters"
                            name="output"
                            nullable="true"
                            required="false"
                            type="reference"/>
                     <field label="Fault"
                            name="fault"
                            nullable="true"
                            required="false"
                            type="reference"/>
                  </detail>
               </processObject>
               <processObject xmlns="http://schemas.active-endpoints.com/appmodules/screenflow/2011/06/avosHostEnvironment.xsd"
                              displayName="mt-TSdecom-IntertribalChoHE-refStudentType"
                              isByCopy="true"
                              name="mt-TSdecom-IntertribalChoHE-refStudentType">
                  <description/>
                  <tags/>
                  <detail>
                     <field label="Input Parameters"
                            name="input"
                            nullable="true"
                            required="false"
                            type="reference"/>
                     <field label="TaskProperties Parameters"
                            name="taskProperties"
                            nullable="true"
                            required="false"
                            type="reference"/>
                     <field label="Output Parameters"
                            name="output"
                            nullable="true"
                            required="false"
                            type="reference"/>
                     <field label="Fault"
                            name="fault"
                            nullable="true"
                            required="false"
                            type="reference"/>
                  </detail>
               </processObject>
               <processObject xmlns="http://schemas.active-endpoints.com/appmodules/screenflow/2011/06/avosHostEnvironment.xsd"
                              displayName="mt-TSdecom-IntertribalChoHE-Applications"
                              isByCopy="true"
                              name="mt-TSdecom-IntertribalChoHE-Applications">
                  <description/>
                  <tags/>
                  <detail>
                     <field label="Input Parameters"
                            name="input"
                            nullable="true"
                            required="false"
                            type="reference"/>
                     <field label="TaskProperties Parameters"
                            name="taskProperties"
                            nullable="true"
                            required="false"
                            type="reference"/>
                     <field label="Output Parameters"
                            name="output"
                            nullable="true"
                            required="false"
                            type="reference"/>
                     <field label="Fault"
                            name="fault"
                            nullable="true"
                            required="false"
                            type="reference"/>
                  </detail>
               </processObject>
               <processObject xmlns="http://schemas.active-endpoints.com/appmodules/screenflow/2011/06/avosHostEnvironment.xsd"
                              displayName="mt-TSdecom-IntertribalChoHE-Payments"
                              isByCopy="true"
                              name="mt-TSdecom-IntertribalChoHE-Payments">
                  <description/>
                  <tags/>
                  <detail>
                     <field label="Input Parameters"
                            name="input"
                            nullable="true"
                            required="false"
                            type="reference"/>
                     <field label="TaskProperties Parameters"
                            name="taskProperties"
                            nullable="true"
                            required="false"
                            type="reference"/>
                     <field label="Output Parameters"
                            name="output"
                            nullable="true"
                            required="false"
                            type="reference"/>
                     <field label="Fault"
                            name="fault"
                            nullable="true"
                            required="false"
                            type="reference"/>
                  </detail>
               </processObject>
               <processObject xmlns="http://schemas.active-endpoints.com/appmodules/screenflow/2011/06/avosHostEnvironment.xsd"
                              displayName="mt-TSdecom-IntertribalChoHE-Vendors"
                              isByCopy="true"
                              name="mt-TSdecom-IntertribalChoHE-Vendors">
                  <description/>
                  <tags/>
                  <detail>
                     <field label="Input Parameters"
                            name="input"
                            nullable="true"
                            required="false"
                            type="reference"/>
                     <field label="TaskProperties Parameters"
                            name="taskProperties"
                            nullable="true"
                            required="false"
                            type="reference"/>
                     <field label="Output Parameters"
                            name="output"
                            nullable="true"
                            required="false"
                            type="reference"/>
                     <field label="Fault"
                            name="fault"
                            nullable="true"
                            required="false"
                            type="reference"/>
                  </detail>
               </processObject>
               <processObject xmlns="http://schemas.active-endpoints.com/appmodules/screenflow/2011/06/avosHostEnvironment.xsd"
                              displayName="mt-TSdecom-IntertribalChoHE-refSchoolYear"
                              isByCopy="true"
                              name="mt-TSdecom-IntertribalChoHE-refSchoolYear">
                  <description/>
                  <tags/>
                  <detail>
                     <field label="Input Parameters"
                            name="input"
                            nullable="true"
                            required="false"
                            type="reference"/>
                     <field label="TaskProperties Parameters"
                            name="taskProperties"
                            nullable="true"
                            required="false"
                            type="reference"/>
                     <field label="Output Parameters"
                            name="output"
                            nullable="true"
                            required="false"
                            type="reference"/>
                     <field label="Fault"
                            name="fault"
                            nullable="true"
                            required="false"
                            type="reference"/>
                  </detail>
               </processObject>
            </dependencies>
         </taskflow>
      </types1:Entry>
      <types1:GUID>2ECOxjrnyeSbtMTkhV1YIj</types1:GUID>
      <types1:DisplayName>tf_TSdecom_IntertribalChoHE</types1:DisplayName>
   </types1:Item>
   <types1:CurrentServerDateTime>2022-02-24T20:30:57.978Z</types1:CurrentServerDateTime>
</aetgt:getResponse>
