<aetgt:getResponse xmlns:aetgt="http://schemas.active-endpoints.com/appmodules/repository/2010/10/avrepository.xsd"
                   xmlns:types1="http://schemas.active-endpoints.com/appmodules/repository/2010/10/avrepository.xsd">
   <types1:Item>
      <types1:EntryId>QykPaaaaaaaaa-gt-4478617-2021-11-13T13:48:18.688Z::tf.xml</types1:EntryId>
      <types1:Name>tf_Tsdecom_IntertribalNS</types1:Name>
      <types1:MimeType>application/xml+taskflow</types1:MimeType>
      <types1:Description>TF for updating tables from IntertribalNS tables into DataStaging for the TSReport DB decommission</types1:Description>
      <types1:AppliesTo/>
      <types1:Tags/>
      <types1:VersionLabel>1.0</types1:VersionLabel>
      <types1:State>CURRENT</types1:State>
      <types1:ProcessGroup/>
      <types1:CreatedBy>1006554@choctawnation.com</types1:CreatedBy>
      <types1:CreationDate>2021-11-13T13:48:19Z</types1:CreationDate>
      <types1:ModifiedBy>1006554@choctawnation.com</types1:ModifiedBy>
      <types1:ModificationDate>2022-01-08T18:21:42Z</types1:ModificationDate>
      <types1:PublicationStatus>unpublished</types1:PublicationStatus>
      <types1:AutosaveExists>false</types1:AutosaveExists>
      <types1:Entry>
         <taskflow xmlns="http://schemas.active-endpoints.com/appmodules/screenflow/2010/10/avosScreenflow.xsd"
                   xmlns:tfm="http://schemas.active-endpoints.com/appmodules/screenflow/2021/04/taskflowModel.xsd"
                   xmlns:list="urn:activevos:spi:list:functions"
                   displayName="tf_Tsdecom_IntertribalNS"
                   name="tf_Tsdecom_IntertribalNS"
                   overrideAPIName="false">
            <parameterSet xmlns="http://schemas.active-endpoints.com/appmodules/screenflow/2021/04/taskflowModel.xsd"/>
            <appliesTo/>
            <description>TF for updating tables from IntertribalNS tables into DataStaging for the TSReport DB decommission</description>
            <tags/>
            <generator>Informatica Process Designer 11</generator>
            <tempFields>
               <field description="" name="IntertribalNS Applications" type="reference">
                  <options>
                     <option name="referenceTo">$po:mt-TSdecom-IntertribalNS-Applications</option>
                  </options>
               </field>
               <field description="" name="IntertribalNS Assessments" type="reference">
                  <options>
                     <option name="referenceTo">$po:mt-TSdecom-IntertribalNS-Assessments</option>
                  </options>
               </field>
               <field description="" name="IntertribalNS Cards" type="reference">
                  <options>
                     <option name="referenceTo">$po:mt-TSdecom-IntertribalNS-Cards</option>
                  </options>
               </field>
               <field description="" name="_IntertribalNS Payments" type="reference">
                  <options>
                     <option name="referenceTo">$po:mt-TSdecom-IntertribalNS-Payments</option>
                  </options>
               </field>
               <field description=""
                      name="IntertribalNS ref Application Status"
                      type="reference">
                  <options>
                     <option name="failOnNotRun">false</option>
                     <option name="failOnFault">false</option>
                     <option name="referenceTo">$po:mt-TSdecom-IntertribalNS-refApplicationStatus</option>
                  </options>
               </field>
               <field description=""
                      name="IntertribalNS ref Assessment Types"
                      type="reference">
                  <options>
                     <option name="failOnNotRun">false</option>
                     <option name="failOnFault">false</option>
                     <option name="referenceTo">$po:mt-TSdecom-IntertribalNS-refAssessmentTypes</option>
                  </options>
               </field>
               <field description=""
                      name="IntertribalNS ref Card Status"
                      type="reference">
                  <options>
                     <option name="failOnNotRun">false</option>
                     <option name="failOnFault">false</option>
                     <option name="referenceTo">$po:mt-TSdecom-IntertribalNS-refCardStatus</option>
                  </options>
               </field>
               <field description=""
                      name="IntertribalNS ref Household Types"
                      type="reference">
                  <options>
                     <option name="failOnNotRun">false</option>
                     <option name="failOnFault">false</option>
                     <option name="referenceTo">$po:mt-TSdecom-IntertribalNS-refHouseholdTypes</option>
                  </options>
               </field>
               <field description="" name="IntertribalNS Individuals" type="reference">
                  <options>
                     <option name="failOnNotRun">false</option>
                     <option name="failOnFault">false</option>
                     <option name="referenceTo">$po:mt-TSdecom-IntertribalNS-Individuals</option>
                  </options>
               </field>
               <field description="" name="IntertribalNS Sanctions" type="reference">
                  <options>
                     <option name="failOnNotRun">false</option>
                     <option name="failOnFault">false</option>
                     <option name="referenceTo">$po:mt-TSdecom-IntertribalNS-Sanctions</option>
                  </options>
               </field>
               <field description="" name="IntertribalNS Training" type="reference">
                  <options>
                     <option name="failOnNotRun">false</option>
                     <option name="failOnFault">false</option>
                     <option name="referenceTo">$po:mt-TSdecom-IntertribalNS-Training</option>
                  </options>
               </field>
               <field description=""
                      name="IntertribalNS ref Household status"
                      type="reference">
                  <options>
                     <option name="failOnNotRun">false</option>
                     <option name="failOnFault">false</option>
                     <option name="referenceTo">$po:mt-TSdecom-IntertribalNS-refHouseholdStatus</option>
                  </options>
               </field>
               <field description=""
                      name="IntertribalNS ref Sanction Type"
                      type="reference">
                  <options>
                     <option name="failOnNotRun">false</option>
                     <option name="failOnFault">false</option>
                     <option name="referenceTo">$po:mt-TSdecom-IntertribalNS-refSanctionType</option>
                  </options>
               </field>
               <field description=""
                      name="IntertribalNS ref Training Type"
                      type="reference">
                  <options>
                     <option name="failOnNotRun">false</option>
                     <option name="failOnFault">false</option>
                     <option name="referenceTo">$po:mt-TSdecom-IntertribalNS-refTrainingType</option>
                  </options>
               </field>
            </tempFields>
            <notes/>
            <deployment suspendOnFault="false" tracingLevel="verbose">
               <rest/>
            </deployment>
            <flow id="a">
               <start id="b">
                  <link id="kw3uglea" targetId="kw3ugle9"/>
               </start>
               <container id="kw3ugle9" type="parallel">
                  <title>NS</title>
                  <flow id="kw3ugled">
                     <eventContainer id="kw3uglgh">
                        <service id="kw3uglfp">
                           <title>IntertribalNS Applications</title>
                           <serviceName>ICSExecuteDataTask</serviceName>
                           <serviceGUID/>
                           <serviceInput>
                              <parameter name="Wait for Task to Complete" source="constant" updatable="true">true</parameter>
                              <parameter name="Max Wait" source="constant" updatable="true">604800</parameter>
                              <parameter name="Task Name" source="constant" updatable="true">mt_TSdecom_IntertribalNS_Applications</parameter>
                              <parameter name="GUID" source="constant" updatable="true">c4FZtabAjQpfbRBkDVrZwL</parameter>
                              <parameter name="Task Type" source="constant" updatable="true">MCT</parameter>
                              <parameter name="Has Inout Parameters" source="constant" updatable="true">false</parameter>
                              <parameter name="taskField" source="nested">
                                 <operation source="field" to="mt-TSdecom-IntertribalNS-Applications">temp.IntertribalNS Applications</operation>
                              </parameter>
                           </serviceInput>
                           <serviceOutput>
                              <operation source="field" to="temp.IntertribalNS Applications/output/Object_Name">Object Name</operation>
                              <operation source="field" to="temp.IntertribalNS Applications/output/Run_Id">Run Id</operation>
                              <operation source="field" to="temp.IntertribalNS Applications/output/Log_Id">Log Id</operation>
                              <operation source="field" to="temp.IntertribalNS Applications/output/Task_Id">Task Id</operation>
                              <operation source="field" to="temp.IntertribalNS Applications/output/Task_Status">Task Status</operation>
                              <operation source="field"
                                         to="temp.IntertribalNS Applications/output/Success_Source_Rows">Success Source Rows</operation>
                              <operation source="field"
                                         to="temp.IntertribalNS Applications/output/Failed_Source_Rows">Failed Source Rows</operation>
                              <operation source="field"
                                         to="temp.IntertribalNS Applications/output/Success_Target_Rows">Success Target Rows</operation>
                              <operation source="field"
                                         to="temp.IntertribalNS Applications/output/Failed_Target_Rows">Failed Target Rows</operation>
                              <operation source="field" to="temp.IntertribalNS Applications/output/Start_Time">Start Time</operation>
                              <operation source="field" to="temp.IntertribalNS Applications/output/End_Time">End Time</operation>
                              <operation source="field"
                                         to="temp.IntertribalNS Applications/output/Error_Message">Error Message</operation>
                              <operation source="field"
                                         to="temp.IntertribalNS Applications/output/TotalTransErrors">Total Transformation Errors</operation>
                              <operation source="field"
                                         to="temp.IntertribalNS Applications/output/FirstErrorCode">First Error Code</operation>
                           </serviceOutput>
                        </service>
                        <events>
                           <catch faultField="temp.IntertribalNS Applications/fault"
                                  id="kvxuwl8f"
                                  interrupting="true"
                                  name="error">
                              <suspend/>
                           </catch>
                           <catch faultField="temp.IntertribalNS Applications/fault"
                                  id="kvxuwl8g"
                                  interrupting="true"
                                  name="warning"/>
                        </events>
                     </eventContainer>
                     <link id="kw3uglee" targetId="kw3ugle9" type="containerLink"/>
                  </flow>
                  <flow id="kw3ugleg">
                     <eventContainer id="kw3uglhl">
                        <service id="kw3uglgt">
                           <title>IntertribalNS Assessments</title>
                           <serviceName>ICSExecuteDataTask</serviceName>
                           <serviceGUID/>
                           <serviceInput>
                              <parameter name="Wait for Task to Complete" source="constant" updatable="true">true</parameter>
                              <parameter name="Max Wait" source="constant" updatable="true">604800</parameter>
                              <parameter name="Task Name" source="constant" updatable="true">mt_TSdecom_IntertribalNS_Assessments</parameter>
                              <parameter name="GUID" source="constant" updatable="true">8WDqItJ2BSBi8TnHe8rKIc</parameter>
                              <parameter name="Task Type" source="constant" updatable="true">MCT</parameter>
                              <parameter name="Has Inout Parameters" source="constant" updatable="true">false</parameter>
                              <parameter name="taskField" source="nested">
                                 <operation source="field" to="mt-TSdecom-IntertribalNS-Assessments">temp.IntertribalNS Assessments</operation>
                              </parameter>
                           </serviceInput>
                           <serviceOutput>
                              <operation source="field" to="temp.IntertribalNS Assessments/output/Object_Name">Object Name</operation>
                              <operation source="field" to="temp.IntertribalNS Assessments/output/Run_Id">Run Id</operation>
                              <operation source="field" to="temp.IntertribalNS Assessments/output/Log_Id">Log Id</operation>
                              <operation source="field" to="temp.IntertribalNS Assessments/output/Task_Id">Task Id</operation>
                              <operation source="field" to="temp.IntertribalNS Assessments/output/Task_Status">Task Status</operation>
                              <operation source="field"
                                         to="temp.IntertribalNS Assessments/output/Success_Source_Rows">Success Source Rows</operation>
                              <operation source="field"
                                         to="temp.IntertribalNS Assessments/output/Failed_Source_Rows">Failed Source Rows</operation>
                              <operation source="field"
                                         to="temp.IntertribalNS Assessments/output/Success_Target_Rows">Success Target Rows</operation>
                              <operation source="field"
                                         to="temp.IntertribalNS Assessments/output/Failed_Target_Rows">Failed Target Rows</operation>
                              <operation source="field" to="temp.IntertribalNS Assessments/output/Start_Time">Start Time</operation>
                              <operation source="field" to="temp.IntertribalNS Assessments/output/End_Time">End Time</operation>
                              <operation source="field" to="temp.IntertribalNS Assessments/output/Error_Message">Error Message</operation>
                              <operation source="field"
                                         to="temp.IntertribalNS Assessments/output/TotalTransErrors">Total Transformation Errors</operation>
                              <operation source="field"
                                         to="temp.IntertribalNS Assessments/output/FirstErrorCode">First Error Code</operation>
                           </serviceOutput>
                        </service>
                        <events>
                           <catch faultField="temp.IntertribalNS Assessments/fault"
                                  id="kvxuwlaa"
                                  interrupting="true"
                                  name="error">
                              <suspend/>
                           </catch>
                           <catch faultField="temp.IntertribalNS Assessments/fault"
                                  id="kvxuwlab"
                                  interrupting="true"
                                  name="warning"/>
                        </events>
                     </eventContainer>
                     <link id="kw3ugleh" targetId="kw3ugle9" type="containerLink"/>
                  </flow>
                  <flow id="kw3ugler">
                     <eventContainer id="kw3uglip">
                        <service id="kw3uglhx">
                           <title>IntertribalNS Cards</title>
                           <serviceName>ICSExecuteDataTask</serviceName>
                           <serviceGUID/>
                           <serviceInput>
                              <parameter name="Wait for Task to Complete" source="constant" updatable="true">true</parameter>
                              <parameter name="Max Wait" source="constant" updatable="true">604800</parameter>
                              <parameter name="Task Name" source="constant" updatable="true">mt_TSdecom_IntertribalNS_Cards</parameter>
                              <parameter name="GUID" source="constant" updatable="true">4KLjp92i58dfs635ZnDIw2</parameter>
                              <parameter name="Task Type" source="constant" updatable="true">MCT</parameter>
                              <parameter name="Has Inout Parameters" source="constant" updatable="true">false</parameter>
                              <parameter name="taskField" source="nested">
                                 <operation source="field" to="mt-TSdecom-IntertribalNS-Cards">temp.IntertribalNS Cards</operation>
                              </parameter>
                           </serviceInput>
                           <serviceOutput>
                              <operation source="field" to="temp.IntertribalNS Cards/output/Object_Name">Object Name</operation>
                              <operation source="field" to="temp.IntertribalNS Cards/output/Run_Id">Run Id</operation>
                              <operation source="field" to="temp.IntertribalNS Cards/output/Log_Id">Log Id</operation>
                              <operation source="field" to="temp.IntertribalNS Cards/output/Task_Id">Task Id</operation>
                              <operation source="field" to="temp.IntertribalNS Cards/output/Task_Status">Task Status</operation>
                              <operation source="field" to="temp.IntertribalNS Cards/output/Success_Source_Rows">Success Source Rows</operation>
                              <operation source="field" to="temp.IntertribalNS Cards/output/Failed_Source_Rows">Failed Source Rows</operation>
                              <operation source="field" to="temp.IntertribalNS Cards/output/Success_Target_Rows">Success Target Rows</operation>
                              <operation source="field" to="temp.IntertribalNS Cards/output/Failed_Target_Rows">Failed Target Rows</operation>
                              <operation source="field" to="temp.IntertribalNS Cards/output/Start_Time">Start Time</operation>
                              <operation source="field" to="temp.IntertribalNS Cards/output/End_Time">End Time</operation>
                              <operation source="field" to="temp.IntertribalNS Cards/output/Error_Message">Error Message</operation>
                              <operation source="field" to="temp.IntertribalNS Cards/output/TotalTransErrors">Total Transformation Errors</operation>
                              <operation source="field" to="temp.IntertribalNS Cards/output/FirstErrorCode">First Error Code</operation>
                           </serviceOutput>
                        </service>
                        <events>
                           <catch faultField="temp.IntertribalNS Cards/fault"
                                  id="kvxuwlbn"
                                  interrupting="true"
                                  name="error">
                              <suspend/>
                           </catch>
                           <catch faultField="temp.IntertribalNS Cards/fault"
                                  id="kvxuwlbo"
                                  interrupting="true"
                                  name="warning"/>
                        </events>
                     </eventContainer>
                     <link id="kw3ugles" targetId="kw3ugle9" type="containerLink"/>
                  </flow>
                  <flow id="kw3uglf3">
                     <eventContainer id="kw3ugljt">
                        <service id="kw3uglj1">
                           <title>_IntertribalNS Payments</title>
                           <serviceName>ICSExecuteDataTask</serviceName>
                           <serviceGUID/>
                           <serviceInput>
                              <parameter name="Wait for Task to Complete" source="constant" updatable="true">true</parameter>
                              <parameter name="Max Wait" source="constant" updatable="true">604800</parameter>
                              <parameter name="Task Name" source="constant" updatable="true">mt_TSdecom_IntertribalNS_Payments</parameter>
                              <parameter name="GUID" source="constant" updatable="true">9fxjqstXavPduSFxzFW9Ie</parameter>
                              <parameter name="Task Type" source="constant" updatable="true">MCT</parameter>
                              <parameter name="Has Inout Parameters" source="constant" updatable="true">false</parameter>
                              <parameter name="taskField" source="nested">
                                 <operation source="field" to="mt-TSdecom-IntertribalNS-Payments">temp._IntertribalNS Payments</operation>
                              </parameter>
                           </serviceInput>
                           <serviceOutput>
                              <operation source="field" to="temp._IntertribalNS Payments/output/Object_Name">Object Name</operation>
                              <operation source="field" to="temp._IntertribalNS Payments/output/Run_Id">Run Id</operation>
                              <operation source="field" to="temp._IntertribalNS Payments/output/Log_Id">Log Id</operation>
                              <operation source="field" to="temp._IntertribalNS Payments/output/Task_Id">Task Id</operation>
                              <operation source="field" to="temp._IntertribalNS Payments/output/Task_Status">Task Status</operation>
                              <operation source="field"
                                         to="temp._IntertribalNS Payments/output/Success_Source_Rows">Success Source Rows</operation>
                              <operation source="field"
                                         to="temp._IntertribalNS Payments/output/Failed_Source_Rows">Failed Source Rows</operation>
                              <operation source="field"
                                         to="temp._IntertribalNS Payments/output/Success_Target_Rows">Success Target Rows</operation>
                              <operation source="field"
                                         to="temp._IntertribalNS Payments/output/Failed_Target_Rows">Failed Target Rows</operation>
                              <operation source="field" to="temp._IntertribalNS Payments/output/Start_Time">Start Time</operation>
                              <operation source="field" to="temp._IntertribalNS Payments/output/End_Time">End Time</operation>
                              <operation source="field" to="temp._IntertribalNS Payments/output/Error_Message">Error Message</operation>
                              <operation source="field"
                                         to="temp._IntertribalNS Payments/output/TotalTransErrors">Total Transformation Errors</operation>
                              <operation source="field" to="temp._IntertribalNS Payments/output/FirstErrorCode">First Error Code</operation>
                           </serviceOutput>
                        </service>
                        <events>
                           <catch faultField="temp._IntertribalNS Payments/fault"
                                  id="kvxuwld0"
                                  interrupting="true"
                                  name="error">
                              <suspend/>
                           </catch>
                           <catch faultField="temp._IntertribalNS Payments/fault"
                                  id="kvxuwld1"
                                  interrupting="true"
                                  name="warning"/>
                        </events>
                     </eventContainer>
                     <link id="kw3uglf4" targetId="kw3ugle9" type="containerLink"/>
                  </flow>
                  <flow id="ky65dftp">
                     <eventContainer id="ky65dg04">
                        <service id="ky65dfwn">
                           <title>IntertribalNS Individuals</title>
                           <serviceName>ICSExecuteDataTask</serviceName>
                           <serviceGUID/>
                           <serviceInput>
                              <parameter name="Wait for Task to Complete" source="constant" updatable="true">true</parameter>
                              <parameter name="Max Wait" source="constant" updatable="true">604800</parameter>
                              <parameter name="Task Name" source="constant" updatable="true">mt_TSdecom_IntertribalNS_Individuals</parameter>
                              <parameter name="GUID" source="constant" updatable="true">l5VS3rHkJMgbfUKctk8Xmv</parameter>
                              <parameter name="Task Type" source="constant" updatable="true">MCT</parameter>
                              <parameter name="Has Inout Parameters" source="constant" updatable="true">false</parameter>
                              <parameter name="taskField" source="nested">
                                 <operation source="field" to="mt-TSdecom-IntertribalNS-Individuals">temp.IntertribalNS Individuals</operation>
                              </parameter>
                           </serviceInput>
                           <serviceOutput>
                              <operation source="field" to="temp.IntertribalNS Individuals/output/Object_Name">Object Name</operation>
                              <operation source="field" to="temp.IntertribalNS Individuals/output/Run_Id">Run Id</operation>
                              <operation source="field" to="temp.IntertribalNS Individuals/output/Log_Id">Log Id</operation>
                              <operation source="field" to="temp.IntertribalNS Individuals/output/Task_Id">Task Id</operation>
                              <operation source="field" to="temp.IntertribalNS Individuals/output/Task_Status">Task Status</operation>
                              <operation source="field"
                                         to="temp.IntertribalNS Individuals/output/Success_Source_Rows">Success Source Rows</operation>
                              <operation source="field"
                                         to="temp.IntertribalNS Individuals/output/Failed_Source_Rows">Failed Source Rows</operation>
                              <operation source="field"
                                         to="temp.IntertribalNS Individuals/output/Success_Target_Rows">Success Target Rows</operation>
                              <operation source="field"
                                         to="temp.IntertribalNS Individuals/output/Failed_Target_Rows">Failed Target Rows</operation>
                              <operation source="field" to="temp.IntertribalNS Individuals/output/Start_Time">Start Time</operation>
                              <operation source="field" to="temp.IntertribalNS Individuals/output/End_Time">End Time</operation>
                              <operation source="field" to="temp.IntertribalNS Individuals/output/Error_Message">Error Message</operation>
                              <operation source="field"
                                         to="temp.IntertribalNS Individuals/output/TotalTransErrors">Total Transformation Errors</operation>
                              <operation source="field"
                                         to="temp.IntertribalNS Individuals/output/FirstErrorCode">First Error Code</operation>
                           </serviceOutput>
                        </service>
                        <events>
                           <catch faultField="temp.IntertribalNS Individuals/fault"
                                  id="ky65dg02"
                                  interrupting="true"
                                  name="error">
                              <suspend/>
                           </catch>
                           <catch faultField="temp.IntertribalNS Individuals/fault"
                                  id="ky65dg03"
                                  interrupting="true"
                                  name="warning"/>
                        </events>
                     </eventContainer>
                     <link id="ky65dftq" targetId="kw3ugle9" type="containerLink"/>
                  </flow>
                  <flow id="ky65dfu1">
                     <eventContainer id="ky65dg1z">
                        <service id="ky65dfx6">
                           <title>IntertribalNS Sanctions</title>
                           <serviceName>ICSExecuteDataTask</serviceName>
                           <serviceGUID/>
                           <serviceInput>
                              <parameter name="Wait for Task to Complete" source="constant" updatable="true">true</parameter>
                              <parameter name="Max Wait" source="constant" updatable="true">604800</parameter>
                              <parameter name="Task Name" source="constant" updatable="true">mt_TSdecom_IntertribalNS_Sanctions</parameter>
                              <parameter name="GUID" source="constant" updatable="true">1YCIQxj9NKVedcoNSEVLUs</parameter>
                              <parameter name="Task Type" source="constant" updatable="true">MCT</parameter>
                              <parameter name="Has Inout Parameters" source="constant" updatable="true">false</parameter>
                              <parameter name="taskField" source="nested">
                                 <operation source="field" to="mt-TSdecom-IntertribalNS-Sanctions">temp.IntertribalNS Sanctions</operation>
                              </parameter>
                           </serviceInput>
                           <serviceOutput>
                              <operation source="field" to="temp.IntertribalNS Sanctions/output/Object_Name">Object Name</operation>
                              <operation source="field" to="temp.IntertribalNS Sanctions/output/Run_Id">Run Id</operation>
                              <operation source="field" to="temp.IntertribalNS Sanctions/output/Log_Id">Log Id</operation>
                              <operation source="field" to="temp.IntertribalNS Sanctions/output/Task_Id">Task Id</operation>
                              <operation source="field" to="temp.IntertribalNS Sanctions/output/Task_Status">Task Status</operation>
                              <operation source="field"
                                         to="temp.IntertribalNS Sanctions/output/Success_Source_Rows">Success Source Rows</operation>
                              <operation source="field"
                                         to="temp.IntertribalNS Sanctions/output/Failed_Source_Rows">Failed Source Rows</operation>
                              <operation source="field"
                                         to="temp.IntertribalNS Sanctions/output/Success_Target_Rows">Success Target Rows</operation>
                              <operation source="field"
                                         to="temp.IntertribalNS Sanctions/output/Failed_Target_Rows">Failed Target Rows</operation>
                              <operation source="field" to="temp.IntertribalNS Sanctions/output/Start_Time">Start Time</operation>
                              <operation source="field" to="temp.IntertribalNS Sanctions/output/End_Time">End Time</operation>
                              <operation source="field" to="temp.IntertribalNS Sanctions/output/Error_Message">Error Message</operation>
                              <operation source="field"
                                         to="temp.IntertribalNS Sanctions/output/TotalTransErrors">Total Transformation Errors</operation>
                              <operation source="field" to="temp.IntertribalNS Sanctions/output/FirstErrorCode">First Error Code</operation>
                           </serviceOutput>
                        </service>
                        <events>
                           <catch faultField="temp.IntertribalNS Sanctions/fault"
                                  id="ky65dg1x"
                                  interrupting="true"
                                  name="error">
                              <suspend/>
                           </catch>
                           <catch faultField="temp.IntertribalNS Sanctions/fault"
                                  id="ky65dg1y"
                                  interrupting="true"
                                  name="warning"/>
                        </events>
                     </eventContainer>
                     <link id="ky65dfu2" targetId="kw3ugle9" type="containerLink"/>
                  </flow>
                  <flow id="ky65dfue">
                     <eventContainer id="ky65dg3u">
                        <service id="ky65dfxp">
                           <title>IntertribalNS Training</title>
                           <serviceName>ICSExecuteDataTask</serviceName>
                           <serviceGUID/>
                           <serviceInput>
                              <parameter name="Wait for Task to Complete" source="constant" updatable="true">true</parameter>
                              <parameter name="Max Wait" source="constant" updatable="true">604800</parameter>
                              <parameter name="Task Name" source="constant" updatable="true">mt_TSdecom_IntertribalNS_Training</parameter>
                              <parameter name="GUID" source="constant" updatable="true">4Mqll8IjfOdgwoJ0g4R8mC</parameter>
                              <parameter name="Task Type" source="constant" updatable="true">MCT</parameter>
                              <parameter name="Has Inout Parameters" source="constant" updatable="true">false</parameter>
                              <parameter name="taskField" source="nested">
                                 <operation source="field" to="mt-TSdecom-IntertribalNS-Training">temp.IntertribalNS Training</operation>
                              </parameter>
                           </serviceInput>
                           <serviceOutput>
                              <operation source="field" to="temp.IntertribalNS Training/output/Object_Name">Object Name</operation>
                              <operation source="field" to="temp.IntertribalNS Training/output/Run_Id">Run Id</operation>
                              <operation source="field" to="temp.IntertribalNS Training/output/Log_Id">Log Id</operation>
                              <operation source="field" to="temp.IntertribalNS Training/output/Task_Id">Task Id</operation>
                              <operation source="field" to="temp.IntertribalNS Training/output/Task_Status">Task Status</operation>
                              <operation source="field"
                                         to="temp.IntertribalNS Training/output/Success_Source_Rows">Success Source Rows</operation>
                              <operation source="field"
                                         to="temp.IntertribalNS Training/output/Failed_Source_Rows">Failed Source Rows</operation>
                              <operation source="field"
                                         to="temp.IntertribalNS Training/output/Success_Target_Rows">Success Target Rows</operation>
                              <operation source="field"
                                         to="temp.IntertribalNS Training/output/Failed_Target_Rows">Failed Target Rows</operation>
                              <operation source="field" to="temp.IntertribalNS Training/output/Start_Time">Start Time</operation>
                              <operation source="field" to="temp.IntertribalNS Training/output/End_Time">End Time</operation>
                              <operation source="field" to="temp.IntertribalNS Training/output/Error_Message">Error Message</operation>
                              <operation source="field" to="temp.IntertribalNS Training/output/TotalTransErrors">Total Transformation Errors</operation>
                              <operation source="field" to="temp.IntertribalNS Training/output/FirstErrorCode">First Error Code</operation>
                           </serviceOutput>
                        </service>
                        <events>
                           <catch faultField="temp.IntertribalNS Training/fault"
                                  id="ky65dg3s"
                                  interrupting="true"
                                  name="error">
                              <suspend/>
                           </catch>
                           <catch faultField="temp.IntertribalNS Training/fault"
                                  id="ky65dg3t"
                                  interrupting="true"
                                  name="warning"/>
                        </events>
                     </eventContainer>
                     <link id="ky65dfuf" targetId="kw3ugle9" type="containerLink"/>
                  </flow>
                  <link id="kw3uglec" targetId="kw3ugled" type="containerLink"/>
                  <link id="kw3uglef" targetId="kw3ugleg" type="containerLink"/>
                  <link id="kw3ugleq" targetId="kw3ugler" type="containerLink"/>
                  <link id="kw3uglf2" targetId="kw3uglf3" type="containerLink"/>
                  <link id="ky65dfto" targetId="ky65dftp" type="containerLink"/>
                  <link id="ky65dfu0" targetId="ky65dfu1" type="containerLink"/>
                  <link id="ky65dfud" targetId="ky65dfue" type="containerLink"/>
                  <link id="kw3uglkh" targetId="kw3uglkg"/>
               </container>
               <container id="kw3uglkg" type="parallel">
                  <title>NS-ref</title>
                  <flow id="kw3uglkk">
                     <eventContainer id="kw3uglwj">
                        <service id="kw3ugllo">
                           <title>IntertribalNS ref Application Status</title>
                           <serviceName>ICSExecuteDataTask</serviceName>
                           <serviceGUID/>
                           <serviceInput>
                              <parameter name="Wait for Task to Complete" source="constant" updatable="true">true</parameter>
                              <parameter name="Max Wait" source="constant" updatable="true">604800</parameter>
                              <parameter name="Task Name" source="constant" updatable="true">mt_TSdecom_IntertribalNS_refApplicationStatus</parameter>
                              <parameter name="GUID" source="constant" updatable="true">adX02JrSbOXdFbAUGsNkmG</parameter>
                              <parameter name="Task Type" source="constant" updatable="true">MCT</parameter>
                              <parameter name="Has Inout Parameters" source="constant" updatable="true">false</parameter>
                              <parameter name="taskField" source="nested">
                                 <operation source="field" to="mt-TSdecom-IntertribalNS-refApplicationStatus">temp.IntertribalNS ref Application Status</operation>
                              </parameter>
                           </serviceInput>
                           <serviceOutput>
                              <operation source="field"
                                         to="temp.IntertribalNS ref Application Status/output/Object_Name">Object Name</operation>
                              <operation source="field"
                                         to="temp.IntertribalNS ref Application Status/output/Run_Id">Run Id</operation>
                              <operation source="field"
                                         to="temp.IntertribalNS ref Application Status/output/Log_Id">Log Id</operation>
                              <operation source="field"
                                         to="temp.IntertribalNS ref Application Status/output/Task_Id">Task Id</operation>
                              <operation source="field"
                                         to="temp.IntertribalNS ref Application Status/output/Task_Status">Task Status</operation>
                              <operation source="field"
                                         to="temp.IntertribalNS ref Application Status/output/Success_Source_Rows">Success Source Rows</operation>
                              <operation source="field"
                                         to="temp.IntertribalNS ref Application Status/output/Failed_Source_Rows">Failed Source Rows</operation>
                              <operation source="field"
                                         to="temp.IntertribalNS ref Application Status/output/Success_Target_Rows">Success Target Rows</operation>
                              <operation source="field"
                                         to="temp.IntertribalNS ref Application Status/output/Failed_Target_Rows">Failed Target Rows</operation>
                              <operation source="field"
                                         to="temp.IntertribalNS ref Application Status/output/Start_Time">Start Time</operation>
                              <operation source="field"
                                         to="temp.IntertribalNS ref Application Status/output/End_Time">End Time</operation>
                              <operation source="field"
                                         to="temp.IntertribalNS ref Application Status/output/Error_Message">Error Message</operation>
                              <operation source="field"
                                         to="temp.IntertribalNS ref Application Status/output/TotalTransErrors">Total Transformation Errors</operation>
                              <operation source="field"
                                         to="temp.IntertribalNS ref Application Status/output/FirstErrorCode">First Error Code</operation>
                           </serviceOutput>
                        </service>
                        <events>
                           <catch faultField="temp.IntertribalNS ref Application Status/fault"
                                  id="kw3uglwh"
                                  interrupting="true"
                                  name="error">
                              <suspend/>
                           </catch>
                           <catch faultField="temp.IntertribalNS ref Application Status/fault"
                                  id="kw3uglwi"
                                  interrupting="true"
                                  name="warning"/>
                        </events>
                     </eventContainer>
                     <link id="kw3uglkl" targetId="kw3uglkg" type="containerLink"/>
                  </flow>
                  <flow id="kw3uglkn">
                     <eventContainer id="kw3uglud">
                        <service id="kw3uglm0">
                           <title>IntertribalNS ref Assessment Types</title>
                           <serviceName>ICSExecuteDataTask</serviceName>
                           <serviceGUID/>
                           <serviceInput>
                              <parameter name="Wait for Task to Complete" source="constant" updatable="true">true</parameter>
                              <parameter name="Max Wait" source="constant" updatable="true">604800</parameter>
                              <parameter name="Task Name" source="constant" updatable="true">mt_TSdecom_IntertribalNS_refAssessmentTypes</parameter>
                              <parameter name="GUID" source="constant" updatable="true">8jnDFmmeDKTeXx8V2B4Z40</parameter>
                              <parameter name="Task Type" source="constant" updatable="true">MCT</parameter>
                              <parameter name="Has Inout Parameters" source="constant" updatable="true">false</parameter>
                              <parameter name="taskField" source="nested">
                                 <operation source="field" to="mt-TSdecom-IntertribalNS-refAssessmentTypes">temp.IntertribalNS ref Assessment Types</operation>
                              </parameter>
                           </serviceInput>
                           <serviceOutput>
                              <operation source="field"
                                         to="temp.IntertribalNS ref Assessment Types/output/Object_Name">Object Name</operation>
                              <operation source="field"
                                         to="temp.IntertribalNS ref Assessment Types/output/Run_Id">Run Id</operation>
                              <operation source="field"
                                         to="temp.IntertribalNS ref Assessment Types/output/Log_Id">Log Id</operation>
                              <operation source="field"
                                         to="temp.IntertribalNS ref Assessment Types/output/Task_Id">Task Id</operation>
                              <operation source="field"
                                         to="temp.IntertribalNS ref Assessment Types/output/Task_Status">Task Status</operation>
                              <operation source="field"
                                         to="temp.IntertribalNS ref Assessment Types/output/Success_Source_Rows">Success Source Rows</operation>
                              <operation source="field"
                                         to="temp.IntertribalNS ref Assessment Types/output/Failed_Source_Rows">Failed Source Rows</operation>
                              <operation source="field"
                                         to="temp.IntertribalNS ref Assessment Types/output/Success_Target_Rows">Success Target Rows</operation>
                              <operation source="field"
                                         to="temp.IntertribalNS ref Assessment Types/output/Failed_Target_Rows">Failed Target Rows</operation>
                              <operation source="field"
                                         to="temp.IntertribalNS ref Assessment Types/output/Start_Time">Start Time</operation>
                              <operation source="field"
                                         to="temp.IntertribalNS ref Assessment Types/output/End_Time">End Time</operation>
                              <operation source="field"
                                         to="temp.IntertribalNS ref Assessment Types/output/Error_Message">Error Message</operation>
                              <operation source="field"
                                         to="temp.IntertribalNS ref Assessment Types/output/TotalTransErrors">Total Transformation Errors</operation>
                              <operation source="field"
                                         to="temp.IntertribalNS ref Assessment Types/output/FirstErrorCode">First Error Code</operation>
                           </serviceOutput>
                        </service>
                        <events>
                           <catch faultField="temp.IntertribalNS ref Assessment Types/fault"
                                  id="kw3uglub"
                                  interrupting="true"
                                  name="error">
                              <suspend/>
                           </catch>
                           <catch faultField="temp.IntertribalNS ref Assessment Types/fault"
                                  id="kw3ugluc"
                                  interrupting="true"
                                  name="warning"/>
                        </events>
                     </eventContainer>
                     <link id="kw3uglko" targetId="kw3uglkg" type="containerLink"/>
                  </flow>
                  <flow id="kw3ugll2">
                     <eventContainer id="kw3ugls7">
                        <service id="kw3uglmc">
                           <title>IntertribalNS ref Card Status</title>
                           <serviceName>ICSExecuteDataTask</serviceName>
                           <serviceGUID/>
                           <serviceInput>
                              <parameter name="Wait for Task to Complete" source="constant" updatable="true">true</parameter>
                              <parameter name="Max Wait" source="constant" updatable="true">604800</parameter>
                              <parameter name="Task Name" source="constant" updatable="true">mt_TSdecom_IntertribalNS_refCardStatus</parameter>
                              <parameter name="GUID" source="constant" updatable="true">9DKavy6UdNlbTlOOHh5ssW</parameter>
                              <parameter name="Task Type" source="constant" updatable="true">MCT</parameter>
                              <parameter name="Has Inout Parameters" source="constant" updatable="true">false</parameter>
                              <parameter name="taskField" source="nested">
                                 <operation source="field" to="mt-TSdecom-IntertribalNS-refCardStatus">temp.IntertribalNS ref Card Status</operation>
                              </parameter>
                           </serviceInput>
                           <serviceOutput>
                              <operation source="field"
                                         to="temp.IntertribalNS ref Card Status/output/Object_Name">Object Name</operation>
                              <operation source="field" to="temp.IntertribalNS ref Card Status/output/Run_Id">Run Id</operation>
                              <operation source="field" to="temp.IntertribalNS ref Card Status/output/Log_Id">Log Id</operation>
                              <operation source="field" to="temp.IntertribalNS ref Card Status/output/Task_Id">Task Id</operation>
                              <operation source="field"
                                         to="temp.IntertribalNS ref Card Status/output/Task_Status">Task Status</operation>
                              <operation source="field"
                                         to="temp.IntertribalNS ref Card Status/output/Success_Source_Rows">Success Source Rows</operation>
                              <operation source="field"
                                         to="temp.IntertribalNS ref Card Status/output/Failed_Source_Rows">Failed Source Rows</operation>
                              <operation source="field"
                                         to="temp.IntertribalNS ref Card Status/output/Success_Target_Rows">Success Target Rows</operation>
                              <operation source="field"
                                         to="temp.IntertribalNS ref Card Status/output/Failed_Target_Rows">Failed Target Rows</operation>
                              <operation source="field"
                                         to="temp.IntertribalNS ref Card Status/output/Start_Time">Start Time</operation>
                              <operation source="field" to="temp.IntertribalNS ref Card Status/output/End_Time">End Time</operation>
                              <operation source="field"
                                         to="temp.IntertribalNS ref Card Status/output/Error_Message">Error Message</operation>
                              <operation source="field"
                                         to="temp.IntertribalNS ref Card Status/output/TotalTransErrors">Total Transformation Errors</operation>
                              <operation source="field"
                                         to="temp.IntertribalNS ref Card Status/output/FirstErrorCode">First Error Code</operation>
                           </serviceOutput>
                        </service>
                        <events>
                           <catch faultField="temp.IntertribalNS ref Card Status/fault"
                                  id="kw3ugls5"
                                  interrupting="true"
                                  name="error">
                              <suspend/>
                           </catch>
                           <catch faultField="temp.IntertribalNS ref Card Status/fault"
                                  id="kw3ugls6"
                                  interrupting="true"
                                  name="warning"/>
                        </events>
                     </eventContainer>
                     <link id="kw3ugll3" targetId="kw3uglkg" type="containerLink"/>
                  </flow>
                  <flow id="kw3ugllc">
                     <eventContainer id="kw3uglnh">
                        <service id="kw3uglmo">
                           <title>IntertribalNS ref Household Types</title>
                           <serviceName>ICSExecuteDataTask</serviceName>
                           <serviceGUID/>
                           <serviceInput>
                              <parameter name="Wait for Task to Complete" source="constant" updatable="true">true</parameter>
                              <parameter name="Max Wait" source="constant" updatable="true">604800</parameter>
                              <parameter name="Task Name" source="constant" updatable="true">mt_TSdecom_IntertribalNS_refHouseholdTypes</parameter>
                              <parameter name="GUID" source="constant" updatable="true">f9gGYx9D3eOjTTkT6pMfm6</parameter>
                              <parameter name="Task Type" source="constant" updatable="true">MCT</parameter>
                              <parameter name="Has Inout Parameters" source="constant" updatable="true">false</parameter>
                              <parameter name="taskField" source="nested">
                                 <operation source="field" to="mt-TSdecom-IntertribalNS-refHouseholdTypes">temp.IntertribalNS ref Household Types</operation>
                              </parameter>
                           </serviceInput>
                           <serviceOutput>
                              <operation source="field"
                                         to="temp.IntertribalNS ref Household Types/output/Object_Name">Object Name</operation>
                              <operation source="field"
                                         to="temp.IntertribalNS ref Household Types/output/Run_Id">Run Id</operation>
                              <operation source="field"
                                         to="temp.IntertribalNS ref Household Types/output/Log_Id">Log Id</operation>
                              <operation source="field"
                                         to="temp.IntertribalNS ref Household Types/output/Task_Id">Task Id</operation>
                              <operation source="field"
                                         to="temp.IntertribalNS ref Household Types/output/Task_Status">Task Status</operation>
                              <operation source="field"
                                         to="temp.IntertribalNS ref Household Types/output/Success_Source_Rows">Success Source Rows</operation>
                              <operation source="field"
                                         to="temp.IntertribalNS ref Household Types/output/Failed_Source_Rows">Failed Source Rows</operation>
                              <operation source="field"
                                         to="temp.IntertribalNS ref Household Types/output/Success_Target_Rows">Success Target Rows</operation>
                              <operation source="field"
                                         to="temp.IntertribalNS ref Household Types/output/Failed_Target_Rows">Failed Target Rows</operation>
                              <operation source="field"
                                         to="temp.IntertribalNS ref Household Types/output/Start_Time">Start Time</operation>
                              <operation source="field"
                                         to="temp.IntertribalNS ref Household Types/output/End_Time">End Time</operation>
                              <operation source="field"
                                         to="temp.IntertribalNS ref Household Types/output/Error_Message">Error Message</operation>
                              <operation source="field"
                                         to="temp.IntertribalNS ref Household Types/output/TotalTransErrors">Total Transformation Errors</operation>
                              <operation source="field"
                                         to="temp.IntertribalNS ref Household Types/output/FirstErrorCode">First Error Code</operation>
                           </serviceOutput>
                        </service>
                        <events>
                           <catch faultField="temp.IntertribalNS ref Household Types/fault"
                                  id="kw3uglnf"
                                  interrupting="true"
                                  name="error">
                              <suspend/>
                           </catch>
                           <catch faultField="temp.IntertribalNS ref Household Types/fault"
                                  id="kw3uglng"
                                  interrupting="true"
                                  name="warning"/>
                        </events>
                     </eventContainer>
                     <link id="kw3uglld" targetId="kw3uglkg" type="containerLink"/>
                  </flow>
                  <flow id="ky65dfv7">
                     <eventContainer id="ky65dg5p">
                        <service id="ky65dfym">
                           <title>IntertribalNS ref Household status</title>
                           <serviceName>ICSExecuteDataTask</serviceName>
                           <serviceGUID/>
                           <serviceInput>
                              <parameter name="Wait for Task to Complete" source="constant" updatable="true">true</parameter>
                              <parameter name="Max Wait" source="constant" updatable="true">604800</parameter>
                              <parameter name="Task Name" source="constant" updatable="true">mt_TSdecom_IntertribalNS_refHouseholdStatus</parameter>
                              <parameter name="GUID" source="constant" updatable="true">2lTtCQ74XTjec7gqS4K7sO</parameter>
                              <parameter name="Task Type" source="constant" updatable="true">MCT</parameter>
                              <parameter name="Has Inout Parameters" source="constant" updatable="true">false</parameter>
                              <parameter name="taskField" source="nested">
                                 <operation source="field" to="mt-TSdecom-IntertribalNS-refHouseholdStatus">temp.IntertribalNS ref Household status</operation>
                              </parameter>
                           </serviceInput>
                           <serviceOutput>
                              <operation source="field"
                                         to="temp.IntertribalNS ref Household status/output/Object_Name">Object Name</operation>
                              <operation source="field"
                                         to="temp.IntertribalNS ref Household status/output/Run_Id">Run Id</operation>
                              <operation source="field"
                                         to="temp.IntertribalNS ref Household status/output/Log_Id">Log Id</operation>
                              <operation source="field"
                                         to="temp.IntertribalNS ref Household status/output/Task_Id">Task Id</operation>
                              <operation source="field"
                                         to="temp.IntertribalNS ref Household status/output/Task_Status">Task Status</operation>
                              <operation source="field"
                                         to="temp.IntertribalNS ref Household status/output/Success_Source_Rows">Success Source Rows</operation>
                              <operation source="field"
                                         to="temp.IntertribalNS ref Household status/output/Failed_Source_Rows">Failed Source Rows</operation>
                              <operation source="field"
                                         to="temp.IntertribalNS ref Household status/output/Success_Target_Rows">Success Target Rows</operation>
                              <operation source="field"
                                         to="temp.IntertribalNS ref Household status/output/Failed_Target_Rows">Failed Target Rows</operation>
                              <operation source="field"
                                         to="temp.IntertribalNS ref Household status/output/Start_Time">Start Time</operation>
                              <operation source="field"
                                         to="temp.IntertribalNS ref Household status/output/End_Time">End Time</operation>
                              <operation source="field"
                                         to="temp.IntertribalNS ref Household status/output/Error_Message">Error Message</operation>
                              <operation source="field"
                                         to="temp.IntertribalNS ref Household status/output/TotalTransErrors">Total Transformation Errors</operation>
                              <operation source="field"
                                         to="temp.IntertribalNS ref Household status/output/FirstErrorCode">First Error Code</operation>
                           </serviceOutput>
                        </service>
                        <events>
                           <catch faultField="temp.IntertribalNS ref Household status/fault"
                                  id="ky65dg5n"
                                  interrupting="true"
                                  name="error">
                              <suspend/>
                           </catch>
                           <catch faultField="temp.IntertribalNS ref Household status/fault"
                                  id="ky65dg5o"
                                  interrupting="true"
                                  name="warning"/>
                        </events>
                     </eventContainer>
                     <link id="ky65dfv8" targetId="kw3uglkg" type="containerLink"/>
                  </flow>
                  <flow id="ky65dfvn">
                     <eventContainer id="ky65dg7k">
                        <service id="ky65dfz4">
                           <title>IntertribalNS ref Sanction Type</title>
                           <serviceName>ICSExecuteDataTask</serviceName>
                           <serviceGUID/>
                           <serviceInput>
                              <parameter name="Wait for Task to Complete" source="constant" updatable="true">true</parameter>
                              <parameter name="Max Wait" source="constant" updatable="true">604800</parameter>
                              <parameter name="Task Name" source="constant" updatable="true">mt_TSdecom_IntertribalNS_refSanctionType</parameter>
                              <parameter name="GUID" source="constant" updatable="true">1SYzZAjp807kzFMrFvOyCE</parameter>
                              <parameter name="Task Type" source="constant" updatable="true">MCT</parameter>
                              <parameter name="Has Inout Parameters" source="constant" updatable="true">false</parameter>
                              <parameter name="taskField" source="nested">
                                 <operation source="field" to="mt-TSdecom-IntertribalNS-refSanctionType">temp.IntertribalNS ref Sanction Type</operation>
                              </parameter>
                           </serviceInput>
                           <serviceOutput>
                              <operation source="field"
                                         to="temp.IntertribalNS ref Sanction Type/output/Object_Name">Object Name</operation>
                              <operation source="field" to="temp.IntertribalNS ref Sanction Type/output/Run_Id">Run Id</operation>
                              <operation source="field" to="temp.IntertribalNS ref Sanction Type/output/Log_Id">Log Id</operation>
                              <operation source="field" to="temp.IntertribalNS ref Sanction Type/output/Task_Id">Task Id</operation>
                              <operation source="field"
                                         to="temp.IntertribalNS ref Sanction Type/output/Task_Status">Task Status</operation>
                              <operation source="field"
                                         to="temp.IntertribalNS ref Sanction Type/output/Success_Source_Rows">Success Source Rows</operation>
                              <operation source="field"
                                         to="temp.IntertribalNS ref Sanction Type/output/Failed_Source_Rows">Failed Source Rows</operation>
                              <operation source="field"
                                         to="temp.IntertribalNS ref Sanction Type/output/Success_Target_Rows">Success Target Rows</operation>
                              <operation source="field"
                                         to="temp.IntertribalNS ref Sanction Type/output/Failed_Target_Rows">Failed Target Rows</operation>
                              <operation source="field"
                                         to="temp.IntertribalNS ref Sanction Type/output/Start_Time">Start Time</operation>
                              <operation source="field"
                                         to="temp.IntertribalNS ref Sanction Type/output/End_Time">End Time</operation>
                              <operation source="field"
                                         to="temp.IntertribalNS ref Sanction Type/output/Error_Message">Error Message</operation>
                              <operation source="field"
                                         to="temp.IntertribalNS ref Sanction Type/output/TotalTransErrors">Total Transformation Errors</operation>
                              <operation source="field"
                                         to="temp.IntertribalNS ref Sanction Type/output/FirstErrorCode">First Error Code</operation>
                           </serviceOutput>
                        </service>
                        <events>
                           <catch faultField="temp.IntertribalNS ref Sanction Type/fault"
                                  id="ky65dg7i"
                                  interrupting="true"
                                  name="error">
                              <suspend/>
                           </catch>
                           <catch faultField="temp.IntertribalNS ref Sanction Type/fault"
                                  id="ky65dg7j"
                                  interrupting="true"
                                  name="warning"/>
                        </events>
                     </eventContainer>
                     <link id="ky65dfvo" targetId="kw3uglkg" type="containerLink"/>
                  </flow>
                  <flow id="ky65dfw4">
                     <eventContainer id="ky65dg9f">
                        <service id="ky65dfzm">
                           <title>IntertribalNS ref Training Type</title>
                           <serviceName>ICSExecuteDataTask</serviceName>
                           <serviceGUID/>
                           <serviceInput>
                              <parameter name="Wait for Task to Complete" source="constant" updatable="true">true</parameter>
                              <parameter name="Max Wait" source="constant" updatable="true">604800</parameter>
                              <parameter name="Task Name" source="constant" updatable="true">mt_TSdecom_IntertribalNS_refTrainingType</parameter>
                              <parameter name="GUID" source="constant" updatable="true">jNsSPSSU0IabBmurBkejaR</parameter>
                              <parameter name="Task Type" source="constant" updatable="true">MCT</parameter>
                              <parameter name="Has Inout Parameters" source="constant" updatable="true">false</parameter>
                              <parameter name="taskField" source="nested">
                                 <operation source="field" to="mt-TSdecom-IntertribalNS-refTrainingType">temp.IntertribalNS ref Training Type</operation>
                              </parameter>
                           </serviceInput>
                           <serviceOutput>
                              <operation source="field"
                                         to="temp.IntertribalNS ref Training Type/output/Object_Name">Object Name</operation>
                              <operation source="field" to="temp.IntertribalNS ref Training Type/output/Run_Id">Run Id</operation>
                              <operation source="field" to="temp.IntertribalNS ref Training Type/output/Log_Id">Log Id</operation>
                              <operation source="field" to="temp.IntertribalNS ref Training Type/output/Task_Id">Task Id</operation>
                              <operation source="field"
                                         to="temp.IntertribalNS ref Training Type/output/Task_Status">Task Status</operation>
                              <operation source="field"
                                         to="temp.IntertribalNS ref Training Type/output/Success_Source_Rows">Success Source Rows</operation>
                              <operation source="field"
                                         to="temp.IntertribalNS ref Training Type/output/Failed_Source_Rows">Failed Source Rows</operation>
                              <operation source="field"
                                         to="temp.IntertribalNS ref Training Type/output/Success_Target_Rows">Success Target Rows</operation>
                              <operation source="field"
                                         to="temp.IntertribalNS ref Training Type/output/Failed_Target_Rows">Failed Target Rows</operation>
                              <operation source="field"
                                         to="temp.IntertribalNS ref Training Type/output/Start_Time">Start Time</operation>
                              <operation source="field"
                                         to="temp.IntertribalNS ref Training Type/output/End_Time">End Time</operation>
                              <operation source="field"
                                         to="temp.IntertribalNS ref Training Type/output/Error_Message">Error Message</operation>
                              <operation source="field"
                                         to="temp.IntertribalNS ref Training Type/output/TotalTransErrors">Total Transformation Errors</operation>
                              <operation source="field"
                                         to="temp.IntertribalNS ref Training Type/output/FirstErrorCode">First Error Code</operation>
                           </serviceOutput>
                        </service>
                        <events>
                           <catch faultField="temp.IntertribalNS ref Training Type/fault"
                                  id="ky65dg9d"
                                  interrupting="true"
                                  name="error">
                              <suspend/>
                           </catch>
                           <catch faultField="temp.IntertribalNS ref Training Type/fault"
                                  id="ky65dg9e"
                                  interrupting="true"
                                  name="warning"/>
                        </events>
                     </eventContainer>
                     <link id="ky65dfw5" targetId="kw3uglkg" type="containerLink"/>
                  </flow>
                  <link id="kw3uglkj" targetId="kw3uglkk" type="containerLink"/>
                  <link id="kw3uglkm" targetId="kw3uglkn" type="containerLink"/>
                  <link id="kw3ugll1" targetId="kw3ugll2" type="containerLink"/>
                  <link id="kw3ugllb" targetId="kw3ugllc" type="containerLink"/>
                  <link id="ky65dfv6" targetId="ky65dfv7" type="containerLink"/>
                  <link id="ky65dfvm" targetId="ky65dfvn" type="containerLink"/>
                  <link id="ky65dfw3" targetId="ky65dfw4" type="containerLink"/>
                  <link id="kw3uglki" targetId="c"/>
               </container>
               <end id="c"/>
            </flow>
            <dependencies>
               <processObject xmlns="http://schemas.active-endpoints.com/appmodules/screenflow/2011/06/avosHostEnvironment.xsd"
                              displayName="mt-TSdecom-IntertribalNS-Applications"
                              isByCopy="true"
                              name="mt-TSdecom-IntertribalNS-Applications">
                  <description/>
                  <tags/>
                  <detail>
                     <field label="Input Parameters"
                            name="input"
                            nullable="true"
                            required="false"
                            type="reference"/>
                     <field label="TaskProperties Parameters"
                            name="taskProperties"
                            nullable="true"
                            required="false"
                            type="reference"/>
                     <field label="Output Parameters"
                            name="output"
                            nullable="true"
                            required="false"
                            type="reference"/>
                     <field label="Fault"
                            name="fault"
                            nullable="true"
                            required="false"
                            type="reference"/>
                  </detail>
               </processObject>
               <processObject xmlns="http://schemas.active-endpoints.com/appmodules/screenflow/2011/06/avosHostEnvironment.xsd"
                              displayName="mt-TSdecom-IntertribalNS-Assessments"
                              isByCopy="true"
                              name="mt-TSdecom-IntertribalNS-Assessments">
                  <description/>
                  <tags/>
                  <detail>
                     <field label="Input Parameters"
                            name="input"
                            nullable="true"
                            required="false"
                            type="reference"/>
                     <field label="TaskProperties Parameters"
                            name="taskProperties"
                            nullable="true"
                            required="false"
                            type="reference"/>
                     <field label="Output Parameters"
                            name="output"
                            nullable="true"
                            required="false"
                            type="reference"/>
                     <field label="Fault"
                            name="fault"
                            nullable="true"
                            required="false"
                            type="reference"/>
                  </detail>
               </processObject>
               <processObject xmlns="http://schemas.active-endpoints.com/appmodules/screenflow/2011/06/avosHostEnvironment.xsd"
                              displayName="mt-TSdecom-IntertribalNS-Cards"
                              isByCopy="true"
                              name="mt-TSdecom-IntertribalNS-Cards">
                  <description/>
                  <tags/>
                  <detail>
                     <field label="Input Parameters"
                            name="input"
                            nullable="true"
                            required="false"
                            type="reference"/>
                     <field label="TaskProperties Parameters"
                            name="taskProperties"
                            nullable="true"
                            required="false"
                            type="reference"/>
                     <field label="Output Parameters"
                            name="output"
                            nullable="true"
                            required="false"
                            type="reference"/>
                     <field label="Fault"
                            name="fault"
                            nullable="true"
                            required="false"
                            type="reference"/>
                  </detail>
               </processObject>
               <processObject xmlns="http://schemas.active-endpoints.com/appmodules/screenflow/2011/06/avosHostEnvironment.xsd"
                              displayName="mt-TSdecom-IntertribalNS-Payments"
                              isByCopy="true"
                              name="mt-TSdecom-IntertribalNS-Payments">
                  <description/>
                  <tags/>
                  <detail>
                     <field label="Input Parameters"
                            name="input"
                            nullable="true"
                            required="false"
                            type="reference"/>
                     <field label="TaskProperties Parameters"
                            name="taskProperties"
                            nullable="true"
                            required="false"
                            type="reference"/>
                     <field label="Output Parameters"
                            name="output"
                            nullable="true"
                            required="false"
                            type="reference"/>
                     <field label="Fault"
                            name="fault"
                            nullable="true"
                            required="false"
                            type="reference"/>
                  </detail>
               </processObject>
               <processObject xmlns="http://schemas.active-endpoints.com/appmodules/screenflow/2011/06/avosHostEnvironment.xsd"
                              displayName="mt-TSdecom-IntertribalNS-refApplicationStatus"
                              isByCopy="true"
                              name="mt-TSdecom-IntertribalNS-refApplicationStatus">
                  <description/>
                  <tags/>
                  <detail>
                     <field label="Input Parameters"
                            name="input"
                            nullable="true"
                            required="false"
                            type="reference"/>
                     <field label="TaskProperties Parameters"
                            name="taskProperties"
                            nullable="true"
                            required="false"
                            type="reference"/>
                     <field label="Output Parameters"
                            name="output"
                            nullable="true"
                            required="false"
                            type="reference"/>
                     <field label="Fault"
                            name="fault"
                            nullable="true"
                            required="false"
                            type="reference"/>
                  </detail>
               </processObject>
               <processObject xmlns="http://schemas.active-endpoints.com/appmodules/screenflow/2011/06/avosHostEnvironment.xsd"
                              displayName="mt-TSdecom-IntertribalNS-refAssessmentTypes"
                              isByCopy="true"
                              name="mt-TSdecom-IntertribalNS-refAssessmentTypes">
                  <description/>
                  <tags/>
                  <detail>
                     <field label="Input Parameters"
                            name="input"
                            nullable="true"
                            required="false"
                            type="reference"/>
                     <field label="TaskProperties Parameters"
                            name="taskProperties"
                            nullable="true"
                            required="false"
                            type="reference"/>
                     <field label="Output Parameters"
                            name="output"
                            nullable="true"
                            required="false"
                            type="reference"/>
                     <field label="Fault"
                            name="fault"
                            nullable="true"
                            required="false"
                            type="reference"/>
                  </detail>
               </processObject>
               <processObject xmlns="http://schemas.active-endpoints.com/appmodules/screenflow/2011/06/avosHostEnvironment.xsd"
                              displayName="mt-TSdecom-IntertribalNS-refCardStatus"
                              isByCopy="true"
                              name="mt-TSdecom-IntertribalNS-refCardStatus">
                  <description/>
                  <tags/>
                  <detail>
                     <field label="Input Parameters"
                            name="input"
                            nullable="true"
                            required="false"
                            type="reference"/>
                     <field label="TaskProperties Parameters"
                            name="taskProperties"
                            nullable="true"
                            required="false"
                            type="reference"/>
                     <field label="Output Parameters"
                            name="output"
                            nullable="true"
                            required="false"
                            type="reference"/>
                     <field label="Fault"
                            name="fault"
                            nullable="true"
                            required="false"
                            type="reference"/>
                  </detail>
               </processObject>
               <processObject xmlns="http://schemas.active-endpoints.com/appmodules/screenflow/2011/06/avosHostEnvironment.xsd"
                              displayName="mt-TSdecom-IntertribalNS-refHouseholdTypes"
                              isByCopy="true"
                              name="mt-TSdecom-IntertribalNS-refHouseholdTypes">
                  <description/>
                  <tags/>
                  <detail>
                     <field label="Input Parameters"
                            name="input"
                            nullable="true"
                            required="false"
                            type="reference"/>
                     <field label="TaskProperties Parameters"
                            name="taskProperties"
                            nullable="true"
                            required="false"
                            type="reference"/>
                     <field label="Output Parameters"
                            name="output"
                            nullable="true"
                            required="false"
                            type="reference"/>
                     <field label="Fault"
                            name="fault"
                            nullable="true"
                            required="false"
                            type="reference"/>
                  </detail>
               </processObject>
               <processObject xmlns="http://schemas.active-endpoints.com/appmodules/screenflow/2011/06/avosHostEnvironment.xsd"
                              displayName="mt-TSdecom-IntertribalNS-Individuals"
                              isByCopy="true"
                              name="mt-TSdecom-IntertribalNS-Individuals">
                  <description/>
                  <tags/>
                  <detail>
                     <field label="Input Parameters"
                            name="input"
                            nullable="true"
                            required="false"
                            type="reference"/>
                     <field label="TaskProperties Parameters"
                            name="taskProperties"
                            nullable="true"
                            required="false"
                            type="reference"/>
                     <field label="Output Parameters"
                            name="output"
                            nullable="true"
                            required="false"
                            type="reference"/>
                     <field label="Fault"
                            name="fault"
                            nullable="true"
                            required="false"
                            type="reference"/>
                  </detail>
               </processObject>
               <processObject xmlns="http://schemas.active-endpoints.com/appmodules/screenflow/2011/06/avosHostEnvironment.xsd"
                              displayName="mt-TSdecom-IntertribalNS-Sanctions"
                              isByCopy="true"
                              name="mt-TSdecom-IntertribalNS-Sanctions">
                  <description/>
                  <tags/>
                  <detail>
                     <field label="Input Parameters"
                            name="input"
                            nullable="true"
                            required="false"
                            type="reference"/>
                     <field label="TaskProperties Parameters"
                            name="taskProperties"
                            nullable="true"
                            required="false"
                            type="reference"/>
                     <field label="Output Parameters"
                            name="output"
                            nullable="true"
                            required="false"
                            type="reference"/>
                     <field label="Fault"
                            name="fault"
                            nullable="true"
                            required="false"
                            type="reference"/>
                  </detail>
               </processObject>
               <processObject xmlns="http://schemas.active-endpoints.com/appmodules/screenflow/2011/06/avosHostEnvironment.xsd"
                              displayName="mt-TSdecom-IntertribalNS-Training"
                              isByCopy="true"
                              name="mt-TSdecom-IntertribalNS-Training">
                  <description/>
                  <tags/>
                  <detail>
                     <field label="Input Parameters"
                            name="input"
                            nullable="true"
                            required="false"
                            type="reference"/>
                     <field label="TaskProperties Parameters"
                            name="taskProperties"
                            nullable="true"
                            required="false"
                            type="reference"/>
                     <field label="Output Parameters"
                            name="output"
                            nullable="true"
                            required="false"
                            type="reference"/>
                     <field label="Fault"
                            name="fault"
                            nullable="true"
                            required="false"
                            type="reference"/>
                  </detail>
               </processObject>
               <processObject xmlns="http://schemas.active-endpoints.com/appmodules/screenflow/2011/06/avosHostEnvironment.xsd"
                              displayName="mt-TSdecom-IntertribalNS-refHouseholdStatus"
                              isByCopy="true"
                              name="mt-TSdecom-IntertribalNS-refHouseholdStatus">
                  <description/>
                  <tags/>
                  <detail>
                     <field label="Input Parameters"
                            name="input"
                            nullable="true"
                            required="false"
                            type="reference"/>
                     <field label="TaskProperties Parameters"
                            name="taskProperties"
                            nullable="true"
                            required="false"
                            type="reference"/>
                     <field label="Output Parameters"
                            name="output"
                            nullable="true"
                            required="false"
                            type="reference"/>
                     <field label="Fault"
                            name="fault"
                            nullable="true"
                            required="false"
                            type="reference"/>
                  </detail>
               </processObject>
               <processObject xmlns="http://schemas.active-endpoints.com/appmodules/screenflow/2011/06/avosHostEnvironment.xsd"
                              displayName="mt-TSdecom-IntertribalNS-refSanctionType"
                              isByCopy="true"
                              name="mt-TSdecom-IntertribalNS-refSanctionType">
                  <description/>
                  <tags/>
                  <detail>
                     <field label="Input Parameters"
                            name="input"
                            nullable="true"
                            required="false"
                            type="reference"/>
                     <field label="TaskProperties Parameters"
                            name="taskProperties"
                            nullable="true"
                            required="false"
                            type="reference"/>
                     <field label="Output Parameters"
                            name="output"
                            nullable="true"
                            required="false"
                            type="reference"/>
                     <field label="Fault"
                            name="fault"
                            nullable="true"
                            required="false"
                            type="reference"/>
                  </detail>
               </processObject>
               <processObject xmlns="http://schemas.active-endpoints.com/appmodules/screenflow/2011/06/avosHostEnvironment.xsd"
                              displayName="mt-TSdecom-IntertribalNS-refTrainingType"
                              isByCopy="true"
                              name="mt-TSdecom-IntertribalNS-refTrainingType">
                  <description/>
                  <tags/>
                  <detail>
                     <field label="Input Parameters"
                            name="input"
                            nullable="true"
                            required="false"
                            type="reference"/>
                     <field label="TaskProperties Parameters"
                            name="taskProperties"
                            nullable="true"
                            required="false"
                            type="reference"/>
                     <field label="Output Parameters"
                            name="output"
                            nullable="true"
                            required="false"
                            type="reference"/>
                     <field label="Fault"
                            name="fault"
                            nullable="true"
                            required="false"
                            type="reference"/>
                  </detail>
               </processObject>
            </dependencies>
         </taskflow>
      </types1:Entry>
      <types1:GUID>86fKaXN6kSyhHpC6muyyk3</types1:GUID>
      <types1:DisplayName>tf_Tsdecom_IntertribalNS</types1:DisplayName>
   </types1:Item>
   <types1:CurrentServerDateTime>2022-01-20T16:50:22.331Z</types1:CurrentServerDateTime>
</aetgt:getResponse>
