[{"@type":"mappingTemplate","id":"@1","name":"m_dynamicFileName - Copy 1","description":"","bundleVersion":"0","templateId":"@3","deployTime":1652388558000,"hasParameters":false,"valid":true,"fixedConnection":true,"hasParametersDeployed":false,"fixedConnectionDeployed":true,"isSchemaValidationEnabled":false,"tasks":0,"mappingPreviewFileRecordId":"@2","documentType":"MAPPING","references":[{"@type":"reference","refObjectId":"@1PPpBC0LMxrj6mxb1PVjUG","refType":"connection"},{"@type":"reference","refObjectId":"@gtv63Xrsg4ad5MRMlwM9Q7","refType":"connection"}]}]