[{"@type":"mtTask","id":"@1","name":"mt_TSdecom_IntertribalCM_Reintegration_Placements","description":"ETL for IntertribalCM_Reintegration_Placements data into Data Staging","runtimeEnvironmentId":"@4IsouZ5mpJogFPV5Gqe8Gg","maxLogs":10,"verbose":false,"mappingId":"@1n0T2lVMS16jkn0KcCTRgZ","shortDescription":"ETL for IntertribalCM_Reintegration_Placements dat...","sessionPropertiesList":[{"name":"Allow Temporary Sequence for Pushdown","value":"NO","recommended":false},{"name":"Allow Temporary View for Pushdown","value":"NO","recommended":false},{"name":"Error Log File Directory","value":"D:\\IICS_Logs\\Government\\","recommended":false},{"name":"Pushdown Optimization","value":"None","recommended":false},{"name":"Session Log File directory","value":"D:\\IICS_Logs\\Government\\","recommended":false}],"enableCrossSchemaPushdown":true,"enableParallelRun":false,"autoTunedApplied":false,"autoTunedAppliedType":"NONE","parameterFileName":"ParmFile_IntertribalCM.txt","parameterFileDir":"D:\\ParmFile\\Government\\","paramFileType":"PARAM_FILE_LOCAL","schemaMode":"async","parameterFileEncoding":"UTF-8","serverlessProperties":{},"taskProperties":[{"@type":"taskProperty","name":"parameterFileDir","currentValue":"D:\\ParmFile\\Government\\","type":"STRING","label":"label.parameterFileDir","required":false},{"@type":"taskProperty","name":"parameterFileName","currentValue":"ParmFile_IntertribalCM.txt","type":"STRING","label":"label.parameterFileName","required":false}],"parameters":[{"@type":"mtTaskParameter","id":6446952,"name":"$IntertribalCM_reIntegration_Placements$","type":"EXTENDED_SOURCE","label":"source connection (prm_src_connection)","description":"","uiProperties":{"cnxtype":"SqlServer","connDefault":"SQL_VIZDEVDB1_IntertribalCM_Reintegration","connectionParameterized":"true","logcnx":"prm_src_connection","isMsrcFilterParameterized":"false","isMsrcSortParameterized":"false","objectParameterized":"false","visible":"false"},"sourceConnectionId":"@asB1WYYNa70kp5bBA4CQeW","newFlatFile":false,"newObject":false,"showBusinessNames":true,"naturalOrder":true,"truncateTarget":false,"bulkApiDBTarget":false,"customFuncCfg":{"@type":"customFuncConfig","id":-1,"connections":[],"inputMap":[],"outputFields":[]},"tgtFieldRefs":{},"targetUpdateColumns":[],"extendedObject":{"@type":"extendedObject","object":{"@type":"mObject","name":"Placements","label":"Placements","metadataUpdated":false,"relations":[],"children":[]},"objects":[{"@type":"mObject","name":"Placements","label":"Placements","metadataUpdated":false,"relations":[],"children":[]}],"filters":[],"sortFields":[]},"runtimeAttrs":{},"isRESTModernSource":true,"isFileList":false,"handleSpecialChars":false,"frsAsset":false,"dynamicFileName":false,"currentlyProcessedFileName":false,"fetchMode":"ORIGINAL","tgtObjectAttributes":{},"runtimeParameterData":{"@type":"mtTaskRuntimeParameterData","isConnectionRuntimeParameter":false,"isObjectRuntimeParameter":false,"connectionParameterName":"prm_src_connection"},"overriddenFields":[]},{"@type":"mtTaskParameter","id":6446953,"name":"$DataStaging_IntertribalCM_reIntegration_Placements$","type":"TARGET","label":"target connection (prm_target_connection)","description":"","uiProperties":{"cnxtype":"SqlServer","connDefault":"SQL_VIZDEVDB1_DataStaging","connectionParameterized":"true","logcnx":"prm_target_connection","default":"IntertribalCM_Reintegration_Placements","objectParameterized":"false","visible":"false","defaultTargetUpdateColumns":"","supportApplyDDLChanges":"false"},"targetConnectionId":"@3Lx700AKXw8gHbfSWmyU8V","targetObject":"IntertribalCM_Reintegration_Placements","targetObjectLabel":"IntertribalCM_Reintegration_Placements","newFlatFile":false,"newObject":false,"showBusinessNames":true,"naturalOrder":true,"truncateTarget":true,"bulkApiDBTarget":false,"operationType":"Insert","customFuncCfg":{"@type":"customFuncConfig","id":-1,"connections":[],"inputMap":[],"outputFields":[]},"tgtFieldRefs":{},"targetUpdateColumns":[],"extendedObject":{"@type":"extendedObject","filters":[],"sortFields":[]},"runtimeAttrs":{},"isRESTModernSource":true,"isFileList":false,"handleSpecialChars":false,"frsAsset":false,"dynamicFileName":false,"currentlyProcessedFileName":false,"objectName":"IntertribalCM_Reintegration_Placements","objectLabel":"IntertribalCM_Reintegration_Placements","fetchMode":"ORIGINAL","tgtObjectAttributes":{},"runtimeParameterData":{"@type":"mtTaskRuntimeParameterData","isConnectionRuntimeParameter":true,"isObjectRuntimeParameter":false,"connectionParameterName":"prm_target_connection"},"overriddenFields":[]}],"sequences":[],"inOutParameters":[],"connRuntimeAttrs":[]}]