[{"@type":"mappingTemplate","id":"@1","name":"m_sfdc_demo-Advanced","description":"","bundleVersion":"0","templateId":"@3","deployTime":1678292520000,"hasParameters":false,"valid":true,"fixedConnection":true,"hasParametersDeployed":false,"fixedConnectionDeployed":true,"isSchemaValidationEnabled":false,"tasks":0,"mappingPreviewFileRecordId":"@2","documentType":"AT_SCALE_MAPPING","references":[{"@type":"reference","refObjectId":"@0NrXXUCV3cJiZO7TmGbiyw","refType":"connection"},{"@type":"reference","refObjectId":"@6PBF1WoLURrlROwHC3qB20","refType":"connection"}]}]