[{"@type":"drsTask","id":"@1","name":"Replication Task2","maxLogs":10,"sourceConnectionId":"@1PLiSc5GA6oge4Ya9e0Kq3","targetConnectionId":"@1PLiSc5GA6oge4Ya9e0Kq3","tablePrefix":"SF_","verbose":false,"fullRefresh":true,"replicateAllObjects":false,"removeDeleted":true,"queryAll":false,"srcShowLabels":false,"maxRows":0,"stopOnError":true,"replicationObjects":["ETL_BRANCH_INFO"],"excludedReplicationObjects":[],"majorUpdateTime":1689111854000,"metadataMode":0,"bulkApi":false,"base64BodySize":0.0,"commitInterval":10000,"bulkApiDBTarget":false,"fieldExclusions":[],"filters":[],"advancedFilters":[]}]