[{"@type":"mappingTemplate","id":"@1","name":"m_DemoTFP","description":"","bundleVersion":"0","templateId":"@3","deployTime":1694116468000,"hasParameters":false,"valid":true,"fixedConnection":true,"hasParametersDeployed":false,"fixedConnectionDeployed":true,"isSchemaValidationEnabled":false,"tasks":1,"mappingPreviewFileRecordId":"@2","documentType":"MAPPING","references":[{"@type":"reference","refObjectId":"@aweSmRuAdHJejl4Dkeso4i","refType":"connection"},{"@type":"reference","refObjectId":"@1PLiSc5GA6oge4Ya9e0Kq3","refType":"connection"}]}]