[{"@type":"mappingTemplate","id":"@1","name":"m_populate_FF","description":"","bundleVersion":"0","templateId":"@3","deployTime":1656536606000,"hasParameters":false,"valid":true,"fixedConnection":true,"hasParametersDeployed":false,"fixedConnectionDeployed":true,"isSchemaValidationEnabled":false,"tasks":0,"mappingPreviewFileRecordId":"@2","documentType":"MAPPING","references":[{"@type":"reference","refObjectId":"@8ZxWcBOxwE4i45Z2AEA8SL","refType":"connection"},{"@type":"reference","refObjectId":"@1PPpBC0LMxrj6mxb1PVjUG","refType":"connection"}]}]