[{"@type":"mappingTemplate","id":"@1","name":"Mapping31","description":"","bundleVersion":"0","templateId":"@3","hasParameters":false,"valid":false,"fixedConnection":true,"hasParametersDeployed":false,"fixedConnectionDeployed":false,"isSchemaValidationEnabled":false,"tasks":0,"mappingPreviewFileRecordId":"@2","documentType":"ECOSYSTEM_MAPPING","ecoSystem":"com.informatica.adapter.databricksdelta","references":[{"@type":"reference","refObjectId":"@704yS52mkKVkLnHbTqTRgF","refType":"connection"}]}]