[{"@type":"mappingTemplate","id":"@1","name":"SF_Errors","description":"","bundleVersion":"0","templateId":"@3","deployTime":1634077900000,"hasParameters":false,"valid":true,"fixedConnection":true,"hasParametersDeployed":false,"fixedConnectionDeployed":true,"tasks":1,"mappingPreviewFileRecordId":"@2","documentType":"MAPPING","references":[{"@type":"reference","refObjectId":"@2MWo1Q5VppFjl9D7UbMGy8","refType":"connection"},{"@type":"reference","refObjectId":"@lvMoendpumRfm3jkbOPOkZ","refType":"connection"}]}]