[{"@type":"mtTask","id":"@1","name":"DB_ErrorHandling_Task","description":"","runtimeEnvironmentId":"@0Ks4S1oI3awlsbGmqdCak7","maxLogs":10,"verbose":false,"lastRunTime":1631553268000,"mappingId":"@5IFB3KMrZ4tgIUcSjcIAEL","frsGuid":"6CqLDVQmw75bS9gAhAGnen","shortDescription":"","sessionPropertiesList":[{"name":"Allow Temporary Sequence for Pushdown","value":"NO","recommended":false},{"name":"Allow Temporary View for Pushdown","value":"NO","recommended":false},{"name":"Error Log Type","value":"Flat File","recommended":false},{"name":"Pushdown Optimization","value":"None","recommended":false}],"hidden":false,"enableCrossSchemaPushdown":true,"enableParallelRun":false,"autoTunedApplied":false,"autoTunedAppliedType":"NONE","paramFileType":"PARAM_FILE_LOCAL","schemaMode":"async","valid":true,"schemaValidationErrorCount":-1,"parameterFileEncoding":"UTF-8","serverlessProperties":{},"taskProperties":[{"@type":"taskProperty","name":"parameterFileDir","currentValue":"","type":"STRING","label":"label.parameterFileDir","required":false},{"@type":"taskProperty","name":"parameterFileName","currentValue":"","type":"STRING","label":"label.parameterFileName","required":false},{"@type":"taskProperty","name":"outboundMessageUrlQueueTime","currentValue":"","type":"NUMBER","label":"label.outboundMessageUrlQueueTime","required":false},{"@type":"taskProperty","name":"outboundMessageUrlToken","currentValue":"","type":"STRING","label":"label.outboundMessageUrlToken","required":false}],"isMidstreamPreview":false,"parameters":[{"@type":"mtTaskParameter","id":3393240,"name":"$Source$","type":"EXTENDED_SOURCE","label":"P_Src_connection","description":"","uiProperties":{"connectionParameterized":"true","paramName":"P_Src_connection","paramLabel":"","paramType-mapping":"Connection","logcnx":"P_Src_connection","isSelectDistinct":"false","isMsrcFilterParameterized":"false","isMsrcSortParameterized":"false","objlabel":"P_Src_Object","origobjlabel":"","objectParameterized":"true","objDesc":"","objectParamName":"P_Src_Object","objectParamType-mapping":"DataObject","originalPath":"Source"},"sourceConnectionId":"@2peIyF6BO2xbrd2goQsHit","newFlatFile":false,"newObject":false,"showBusinessNames":true,"naturalOrder":true,"truncateTarget":false,"bulkApiDBTarget":false,"customFuncCfg":{"@type":"customFuncConfig","id":-1,"connections":[],"inputMap":[],"outputFields":[]},"targetRefsV2":{},"targetUpdateColumns":[],"extendedObject":{"@type":"extendedObject","object":{"@type":"mObject","name":"Error Handling.csv","label":"Error Handling.csv","metadataUpdated":false,"relations":[],"children":[]},"singleMode":true,"objects":[{"@type":"mObject","name":"Error Handling.csv","label":"Error Handling.csv","metadataUpdated":false,"relations":[],"children":[]}],"filters":[],"sortFields":[]},"runtimeAttrs":{},"isRESTModernSource":true,"isFileList":false,"handleSpecialChars":false,"handleDecimalRoundOff":false,"frsAsset":false,"dynamicFileName":false,"excludeDynamicFileNameField":false,"currentlyProcessedFileName":false,"retainFieldMetadata":false,"useExactSrcNames":false,"tgtObjectAttributes":{},"runtimeParameterData":{"@type":"mtTaskRuntimeParameterData","isConnectionRuntimeParameter":false,"isObjectRuntimeParameter":false,"connectionParameterName":"P_Src_connection","objectParameterName":"P_Src_Object"},"overridableProperties":[{"@type":"overridableProperty","id":"defaultPrecision","labelKey":"Source_defaultPrecision","type":"integer","hidden":false,"required":false,"defaultValue":"","renderingHints":{}},{"@type":"overridableProperty","id":"defaultScale","labelKey":"Source_defaultScale","type":"integer","hidden":false,"required":false,"defaultValue":"","renderingHints":{}},{"@type":"overridableProperty","id":"defaultNativeDataType","labelKey":"Source_defaultNativeDataType","type":"string","hidden":false,"required":false,"defaultValue":"","renderingHints":{}}],"overriddenFields":[]},{"@type":"mtTaskParameter","id":3393241,"name":"$Tgt_Invalid$","type":"TARGET","label":"P_Tgt_Connection_Invalid","description":"","uiProperties":{"connectionParameterized":"true","paramName":"P_Tgt_Connection_Invalid","paramLabel":"","paramType-mapping":"Connection","logcnx":"P_Tgt_Connection_Invalid","objlabel":"P_Tgt_Invalid_Object","origobjlabel":"","objectParameterized":"true","objDesc":"","objectParamName":"P_Tgt_Invalid_Object","objectParamType-mapping":"DataObject","defaultTargetUpdateColumns":"","fieldMappingParameterized":"true","supportApplyDDLChanges":"false","originalPath":"Tgt_Invalid"},"targetConnectionId":"@2peIyF6BO2xbrd2goQsHit","targetObject":"Invalid_Data.csv","targetObjectLabel":"Invalid_Data.csv","newFlatFile":false,"newObject":false,"showBusinessNames":true,"naturalOrder":true,"truncateTarget":false,"bulkApiDBTarget":false,"operationType":"Insert","customFuncCfg":{"@type":"customFuncConfig","id":-1,"connections":[],"inputMap":[],"outputFields":[]},"targetRefsV2":{},"targetUpdateColumns":[],"extendedObject":{"@type":"extendedObject","singleMode":true,"filters":[],"sortFields":[]},"runtimeAttrs":{},"isRESTModernSource":true,"isFileList":false,"handleSpecialChars":false,"handleDecimalRoundOff":false,"frsAsset":false,"dynamicFileName":false,"excludeDynamicFileNameField":false,"currentlyProcessedFileName":false,"retainFieldMetadata":false,"objectName":"Invalid_Data.csv","objectLabel":"Invalid_Data.csv","useExactSrcNames":false,"tgtObjectAttributes":{},"runtimeParameterData":{"@type":"mtTaskRuntimeParameterData","isConnectionRuntimeParameter":false,"isObjectRuntimeParameter":false,"connectionParameterName":"P_Tgt_Connection_Invalid","objectParameterName":"P_Tgt_Invalid_Object"},"overridableProperties":[],"overriddenFields":[]},{"@type":"mtTaskParameter","id":3393242,"name":"$Tgt_Valid$","type":"TARGET","label":"P_Tgt_Connection_Valid","description":"","uiProperties":{"connectionParameterized":"true","paramName":"P_Tgt_Connection_Valid","paramLabel":"","paramType-mapping":"Connection","logcnx":"P_Tgt_Connection_Valid","objlabel":"P_Tgt_Object_Valid","origobjlabel":"","objectParameterized":"true","objDesc":"","objectParamName":"P_Tgt_Object_Valid","objectParamType-mapping":"DataObject","defaultTargetUpdateColumns":"","fieldMappingParameterized":"true","supportApplyDDLChanges":"false","originalPath":"Tgt_Valid"},"targetConnectionId":"@2peIyF6BO2xbrd2goQsHit","targetObject":"Valid_Data.csv","targetObjectLabel":"Valid_Data.csv","newFlatFile":false,"newObject":false,"showBusinessNames":true,"naturalOrder":true,"truncateTarget":false,"bulkApiDBTarget":false,"operationType":"Insert","customFuncCfg":{"@type":"customFuncConfig","id":-1,"connections":[],"inputMap":[],"outputFields":[]},"targetRefsV2":{},"targetUpdateColumns":[],"extendedObject":{"@type":"extendedObject","singleMode":true,"filters":[],"sortFields":[]},"runtimeAttrs":{},"isRESTModernSource":true,"isFileList":false,"handleSpecialChars":false,"handleDecimalRoundOff":false,"frsAsset":false,"dynamicFileName":false,"excludeDynamicFileNameField":false,"currentlyProcessedFileName":false,"retainFieldMetadata":false,"objectName":"Valid_Data.csv","objectLabel":"Valid_Data.csv","useExactSrcNames":false,"tgtObjectAttributes":{},"runtimeParameterData":{"@type":"mtTaskRuntimeParameterData","isConnectionRuntimeParameter":false,"isObjectRuntimeParameter":false,"connectionParameterName":"P_Tgt_Connection_Valid","objectParameterName":"P_Tgt_Object_Valid"},"overridableProperties":[],"overriddenFields":[]},{"@type":"mtTaskParameter","id":3393243,"name":"$P_Field_Map_Invalid$","type":"STRING","text":"nstring (255, 0) BillingSystemId=BillingSystemId;nstring (255, 0) First_Name=First_Name;nstring (255, 0) Last_Name=Last_Name;nstring (255, 0) Title=Title;nstring (255, 0) Mailing_street=Mailing_street;nstring (255, 0) Mailing_city=Mailing_city;nstring (255, 0) Mailing_state=Mailing_state;nstring (255, 0) Mailing_zip=Mailing_zip;nstring (255, 0) Mailing_country=Mailing_country;nstring (255, 0) Phone=Phone;nstring (255, 0) Mobile=Mobile;nstring (255, 0) email_ports=email_ports;nstring (255, 0) Account_Name=Account_Name;nstring (255, 0) date_ports=date_ports;nstring (255, 0) Salary=Salary;","label":"P_Field_Map_Invalid","description":"","uiProperties":{"paramName":"P_Field_Map_Invalid","paramLabel":"","paramType-mapping":"FieldMapping","paramtype":"Fieldmap","supressFieldmappingSuffix":"true","lefttitle":"Incoming Fields","righttitle":"Target Fields","isPwxMultiGroupFieldMapping":"false","objlabel":"Target Field Group:","originalPath":"Tgt_Invalid"},"newFlatFile":false,"newObject":false,"showBusinessNames":true,"naturalOrder":true,"truncateTarget":false,"bulkApiDBTarget":false,"customFuncCfg":{"@type":"customFuncConfig","id":-1,"connections":[],"inputMap":[],"outputFields":[]},"targetRefsV2":{},"targetUpdateColumns":[],"runtimeAttrs":{},"isRESTModernSource":true,"isFileList":false,"handleSpecialChars":false,"handleDecimalRoundOff":false,"frsAsset":false,"dynamicFileName":false,"excludeDynamicFileNameField":false,"currentlyProcessedFileName":false,"retainFieldMetadata":false,"useExactSrcNames":false,"tgtObjectAttributes":{},"runtimeParameterData":{"@type":"mtTaskRuntimeParameterData","isConnectionRuntimeParameter":false,"isObjectRuntimeParameter":false},"overridableProperties":[],"overriddenFields":[]},{"@type":"mtTaskParameter","id":3393244,"name":"$P_Field_Map_Valid$","type":"STRING","text":"nstring (255, 0) BillingSystemId=BillingSystemId;nstring (255, 0) First_Name=First_Name;nstring (255, 0) Last_Name=Last_Name;nstring (255, 0) Title=Title;nstring (255, 0) Mailing_street=Mailing_street;nstring (255, 0) Mailing_city=Mailing_city;nstring (255, 0) Mailing_state=Mailing_state;nstring (255, 0) Mailing_zip=Mailing_zip;nstring (255, 0) Mailing_country=Mailing_country;nstring (255, 0) Phone=Phone;nstring (255, 0) Mobile=Mobile;nstring (255, 0) email_ports=email_ports;nstring (255, 0) Account_Name=Account_Name;nstring (255, 0) date_ports=date_ports;nstring (255, 0) Salary=Salary;","label":"P_Field_Map_Valid","description":"","uiProperties":{"paramName":"P_Field_Map_Valid","paramLabel":"","paramType-mapping":"FieldMapping","paramtype":"Fieldmap","supressFieldmappingSuffix":"true","lefttitle":"Incoming Fields","righttitle":"Target Fields","isPwxMultiGroupFieldMapping":"false","objlabel":"Target Field Group:","originalPath":"Tgt_Valid"},"newFlatFile":false,"newObject":false,"showBusinessNames":true,"naturalOrder":true,"truncateTarget":false,"bulkApiDBTarget":false,"customFuncCfg":{"@type":"customFuncConfig","id":-1,"connections":[],"inputMap":[],"outputFields":[]},"targetRefsV2":{},"targetUpdateColumns":[],"runtimeAttrs":{},"isRESTModernSource":true,"isFileList":false,"handleSpecialChars":false,"handleDecimalRoundOff":false,"frsAsset":false,"dynamicFileName":false,"excludeDynamicFileNameField":false,"currentlyProcessedFileName":false,"retainFieldMetadata":false,"useExactSrcNames":false,"tgtObjectAttributes":{},"runtimeParameterData":{"@type":"mtTaskRuntimeParameterData","isConnectionRuntimeParameter":false,"isObjectRuntimeParameter":false},"overridableProperties":[],"overriddenFields":[]},{"@type":"mtTaskParameter","id":3393245,"name":"$P_Valid_Exp$","type":"STRING","text":"IIF(ISNULL(Salary) ,1, 0)","label":"P_Valid_Exp","description":"","uiProperties":{"paramName":"P_Valid_Exp","paramLabel":"","paramType-mapping":"Expression","paramtype":"Expression","aggregate":"false","varFuncExpr":"true","udf":"true","originalPath":"Exp_Validation"},"newFlatFile":false,"newObject":false,"showBusinessNames":true,"naturalOrder":true,"truncateTarget":false,"bulkApiDBTarget":false,"customFuncCfg":{"@type":"customFuncConfig","id":-1,"connections":[],"inputMap":[],"outputFields":[]},"targetRefsV2":{},"targetUpdateColumns":[],"runtimeAttrs":{},"isRESTModernSource":true,"isFileList":false,"handleSpecialChars":false,"handleDecimalRoundOff":false,"frsAsset":false,"dynamicFileName":false,"excludeDynamicFileNameField":false,"currentlyProcessedFileName":false,"retainFieldMetadata":false,"useExactSrcNames":false,"tgtObjectAttributes":{},"runtimeParameterData":{"@type":"mtTaskRuntimeParameterData","isConnectionRuntimeParameter":false,"isObjectRuntimeParameter":false},"overridableProperties":[],"overriddenFields":[]}],"sequences":[],"inOutParameters":[],"connRuntimeAttrs":[]}]