{
  "objectInfo" : {
    "id" : "kl6V19iQRmpg8tsSx0bwYP",
    "name" : "tf_TSdecom_tTELI",
    "type" : "TASKFLOW",
    "metadata" : {
      "modelVersion" : {
        "major" : 1,
        "minor" : 0
      },
      "repoInfo" : {
        "repoHandle" : "FDkSSHCwkNmumf6-gt-4133825-2022-02-08T19:46:03.351Z::tf.xml"
      },
      "contextAttributes" : null,
      "additionalInfo" : {
        "description" : "ETLs for updating TELI tables",
        "contentType" : null,
        "documentState" : "VALID"
      }
    }
  },
  "dataFileExtension" : "xml",
  "objectRefs" : [ {
    "id" : "7IVSzTjZTSweMD0x0U6rmR",
    "name" : "mt_TSdecom_Teli_pc_EnrollmentsSource",
    "type" : "MTT",
    "metadata" : {
      "modelVersion" : {
        "major" : 0,
        "minor" : 0
      },
      "repoInfo" : {
        "repoHandle" : "019EVC0Z0000000000AJ"
      },
      "contextAttributes" : null,
      "additionalInfo" : {
        "description" : "ETL for Teli_pc_EnrollmentsSource",
        "contentType" : "JSON",
        "documentState" : "VALID"
      }
    },
    "path" : "/Explore/Government/Completed_Mapping_Tasks"
  }, {
    "id" : "jrlphzg6deEblGgCtQRewA",
    "name" : "mt_TSdecom_Teli_bb_EnrollmentsSource",
    "type" : "MTT",
    "metadata" : {
      "modelVersion" : {
        "major" : 0,
        "minor" : 0
      },
      "repoInfo" : {
        "repoHandle" : "019EVC0Z00000000009F"
      },
      "contextAttributes" : null,
      "additionalInfo" : {
        "description" : "ETL for Teli_bb_EnrollmentsSource",
        "contentType" : "JSON",
        "documentState" : "VALID"
      }
    },
    "path" : "/Explore/Government/Completed_Mapping_Tasks"
  }, {
    "id" : "23Z2IkNe6gag2xwtEehdgW",
    "name" : "mt_TSdecom_TELI_cp_ChildrenSource",
    "type" : "MTT",
    "metadata" : {
      "modelVersion" : {
        "major" : 0,
        "minor" : 0
      },
      "repoInfo" : {
        "repoHandle" : "019EVC0Z0000000000DG"
      },
      "contextAttributes" : null,
      "additionalInfo" : {
        "description" : "ETL for TELI cp ChildrenSource data into Data Staging",
        "contentType" : "JSON",
        "documentState" : "VALID"
      }
    },
    "path" : "/Explore/Government/Completed_Mapping_Tasks"
  }, {
    "id" : "4D9zp3OXNLucyRtOfh26WH",
    "name" : "mt_TSdecom_TELI_cp_AssessmentSource",
    "type" : "MTT",
    "metadata" : {
      "modelVersion" : {
        "major" : 0,
        "minor" : 0
      },
      "repoInfo" : {
        "repoHandle" : "019EVC0Z0000000000DF"
      },
      "contextAttributes" : null,
      "additionalInfo" : {
        "description" : "ETL for TELI cp AssessmentSource data into Data Staging",
        "contentType" : "JSON",
        "documentState" : "VALID"
      }
    },
    "path" : "/Explore/Government/Completed_Mapping_Tasks"
  }, {
    "id" : "3XK7II4sy2wldfeNJwQVU2",
    "name" : "mt_TSdecom_TELI_teli_ScoreTypes",
    "type" : "MTT",
    "metadata" : {
      "modelVersion" : {
        "major" : 0,
        "minor" : 0
      },
      "repoInfo" : {
        "repoHandle" : "019EVC0Z0000000000DK"
      },
      "contextAttributes" : null,
      "additionalInfo" : {
        "description" : "ETL for TELI teli ScoreTypesdata into Data Staging",
        "contentType" : "JSON",
        "documentState" : "VALID"
      }
    },
    "path" : "/Explore/Government/Completed_Mapping_Tasks"
  }, {
    "id" : "2bpYJtZ3gsKeo1lOaRrBEv",
    "name" : "mt_TSdecom_TELI_cca_ChildrenSource",
    "type" : "MTT",
    "metadata" : {
      "modelVersion" : {
        "major" : 0,
        "minor" : 0
      },
      "repoInfo" : {
        "repoHandle" : "019EVC0Z0000000000DD"
      },
      "contextAttributes" : null,
      "additionalInfo" : {
        "description" : "ETL for TELI cca ChildrenSource data into Data Staging",
        "contentType" : "JSON",
        "documentState" : "VALID"
      }
    },
    "path" : "/Explore/Government/Completed_Mapping_Tasks"
  }, {
    "id" : "1VLQ8XMNyUqeUZmEpkaQm5",
    "name" : "mt_TSdecom_TELI_bb_AssessmentScoresSource",
    "type" : "MTT",
    "metadata" : {
      "modelVersion" : {
        "major" : 0,
        "minor" : 0
      },
      "repoInfo" : {
        "repoHandle" : "019EVC0Z0000000000DA"
      },
      "contextAttributes" : null,
      "additionalInfo" : {
        "description" : "ETL for TELI bb AssessmentScoresSource data into Data Staging",
        "contentType" : "JSON",
        "documentState" : "VALID"
      }
    },
    "path" : "/Explore/Government/Completed_Mapping_Tasks"
  }, {
    "id" : "kz6M9qvtmOqjaanfoiEScF",
    "name" : "mt_TSdecom_TELI_cp_AssessmentScoresSource",
    "type" : "MTT",
    "metadata" : {
      "modelVersion" : {
        "major" : 0,
        "minor" : 0
      },
      "repoInfo" : {
        "repoHandle" : "019EVC0Z0000000000DE"
      },
      "contextAttributes" : null,
      "additionalInfo" : {
        "description" : "ETL for TELI cpAssessmentScoresSource data into Data Staging",
        "contentType" : "JSON",
        "documentState" : "VALID"
      }
    },
    "path" : "/Explore/Government/Completed_Mapping_Tasks"
  }, {
    "id" : "evbKcZmM4Qhd3xru3VPoql",
    "name" : "mt_TSdecom_Teli_teli_ChildMaps",
    "type" : "MTT",
    "metadata" : {
      "modelVersion" : {
        "major" : 0,
        "minor" : 0
      },
      "repoInfo" : {
        "repoHandle" : "019EVC0Z00000000009U"
      },
      "contextAttributes" : null,
      "additionalInfo" : {
        "description" : "ETL for Teli_teli_ChildMaps",
        "contentType" : "JSON",
        "documentState" : "VALID"
      }
    },
    "path" : "/Explore/Government/Completed_Mapping_Tasks"
  }, {
    "id" : "2K9UgtkkGADfx6Zy7kETs1",
    "name" : "mt_TSdecom_TELI_bb_ChildrenSource",
    "type" : "MTT",
    "metadata" : {
      "modelVersion" : {
        "major" : 0,
        "minor" : 0
      },
      "repoInfo" : {
        "repoHandle" : "019EVC0Z0000000000DC"
      },
      "contextAttributes" : null,
      "additionalInfo" : {
        "description" : "ETL for TELI bb ChildrenSource data into Data Staging",
        "contentType" : "JSON",
        "documentState" : "VALID"
      }
    },
    "path" : "/Explore/Government/Completed_Mapping_Tasks"
  }, {
    "id" : "2WLEDWI0K4ue9Z3cVHIIAt",
    "name" : "mt_TSdecom_Teli_teli_Assessments",
    "type" : "MTT",
    "metadata" : {
      "modelVersion" : {
        "major" : 0,
        "minor" : 0
      },
      "repoInfo" : {
        "repoHandle" : "019EVC0Z0000000000A8"
      },
      "contextAttributes" : null,
      "additionalInfo" : {
        "description" : "ETL for Teli_teli_Assessments",
        "contentType" : "JSON",
        "documentState" : "VALID"
      }
    },
    "path" : "/Explore/Government/Completed_Mapping_Tasks"
  }, {
    "id" : "5SKppb1Zqt2f6tkbnm8z8j",
    "name" : "mt_TSdecom_Teli_teli_Children",
    "type" : "MTT",
    "metadata" : {
      "modelVersion" : {
        "major" : 0,
        "minor" : 0
      },
      "repoInfo" : {
        "repoHandle" : "019EVC0Z000000000097"
      },
      "contextAttributes" : null,
      "additionalInfo" : {
        "description" : "ETL for Teli_teli_Children",
        "contentType" : "JSON",
        "documentState" : "VALID"
      }
    },
    "path" : "/Explore/Government/Completed_Mapping_Tasks"
  }, {
    "id" : "2X50H63uOONisau6ErOPsj",
    "name" : "mt_TSdecom_Teli_cp_EnrollmentsSource",
    "type" : "MTT",
    "metadata" : {
      "modelVersion" : {
        "major" : 0,
        "minor" : 0
      },
      "repoInfo" : {
        "repoHandle" : "019EVC0Z0000000000AB"
      },
      "contextAttributes" : null,
      "additionalInfo" : {
        "description" : "ETL for Teli_cp_EnrollmentsSource",
        "contentType" : "JSON",
        "documentState" : "VALID"
      }
    },
    "path" : "/Explore/Government/Completed_Mapping_Tasks"
  }, {
    "id" : "5K5cITO6pf9l8ZBq5Yg9Iy",
    "name" : "mt_TSdecom_TELI_teli_AssessmentPeriods",
    "type" : "MTT",
    "metadata" : {
      "modelVersion" : {
        "major" : 0,
        "minor" : 0
      },
      "repoInfo" : {
        "repoHandle" : "019EVC0Z0000000000DJ"
      },
      "contextAttributes" : null,
      "additionalInfo" : {
        "description" : "ETL for TELI telicAssessmentPeriods data into Data Staging",
        "contentType" : "JSON",
        "documentState" : "VALID"
      }
    },
    "path" : "/Explore/Government/Completed_Mapping_Tasks"
  }, {
    "id" : "jbZuLLiPFCyjjd1sHD7L2s",
    "name" : "mt_TSdecom_Teli_cca_EnrollmentsSource",
    "type" : "MTT",
    "metadata" : {
      "modelVersion" : {
        "major" : 0,
        "minor" : 0
      },
      "repoInfo" : {
        "repoHandle" : "019EVC0Z00000000008I"
      },
      "contextAttributes" : null,
      "additionalInfo" : {
        "description" : "ETL for Teli_cca_EnrollmentsSource",
        "contentType" : "JSON",
        "documentState" : "VALID"
      }
    },
    "path" : "/Explore/Government/Completed_Mapping_Tasks"
  }, {
    "id" : "2JkhMyZJz6pbZActN5rxGF",
    "name" : "mt_TSdecom_TELI_bb_AssessmentSource",
    "type" : "MTT",
    "metadata" : {
      "modelVersion" : {
        "major" : 0,
        "minor" : 0
      },
      "repoInfo" : {
        "repoHandle" : "019EVC0Z0000000000DB"
      },
      "contextAttributes" : null,
      "additionalInfo" : {
        "description" : "ETL for TELI bb AssessmentSource data into Data Staging",
        "contentType" : "JSON",
        "documentState" : "VALID"
      }
    },
    "path" : "/Explore/Government/Completed_Mapping_Tasks"
  }, {
    "id" : "aS207cC8aYIbat3waeCdOQ",
    "name" : "mt_TSdecom_Teli_Teli_programs",
    "type" : "MTT",
    "metadata" : {
      "modelVersion" : {
        "major" : 0,
        "minor" : 0
      },
      "repoInfo" : {
        "repoHandle" : "019EVC0Z00000000008L"
      },
      "contextAttributes" : null,
      "additionalInfo" : {
        "description" : "ETL for Teli_Teli_programs",
        "contentType" : "JSON",
        "documentState" : "VALID"
      }
    },
    "path" : "/Explore/Government/Completed_Mapping_Tasks"
  }, {
    "id" : "7uWizZwhe2xhydUZ6ji6mQ",
    "name" : "mt_TSdecom_TELI_teli_AssessmentCutoffs",
    "type" : "MTT",
    "metadata" : {
      "modelVersion" : {
        "major" : 0,
        "minor" : 0
      },
      "repoInfo" : {
        "repoHandle" : "019EVC0Z0000000000DI"
      },
      "contextAttributes" : null,
      "additionalInfo" : {
        "description" : "ETL for TELI teli AssessmentCutoffs data into Data Staging",
        "contentType" : "JSON",
        "documentState" : "VALID"
      }
    },
    "path" : "/Explore/Government/Completed_Mapping_Tasks"
  } ]
}