{
  "objectInfo" : {
    "id" : "4odg1DPANk6kvmyAG2W1qI",
    "name" : "~Michael_Bernier_Government",
    "type" : "Folder",
    "metadata" : {
      "modelVersion" : {
        "major" : 0,
        "minor" : 0
      },
      "repoInfo" : null,
      "contextAttributes" : [ ],
      "additionalInfo" : {
        "description" : "Government work folder for Michael Bernier",
        "contentType" : "Binary",
        "documentState" : "COMPLETE"
      }
    }
  },
  "dataFileExtension" : "json",
  "objectRefs" : [ ]
}