[{"@type":"mappingTemplate","id":"@1","name":"m_ftpTest","description":"","bundleVersion":"0","templateId":"@3","deployTime":1649268547000,"hasParameters":false,"valid":true,"fixedConnection":true,"hasParametersDeployed":false,"fixedConnectionDeployed":true,"tasks":0,"mappingPreviewFileRecordId":"@2","documentType":"MAPPING","references":[{"@type":"reference","refObjectId":"@4LyVxuKWVA9gW20p2HfG2E","refType":"connection"},{"@type":"reference","refObjectId":"@jVU9VbMBewuijCmTKcNPsg","refType":"connection"}]}]