{
  "objectInfo" : {
    "id" : "iwrYRrVmBE7gNJtHd6sl81",
    "name" : "mt_TSdecom_TSReports_COVID_SAP_Relationship",
    "type" : "MTT",
    "metadata" : {
      "modelVersion" : {
        "major" : 0,
        "minor" : 0
      },
      "repoInfo" : {
        "repoHandle" : "019EVC0Z00000000008Q"
      },
      "contextAttributes" : [ {
        "name" : "id",
        "value" : "@1"
      } ],
      "additionalInfo" : {
        "description" : "ETL for TSReports_COVID_SAP_Relationship",
        "contentType" : null,
        "documentState" : "VALID"
      }
    }
  },
  "dataFileExtension" : "zip",
  "objectRefs" : [ {
    "id" : "lc0FCdpbsYOb3Wi9ayD3a2",
    "name" : "IICS_DEV",
    "type" : "AgentGroup",
    "metadata" : {
      "modelVersion" : {
        "major" : 0,
        "minor" : 0
      },
      "repoInfo" : {
        "repoHandle" : "019EVC25000000000002"
      },
      "contextAttributes" : null,
      "additionalInfo" : {
        "description" : null,
        "contentType" : "JSON",
        "documentState" : "VALID"
      }
    },
    "path" : "/SYS"
  }, {
    "id" : "21v8SmlG3ctkXg0TbCXaOw",
    "name" : "mp_TSdecom_TSReports_COVID_SAP_Relationship",
    "type" : "DTEMPLATE",
    "metadata" : {
      "modelVersion" : {
        "major" : 0,
        "minor" : 0
      },
      "repoInfo" : {
        "repoHandle" : "019EVC1700000000005R"
      },
      "contextAttributes" : null,
      "additionalInfo" : {
        "description" : "Extracts all or filtered data from a source and loads it to an existing target.",
        "contentType" : "JSON",
        "documentState" : "VALID"
      }
    },
    "path" : "/Explore/Government/~Chris_Weller_Government"
  }, {
    "id" : "6Zf1cg0hC0QcsikuxpLXAj",
    "name" : "SQL_VIZDEVDB1_DataStaging",
    "type" : "Connection",
    "metadata" : {
      "modelVersion" : {
        "major" : 0,
        "minor" : 0
      },
      "repoInfo" : {
        "repoHandle" : "019EVC0B00000000000J"
      },
      "contextAttributes" : null,
      "additionalInfo" : {
        "description" : "Connection to Datastaging database in VIZDEVDB1 server",
        "contentType" : "JSON",
        "documentState" : "COMPLETE"
      }
    },
    "path" : "/SYS"
  }, {
    "id" : "5fmEyYSu7SoghBXcfxKPo9",
    "name" : "SQL_VIZDEVDB1_TSReports",
    "type" : "Connection",
    "metadata" : {
      "modelVersion" : {
        "major" : 0,
        "minor" : 0
      },
      "repoInfo" : {
        "repoHandle" : "019EVC0B00000000000R"
      },
      "contextAttributes" : null,
      "additionalInfo" : {
        "description" : "TSReports table on VIZDEVDB1",
        "contentType" : "JSON",
        "documentState" : "COMPLETE"
      }
    },
    "path" : "/SYS"
  } ]
}