{
  "objectInfo" : {
    "id" : "2iaevF00njnhHIw0AoCU6d",
    "name" : "mt_TSdecom_IntertribalChoHE_refApplicationDenialReasons",
    "type" : "MTT",
    "metadata" : {
      "modelVersion" : {
        "major" : 0,
        "minor" : 0
      },
      "repoInfo" : {
        "repoHandle" : "019EVC0Z00000000008Y"
      },
      "contextAttributes" : [ {
        "name" : "id",
        "value" : "@1"
      } ],
      "additionalInfo" : {
        "description" : "ETL for IntertribalChoHE_refApplicationDenialReasons",
        "contentType" : "JSON",
        "documentState" : "VALID"
      }
    }
  },
  "dataFileExtension" : "zip",
  "objectRefs" : [ {
    "id" : "ew8IDPiVwGgb0qm0cAh2CF",
    "name" : "SQL_VIZDEVDB1_IntertribalChoHE",
    "type" : "Connection",
    "metadata" : {
      "modelVersion" : {
        "major" : 0,
        "minor" : 0
      },
      "repoInfo" : {
        "repoHandle" : "019EVC0B000000000013"
      },
      "contextAttributes" : null,
      "additionalInfo" : {
        "description" : "Connection to IntertribalChoHE database in VIZDEVDB1 server",
        "contentType" : "JSON",
        "documentState" : "COMPLETE"
      }
    },
    "path" : "/SYS"
  }, {
    "id" : "lc0FCdpbsYOb3Wi9ayD3a2",
    "name" : "IICS_DEV",
    "type" : "AgentGroup",
    "metadata" : {
      "modelVersion" : {
        "major" : 0,
        "minor" : 0
      },
      "repoInfo" : {
        "repoHandle" : "019EVC25000000000002"
      },
      "contextAttributes" : null,
      "additionalInfo" : {
        "description" : null,
        "contentType" : "JSON",
        "documentState" : "VALID"
      }
    },
    "path" : "/SYS"
  }, {
    "id" : "6Zf1cg0hC0QcsikuxpLXAj",
    "name" : "SQL_VIZDEVDB1_DataStaging",
    "type" : "Connection",
    "metadata" : {
      "modelVersion" : {
        "major" : 0,
        "minor" : 0
      },
      "repoInfo" : {
        "repoHandle" : "019EVC0B00000000000J"
      },
      "contextAttributes" : null,
      "additionalInfo" : {
        "description" : "Connection to Datastaging database in VIZDEVDB1 server",
        "contentType" : "JSON",
        "documentState" : "COMPLETE"
      }
    },
    "path" : "/SYS"
  }, {
    "id" : "0BXeSUxSf3vcow9T0yGK8U",
    "name" : "mp_TSdecom_IntertribalChoHE_refApplicationDenialReasons",
    "type" : "DTEMPLATE",
    "metadata" : {
      "modelVersion" : {
        "major" : 0,
        "minor" : 0
      },
      "repoInfo" : {
        "repoHandle" : "019EVC1700000000005O"
      },
      "contextAttributes" : null,
      "additionalInfo" : {
        "description" : "Extracts all or filtered data from a source and loads it to an existing target.",
        "contentType" : "JSON",
        "documentState" : "VALID"
      }
    },
    "path" : "/Explore/Government/Completed_Mappings"
  } ]
}