{
  "objectInfo" : {
    "id" : "5LnSHX6px59dMKmrDryVa3",
    "name" : "mt_TSdecom_IntertribalChoHE_refOutcomes",
    "type" : "MTT",
    "metadata" : {
      "modelVersion" : {
        "major" : 0,
        "minor" : 0
      },
      "repoInfo" : {
        "repoHandle" : "019EVC0Z0000000000I4"
      },
      "contextAttributes" : [ {
        "name" : "id",
        "value" : "@1"
      } ],
      "additionalInfo" : {
        "description" : "ETL for IntertribalChoHE_refOutcomes data into DataStaging.",
        "contentType" : "JSON",
        "documentState" : "VALID"
      }
    }
  },
  "dataFileExtension" : "zip",
  "objectRefs" : [ {
    "id" : "ew8IDPiVwGgb0qm0cAh2CF",
    "name" : "SQL_VIZDEVDB1_IntertribalChoHE",
    "type" : "Connection",
    "metadata" : {
      "modelVersion" : {
        "major" : 0,
        "minor" : 0
      },
      "repoInfo" : {
        "repoHandle" : "019EVC0B000000000013"
      },
      "contextAttributes" : null,
      "additionalInfo" : {
        "description" : "Connection to IntertribalChoHE database in VIZDEVDB1 server",
        "contentType" : "JSON",
        "documentState" : "COMPLETE"
      }
    },
    "path" : "/SYS"
  }, {
    "id" : "lc0FCdpbsYOb3Wi9ayD3a2",
    "name" : "IICS_DEV",
    "type" : "AgentGroup",
    "metadata" : {
      "modelVersion" : {
        "major" : 0,
        "minor" : 0
      },
      "repoInfo" : {
        "repoHandle" : "019EVC25000000000002"
      },
      "contextAttributes" : null,
      "additionalInfo" : {
        "description" : null,
        "contentType" : "JSON",
        "documentState" : "VALID"
      }
    },
    "path" : "/SYS"
  }, {
    "id" : "6Zf1cg0hC0QcsikuxpLXAj",
    "name" : "SQL_VIZDEVDB1_DataStaging",
    "type" : "Connection",
    "metadata" : {
      "modelVersion" : {
        "major" : 0,
        "minor" : 0
      },
      "repoInfo" : {
        "repoHandle" : "019EVC0B00000000000J"
      },
      "contextAttributes" : null,
      "additionalInfo" : {
        "description" : "Connection to Datastaging database in VIZDEVDB1 server",
        "contentType" : "JSON",
        "documentState" : "COMPLETE"
      }
    },
    "path" : "/SYS"
  }, {
    "id" : "29yifI9NieAlY460EWed2e",
    "name" : "mp_TSdecom_IntertribalChoHE_refOutcomes",
    "type" : "DTEMPLATE",
    "metadata" : {
      "modelVersion" : {
        "major" : 0,
        "minor" : 0
      },
      "repoInfo" : {
        "repoHandle" : "019EVC170000000000DG"
      },
      "contextAttributes" : null,
      "additionalInfo" : {
        "description" : "Extracts all data from source IntertribalChoHE Outcomes and loads it to the existing target in DataStaging.",
        "contentType" : "JSON",
        "documentState" : "VALID"
      }
    },
    "path" : "/Explore/Government/Completed_Mappings"
  } ]
}