{
  "objectInfo" : {
    "id" : "5pX1w83GLYEkmQxSwRiE2g",
    "name" : "mt_TSdecom_Procare_AP_CheckSummary",
    "type" : "MTT",
    "metadata" : {
      "modelVersion" : {
        "major" : 0,
        "minor" : 0
      },
      "repoInfo" : {
        "repoHandle" : "019EVC0Z0000000000A5"
      },
      "contextAttributes" : [ {
        "name" : "id",
        "value" : "@1"
      } ],
      "additionalInfo" : {
        "description" : "ETL for Procare_AP_Vendor",
        "contentType" : "JSON",
        "documentState" : "VALID"
      }
    }
  },
  "dataFileExtension" : "zip",
  "objectRefs" : [ {
    "id" : "lc0FCdpbsYOb3Wi9ayD3a2",
    "name" : "IICS_DEV",
    "type" : "AgentGroup",
    "metadata" : {
      "modelVersion" : {
        "major" : 0,
        "minor" : 0
      },
      "repoInfo" : {
        "repoHandle" : "019EVC25000000000002"
      },
      "contextAttributes" : null,
      "additionalInfo" : {
        "description" : null,
        "contentType" : "JSON",
        "documentState" : "VALID"
      }
    },
    "path" : "/SYS"
  }, {
    "id" : "3WVvuwfVCvlgfhplZgzFOF",
    "name" : "SQL_VIZDEVDB1_Procare",
    "type" : "Connection",
    "metadata" : {
      "modelVersion" : {
        "major" : 0,
        "minor" : 0
      },
      "repoInfo" : {
        "repoHandle" : "019EVC0B000000000018"
      },
      "contextAttributes" : null,
      "additionalInfo" : {
        "description" : "Connection to Procare database in VIZDEVDB1 server",
        "contentType" : "JSON",
        "documentState" : "COMPLETE"
      }
    },
    "path" : "/SYS"
  }, {
    "id" : "6Zf1cg0hC0QcsikuxpLXAj",
    "name" : "SQL_VIZDEVDB1_DataStaging",
    "type" : "Connection",
    "metadata" : {
      "modelVersion" : {
        "major" : 0,
        "minor" : 0
      },
      "repoInfo" : {
        "repoHandle" : "019EVC0B00000000000J"
      },
      "contextAttributes" : null,
      "additionalInfo" : {
        "description" : "Connection to Datastaging database in VIZDEVDB1 server",
        "contentType" : "JSON",
        "documentState" : "COMPLETE"
      }
    },
    "path" : "/SYS"
  }, {
    "id" : "jPbBzKa3PmKjhuN9vrWV6c",
    "name" : "mp_TSdecom_Procare_AP_Vendor",
    "type" : "DTEMPLATE",
    "metadata" : {
      "modelVersion" : {
        "major" : 0,
        "minor" : 0
      },
      "repoInfo" : {
        "repoHandle" : "019EVC1700000000004E"
      },
      "contextAttributes" : null,
      "additionalInfo" : {
        "description" : "Extracts all or filtered data from a source and loads it to an existing target.",
        "contentType" : "JSON",
        "documentState" : "VALID"
      }
    },
    "path" : "/Explore/Government/Completed_Mappings"
  } ]
}