{
  "objectInfo" : {
    "id" : "4D9zp3OXNLucyRtOfh26WH",
    "name" : "mt_TSdecom_TELI_cp_AssessmentSource",
    "type" : "MTT",
    "metadata" : {
      "modelVersion" : {
        "major" : 0,
        "minor" : 0
      },
      "repoInfo" : {
        "repoHandle" : "019EVC0Z0000000000DF"
      },
      "contextAttributes" : [ {
        "name" : "id",
        "value" : "@1"
      } ],
      "additionalInfo" : {
        "description" : "ETL for TELI cp AssessmentSource data into Data Staging",
        "contentType" : "JSON",
        "documentState" : "VALID"
      }
    }
  },
  "dataFileExtension" : "zip",
  "objectRefs" : [ {
    "id" : "lc0FCdpbsYOb3Wi9ayD3a2",
    "name" : "IICS_DEV",
    "type" : "AgentGroup",
    "metadata" : {
      "modelVersion" : {
        "major" : 0,
        "minor" : 0
      },
      "repoInfo" : {
        "repoHandle" : "019EVC25000000000002"
      },
      "contextAttributes" : null,
      "additionalInfo" : {
        "description" : null,
        "contentType" : "JSON",
        "documentState" : "VALID"
      }
    },
    "path" : "/SYS"
  }, {
    "id" : "7XHRAr5Agodg3VeA4FO0ip",
    "name" : "SQL_VIZDEVDB1_Teli_cp",
    "type" : "Connection",
    "metadata" : {
      "modelVersion" : {
        "major" : 0,
        "minor" : 0
      },
      "repoInfo" : {
        "repoHandle" : "019EVC0B00000000001H"
      },
      "contextAttributes" : null,
      "additionalInfo" : {
        "description" : "Connection to cp schema of Teli database in VIZDEVDB1 server",
        "contentType" : "JSON",
        "documentState" : "COMPLETE"
      }
    },
    "path" : "/SYS"
  }, {
    "id" : "6Zf1cg0hC0QcsikuxpLXAj",
    "name" : "SQL_VIZDEVDB1_DataStaging",
    "type" : "Connection",
    "metadata" : {
      "modelVersion" : {
        "major" : 0,
        "minor" : 0
      },
      "repoInfo" : {
        "repoHandle" : "019EVC0B00000000000J"
      },
      "contextAttributes" : null,
      "additionalInfo" : {
        "description" : "Connection to Datastaging database in VIZDEVDB1 server",
        "contentType" : "JSON",
        "documentState" : "COMPLETE"
      }
    },
    "path" : "/SYS"
  }, {
    "id" : "eiRkjCObhwJbNU3aAlHA4i",
    "name" : "mp_TSdecom_Teli_cp_AssessmentSource",
    "type" : "DTEMPLATE",
    "metadata" : {
      "modelVersion" : {
        "major" : 0,
        "minor" : 0
      },
      "repoInfo" : {
        "repoHandle" : "019EVC1700000000008L"
      },
      "contextAttributes" : null,
      "additionalInfo" : {
        "description" : "Extracts all or filtered data from a source and loads it to an existing target.",
        "contentType" : "JSON",
        "documentState" : "VALID"
      }
    },
    "path" : "/Explore/Government/Completed_Mappings"
  } ]
}