[{"@type":"mappingTemplate","id":"@1","name":"m_SFDC_Filter_Pull","description":"","bundleVersion":"0","templateId":"@3","deployTime":1644598104000,"hasParameters":false,"valid":true,"fixedConnection":true,"hasParametersDeployed":false,"fixedConnectionDeployed":true,"isSchemaValidationEnabled":false,"tasks":1,"mappingPreviewFileRecordId":"@2","documentType":"MAPPING","references":[{"@type":"reference","refObjectId":"@2MWo1Q5VppFjl9D7UbMGy8","refType":"connection"},{"@type":"reference","refObjectId":"@ja7B19G1LgrerkXccycZk8","refType":"connection"}]}]