[{"@type":"mappingTemplate","id":"@1","name":"m_truncateEmp","description":"","bundleVersion":"0","templateId":"@3","deployTime":1656360073000,"hasParameters":false,"valid":true,"fixedConnection":true,"hasParametersDeployed":false,"fixedConnectionDeployed":true,"tasks":0,"mappingPreviewFileRecordId":"@2","documentType":"MAPPING","references":[{"@type":"reference","refObjectId":"@ja7B19G1LgrerkXccycZk8","refType":"connection"},{"@type":"reference","refObjectId":"@0sj50y8nl00cX27plFzWif","refType":"connection"}]}]