[{"@type":"dssTask","id":"@1","name":"st_Oc_to_SFDC _INSERT","description":"","maxLogs":10,"sourceConnectionId":"@llKL1SrOva6gFpIoXzvUCl","targetConnectionId":"@2MWo1Q5VppFjl9D7UbMGy8","targetObject":"Contact","targetObjectLabel":"Contact","operation":"Insert","maxRows":0,"truncateTarget":false,"bulkApiDBTarget":false,"verbose":false,"targetMetadataUpdated":false,"modelVersion":"V3-R600","queryAll":false,"srcSettings":{"@type":"taskDataSourceSetting","isShowLabels":false,"isNaturalOrder":false},"tgtSettings":{"@type":"taskDataSourceSetting","isShowLabels":false,"isNaturalOrder":false},"cfSettings":{"@type":"taskDataSourceSetting","isShowLabels":false,"isNaturalOrder":false},"bulkApi":false,"bulkApiSerialMode":false,"bulkApiMonitor":false,"isTargetObjectSfCustom":false,"allowNullUpdates":false,"targetBatchSize":200,"assignmentRuleId":"-1","assignmentRuleType":"None","createSuccessFile":false,"bulkApiHardDelete":false,"parameterFileEncoding":"UTF-8","serverlessProperties":{},"sourceObjects":[{"@type":"mObject","name":"SF_CONTACT","label":"SF_CONTACT","metadataUpdated":false,"relations":[],"children":[]}],"advancedFilters":[],"filters":[],"fieldMaps":[{"@type":"fieldMap","id":"19717438","targetField":{"@type":"field","id":116918934,"name":"Id","type":"id","uniqueName":"Id","label":"Contact ID","parentObject":"Contact","pcType":"STRING","precision":18,"scale":0,"columnIndex":0,"isKey":true,"isWaterMarkKey":false,"isExternalId":false,"isSfIdLookup":true,"isNullable":false,"isUnique":false,"isCreateable":false,"isUpdateable":false,"isFilterable":true,"isCalculated":false,"filterType":"STRING","showLabel":false,"naturalOrder":0,"typeConfigFields":[],"linkedFields":["ID"],"relatedInfos":[],"references":[]},"expression":"ID"},{"@type":"fieldMap","id":"19717439","targetField":{"@type":"field","id":116918935,"name":"IsDeleted","type":"boolean","uniqueName":"IsDeleted","label":"Deleted","parentObject":"Contact","pcType":"INT","precision":10,"scale":0,"columnIndex":1,"isKey":false,"isWaterMarkKey":false,"isExternalId":false,"isSfIdLookup":false,"isNullable":false,"isUnique":false,"isCreateable":false,"isUpdateable":false,"isFilterable":true,"isCalculated":false,"filterType":"BOOLEAN","showLabel":false,"naturalOrder":1,"typeConfigFields":[],"linkedFields":["ISDELETED"],"relatedInfos":[],"references":[]},"expression":"ISDELETED"},{"@type":"fieldMap","id":"19717440","targetField":{"@type":"field","id":116918936,"name":"MasterRecordId","type":"reference","uniqueName":"MasterRecordId","label":"Master Record ID","parentObject":"Contact","pcType":"STRING","precision":18,"scale":0,"columnIndex":2,"isKey":false,"isWaterMarkKey":false,"isExternalId":false,"isSfIdLookup":false,"isNullable":true,"isUnique":false,"isCreateable":false,"isUpdateable":false,"isFilterable":true,"isCalculated":false,"filterType":"STRING","showLabel":false,"naturalOrder":2,"typeConfigFields":[],"linkedFields":["MASTERRECORDID"],"relatedInfos":[{"@type":"fieldRelatedInfo","id":200714,"referenceObject":"Contact","relationshipName":"MasterRecord","referenceField":{"@type":"field","id":-1,"precision":0,"scale":0,"columnIndex":-1,"isKey":false,"isWaterMarkKey":false,"isExternalId":false,"isSfIdLookup":false,"isNullable":true,"isUnique":false,"isCreateable":false,"isUpdateable":true,"isFilterable":true,"isCalculated":false,"showLabel":true,"naturalOrder":0,"typeConfigFields":[],"linkedFields":[],"relatedInfos":[],"references":[]}}],"references":[]},"expression":"MASTERRECORDID"},{"@type":"fieldMap","id":"19717441","targetField":{"@type":"field","id":116918937,"name":"AccountId","type":"reference","uniqueName":"AccountId","label":"Account ID","parentObject":"Contact","pcType":"STRING","precision":18,"scale":0,"columnIndex":3,"isKey":false,"isWaterMarkKey":false,"isExternalId":false,"isSfIdLookup":false,"isNullable":true,"isUnique":false,"isCreateable":true,"isUpdateable":true,"isFilterable":true,"isCalculated":false,"filterType":"STRING","showLabel":false,"naturalOrder":3,"typeConfigFields":[],"linkedFields":["ACCOUNTID"],"relatedInfos":[{"@type":"fieldRelatedInfo","id":200715,"referenceObject":"Account","relationshipName":"Account","referenceField":{"@type":"field","id":-1,"precision":0,"scale":0,"columnIndex":-1,"isKey":false,"isWaterMarkKey":false,"isExternalId":false,"isSfIdLookup":false,"isNullable":true,"isUnique":false,"isCreateable":false,"isUpdateable":true,"isFilterable":true,"isCalculated":false,"showLabel":true,"naturalOrder":0,"typeConfigFields":[],"linkedFields":[],"relatedInfos":[],"references":[]}}],"references":[]},"expression":"ACCOUNTID"},{"@type":"fieldMap","id":"19717442","targetField":{"@type":"field","id":116918938,"name":"LastName","type":"string","uniqueName":"LastName","label":"Last Name","parentObject":"Contact","pcType":"STRING","precision":80,"scale":0,"columnIndex":4,"isKey":false,"isWaterMarkKey":false,"isExternalId":false,"isSfIdLookup":false,"isNullable":false,"isUnique":false,"isCreateable":true,"isUpdateable":true,"isFilterable":true,"isCalculated":false,"filterType":"STRING","showLabel":false,"naturalOrder":4,"typeConfigFields":[],"linkedFields":["LASTNAME"],"relatedInfos":[],"references":[]},"expression":"LASTNAME"},{"@type":"fieldMap","id":"19717443","targetField":{"@type":"field","id":116918939,"name":"FirstName","type":"string","uniqueName":"FirstName","label":"First Name","parentObject":"Contact","pcType":"STRING","precision":40,"scale":0,"columnIndex":5,"isKey":false,"isWaterMarkKey":false,"isExternalId":false,"isSfIdLookup":false,"isNullable":true,"isUnique":false,"isCreateable":true,"isUpdateable":true,"isFilterable":true,"isCalculated":false,"filterType":"STRING","showLabel":false,"naturalOrder":5,"typeConfigFields":[],"linkedFields":["FIRSTNAME"],"relatedInfos":[],"references":[]},"expression":"FIRSTNAME"},{"@type":"fieldMap","id":"19717444","targetField":{"@type":"field","id":116918940,"name":"Salutation","type":"picklist","uniqueName":"Salutation","label":"Salutation","parentObject":"Contact","pcType":"STRING","precision":40,"scale":0,"columnIndex":6,"isKey":false,"isWaterMarkKey":false,"isExternalId":false,"isSfIdLookup":false,"isNullable":true,"isUnique":false,"isCreateable":true,"isUpdateable":true,"isFilterable":true,"isCalculated":false,"filterType":"STRING","showLabel":false,"naturalOrder":6,"typeConfigFields":[],"linkedFields":["SALUTATION"],"relatedInfos":[],"references":[]},"expression":"SALUTATION"},{"@type":"fieldMap","id":"19717445","targetField":{"@type":"field","id":116918941,"name":"Name","type":"string","uniqueName":"Name","label":"Full Name","parentObject":"Contact","pcType":"STRING","precision":121,"scale":0,"columnIndex":7,"isKey":false,"isWaterMarkKey":false,"isExternalId":false,"isSfIdLookup":false,"isNullable":false,"isUnique":false,"isCreateable":false,"isUpdateable":false,"isFilterable":true,"isCalculated":false,"filterType":"STRING","showLabel":false,"naturalOrder":7,"typeConfigFields":[],"linkedFields":["NAME"],"relatedInfos":[],"references":[]},"expression":"NAME"},{"@type":"fieldMap","id":"19717446","targetField":{"@type":"field","id":116918942,"name":"OtherStreet","type":"textarea","uniqueName":"OtherStreet","label":"Other Street","parentObject":"Contact","pcType":"STRING","precision":255,"scale":0,"columnIndex":8,"isKey":false,"isWaterMarkKey":false,"isExternalId":false,"isSfIdLookup":false,"isNullable":true,"isUnique":false,"isCreateable":true,"isUpdateable":true,"isFilterable":true,"isCalculated":false,"filterType":"STRING","showLabel":false,"naturalOrder":8,"typeConfigFields":[],"linkedFields":["OTHERSTREET"],"relatedInfos":[],"references":[]},"expression":"OTHERSTREET"},{"@type":"fieldMap","id":"19717447","targetField":{"@type":"field","id":116918943,"name":"OtherCity","type":"string","uniqueName":"OtherCity","label":"Other City","parentObject":"Contact","pcType":"STRING","precision":40,"scale":0,"columnIndex":9,"isKey":false,"isWaterMarkKey":false,"isExternalId":false,"isSfIdLookup":false,"isNullable":true,"isUnique":false,"isCreateable":true,"isUpdateable":true,"isFilterable":true,"isCalculated":false,"filterType":"STRING","showLabel":false,"naturalOrder":9,"typeConfigFields":[],"linkedFields":["OTHERCITY"],"relatedInfos":[],"references":[]},"expression":"OTHERCITY"},{"@type":"fieldMap","id":"19717448","targetField":{"@type":"field","id":116918944,"name":"OtherState","type":"string","uniqueName":"OtherState","label":"Other State/Province","parentObject":"Contact","pcType":"STRING","precision":80,"scale":0,"columnIndex":10,"isKey":false,"isWaterMarkKey":false,"isExternalId":false,"isSfIdLookup":false,"isNullable":true,"isUnique":false,"isCreateable":true,"isUpdateable":true,"isFilterable":true,"isCalculated":false,"filterType":"STRING","showLabel":false,"naturalOrder":10,"typeConfigFields":[],"linkedFields":["OTHERSTATE"],"relatedInfos":[],"references":[]},"expression":"OTHERSTATE"},{"@type":"fieldMap","id":"19717449","targetField":{"@type":"field","id":116918945,"name":"OtherPostalCode","type":"string","uniqueName":"OtherPostalCode","label":"Other Zip/Postal Code","parentObject":"Contact","pcType":"STRING","precision":20,"scale":0,"columnIndex":11,"isKey":false,"isWaterMarkKey":false,"isExternalId":false,"isSfIdLookup":false,"isNullable":true,"isUnique":false,"isCreateable":true,"isUpdateable":true,"isFilterable":true,"isCalculated":false,"filterType":"STRING","showLabel":false,"naturalOrder":11,"typeConfigFields":[],"linkedFields":["OTHERPOSTALCODE"],"relatedInfos":[],"references":[]},"expression":"OTHERPOSTALCODE"},{"@type":"fieldMap","id":"19717450","targetField":{"@type":"field","id":116918946,"name":"OtherCountry","type":"string","uniqueName":"OtherCountry","label":"Other Country","parentObject":"Contact","pcType":"STRING","precision":80,"scale":0,"columnIndex":12,"isKey":false,"isWaterMarkKey":false,"isExternalId":false,"isSfIdLookup":false,"isNullable":true,"isUnique":false,"isCreateable":true,"isUpdateable":true,"isFilterable":true,"isCalculated":false,"filterType":"STRING","showLabel":false,"naturalOrder":12,"typeConfigFields":[],"linkedFields":["OTHERCOUNTRY"],"relatedInfos":[],"references":[]},"expression":"OTHERCOUNTRY"},{"@type":"fieldMap","id":"19717451","targetField":{"@type":"field","id":116918947,"name":"OtherLatitude","type":"double","uniqueName":"OtherLatitude","label":"Other Latitude","parentObject":"Contact","pcType":"HIPRECDECIMAL","precision":18,"scale":15,"columnIndex":13,"isKey":false,"isWaterMarkKey":false,"isExternalId":false,"isSfIdLookup":false,"isNullable":true,"isUnique":false,"isCreateable":true,"isUpdateable":true,"isFilterable":true,"isCalculated":false,"filterType":"DOUBLE","showLabel":false,"naturalOrder":13,"typeConfigFields":[],"linkedFields":["OTHERLATITUDE"],"relatedInfos":[],"references":[]},"expression":"OTHERLATITUDE"},{"@type":"fieldMap","id":"19717452","targetField":{"@type":"field","id":116918948,"name":"OtherLongitude","type":"double","uniqueName":"OtherLongitude","label":"Other Longitude","parentObject":"Contact","pcType":"HIPRECDECIMAL","precision":18,"scale":15,"columnIndex":14,"isKey":false,"isWaterMarkKey":false,"isExternalId":false,"isSfIdLookup":false,"isNullable":true,"isUnique":false,"isCreateable":true,"isUpdateable":true,"isFilterable":true,"isCalculated":false,"filterType":"DOUBLE","showLabel":false,"naturalOrder":14,"typeConfigFields":[],"linkedFields":["OTHERLONGITUDE"],"relatedInfos":[],"references":[]},"expression":"OTHERLONGITUDE"},{"@type":"fieldMap","id":"19717453","targetField":{"@type":"field","id":116918949,"name":"OtherGeocodeAccuracy","type":"picklist","uniqueName":"OtherGeocodeAccuracy","label":"Other Geocode Accuracy","parentObject":"Contact","pcType":"STRING","precision":40,"scale":0,"columnIndex":15,"isKey":false,"isWaterMarkKey":false,"isExternalId":false,"isSfIdLookup":false,"isNullable":true,"isUnique":false,"isCreateable":true,"isUpdateable":true,"isFilterable":true,"isCalculated":false,"filterType":"STRING","showLabel":false,"naturalOrder":15,"typeConfigFields":[],"linkedFields":["OTHERGEOCODEACCURACY"],"relatedInfos":[],"references":[]},"expression":"OTHERGEOCODEACCURACY"},{"@type":"fieldMap","id":"19717454","targetField":{"@type":"field","id":116918950,"name":"MailingStreet","type":"textarea","uniqueName":"MailingStreet","label":"Mailing Street","parentObject":"Contact","pcType":"STRING","precision":255,"scale":0,"columnIndex":16,"isKey":false,"isWaterMarkKey":false,"isExternalId":false,"isSfIdLookup":false,"isNullable":true,"isUnique":false,"isCreateable":true,"isUpdateable":true,"isFilterable":true,"isCalculated":false,"filterType":"STRING","showLabel":false,"naturalOrder":16,"typeConfigFields":[],"linkedFields":["MAILINGSTREET"],"relatedInfos":[],"references":[]},"expression":"MAILINGSTREET"},{"@type":"fieldMap","id":"19717455","targetField":{"@type":"field","id":116918951,"name":"MailingCity","type":"string","uniqueName":"MailingCity","label":"Mailing City","parentObject":"Contact","pcType":"STRING","precision":40,"scale":0,"columnIndex":17,"isKey":false,"isWaterMarkKey":false,"isExternalId":false,"isSfIdLookup":false,"isNullable":true,"isUnique":false,"isCreateable":true,"isUpdateable":true,"isFilterable":true,"isCalculated":false,"filterType":"STRING","showLabel":false,"naturalOrder":17,"typeConfigFields":[],"linkedFields":["MAILINGCITY"],"relatedInfos":[],"references":[]},"expression":"MAILINGCITY"},{"@type":"fieldMap","id":"19717456","targetField":{"@type":"field","id":116918952,"name":"MailingState","type":"string","uniqueName":"MailingState","label":"Mailing State/Province","parentObject":"Contact","pcType":"STRING","precision":80,"scale":0,"columnIndex":18,"isKey":false,"isWaterMarkKey":false,"isExternalId":false,"isSfIdLookup":false,"isNullable":true,"isUnique":false,"isCreateable":true,"isUpdateable":true,"isFilterable":true,"isCalculated":false,"filterType":"STRING","showLabel":false,"naturalOrder":18,"typeConfigFields":[],"linkedFields":["MAILINGSTATE"],"relatedInfos":[],"references":[]},"expression":"MAILINGSTATE"},{"@type":"fieldMap","id":"19717457","targetField":{"@type":"field","id":116918953,"name":"MailingPostalCode","type":"string","uniqueName":"MailingPostalCode","label":"Mailing Zip/Postal Code","parentObject":"Contact","pcType":"STRING","precision":20,"scale":0,"columnIndex":19,"isKey":false,"isWaterMarkKey":false,"isExternalId":false,"isSfIdLookup":false,"isNullable":true,"isUnique":false,"isCreateable":true,"isUpdateable":true,"isFilterable":true,"isCalculated":false,"filterType":"STRING","showLabel":false,"naturalOrder":19,"typeConfigFields":[],"linkedFields":["MAILINGPOSTALCODE"],"relatedInfos":[],"references":[]},"expression":"MAILINGPOSTALCODE"},{"@type":"fieldMap","id":"19717458","targetField":{"@type":"field","id":116918954,"name":"MailingCountry","type":"string","uniqueName":"MailingCountry","label":"Mailing Country","parentObject":"Contact","pcType":"STRING","precision":80,"scale":0,"columnIndex":20,"isKey":false,"isWaterMarkKey":false,"isExternalId":false,"isSfIdLookup":false,"isNullable":true,"isUnique":false,"isCreateable":true,"isUpdateable":true,"isFilterable":true,"isCalculated":false,"filterType":"STRING","showLabel":false,"naturalOrder":20,"typeConfigFields":[],"linkedFields":["MAILINGCOUNTRY"],"relatedInfos":[],"references":[]},"expression":"MAILINGCOUNTRY"},{"@type":"fieldMap","id":"19717459","targetField":{"@type":"field","id":116918955,"name":"MailingLatitude","type":"double","uniqueName":"MailingLatitude","label":"Mailing Latitude","parentObject":"Contact","pcType":"HIPRECDECIMAL","precision":18,"scale":15,"columnIndex":21,"isKey":false,"isWaterMarkKey":false,"isExternalId":false,"isSfIdLookup":false,"isNullable":true,"isUnique":false,"isCreateable":true,"isUpdateable":true,"isFilterable":true,"isCalculated":false,"filterType":"DOUBLE","showLabel":false,"naturalOrder":21,"typeConfigFields":[],"linkedFields":["MAILINGLATITUDE"],"relatedInfos":[],"references":[]},"expression":"MAILINGLATITUDE"},{"@type":"fieldMap","id":"19717460","targetField":{"@type":"field","id":116918956,"name":"MailingLongitude","type":"double","uniqueName":"MailingLongitude","label":"Mailing Longitude","parentObject":"Contact","pcType":"HIPRECDECIMAL","precision":18,"scale":15,"columnIndex":22,"isKey":false,"isWaterMarkKey":false,"isExternalId":false,"isSfIdLookup":false,"isNullable":true,"isUnique":false,"isCreateable":true,"isUpdateable":true,"isFilterable":true,"isCalculated":false,"filterType":"DOUBLE","showLabel":false,"naturalOrder":22,"typeConfigFields":[],"linkedFields":["MAILINGLONGITUDE"],"relatedInfos":[],"references":[]},"expression":"MAILINGLONGITUDE"},{"@type":"fieldMap","id":"19717461","targetField":{"@type":"field","id":116918957,"name":"MailingGeocodeAccuracy","type":"picklist","uniqueName":"MailingGeocodeAccuracy","label":"Mailing Geocode Accuracy","parentObject":"Contact","pcType":"STRING","precision":40,"scale":0,"columnIndex":23,"isKey":false,"isWaterMarkKey":false,"isExternalId":false,"isSfIdLookup":false,"isNullable":true,"isUnique":false,"isCreateable":true,"isUpdateable":true,"isFilterable":true,"isCalculated":false,"filterType":"STRING","showLabel":false,"naturalOrder":23,"typeConfigFields":[],"linkedFields":["MAILINGGEOCODEACCURACY"],"relatedInfos":[],"references":[]},"expression":"MAILINGGEOCODEACCURACY"},{"@type":"fieldMap","id":"19717462","targetField":{"@type":"field","id":116918958,"name":"Phone","type":"phone","uniqueName":"Phone","label":"Business Phone","parentObject":"Contact","pcType":"STRING","precision":40,"scale":0,"columnIndex":24,"isKey":false,"isWaterMarkKey":false,"isExternalId":false,"isSfIdLookup":false,"isNullable":true,"isUnique":false,"isCreateable":true,"isUpdateable":true,"isFilterable":true,"isCalculated":false,"filterType":"STRING","showLabel":false,"naturalOrder":24,"typeConfigFields":[],"linkedFields":["PHONE"],"relatedInfos":[],"references":[]},"expression":"PHONE"},{"@type":"fieldMap","id":"19717463","targetField":{"@type":"field","id":116918959,"name":"Fax","type":"phone","uniqueName":"Fax","label":"Business Fax","parentObject":"Contact","pcType":"STRING","precision":40,"scale":0,"columnIndex":25,"isKey":false,"isWaterMarkKey":false,"isExternalId":false,"isSfIdLookup":false,"isNullable":true,"isUnique":false,"isCreateable":true,"isUpdateable":true,"isFilterable":true,"isCalculated":false,"filterType":"STRING","showLabel":false,"naturalOrder":25,"typeConfigFields":[],"linkedFields":["FAX"],"relatedInfos":[],"references":[]},"expression":"FAX"},{"@type":"fieldMap","id":"19717464","targetField":{"@type":"field","id":116918960,"name":"MobilePhone","type":"phone","uniqueName":"MobilePhone","label":"Mobile Phone","parentObject":"Contact","pcType":"STRING","precision":40,"scale":0,"columnIndex":26,"isKey":false,"isWaterMarkKey":false,"isExternalId":false,"isSfIdLookup":false,"isNullable":true,"isUnique":false,"isCreateable":true,"isUpdateable":true,"isFilterable":true,"isCalculated":false,"filterType":"STRING","showLabel":false,"naturalOrder":26,"typeConfigFields":[],"linkedFields":["MOBILEPHONE"],"relatedInfos":[],"references":[]},"expression":"MOBILEPHONE"},{"@type":"fieldMap","id":"19717465","targetField":{"@type":"field","id":116918961,"name":"HomePhone","type":"phone","uniqueName":"HomePhone","label":"Home Phone","parentObject":"Contact","pcType":"STRING","precision":40,"scale":0,"columnIndex":27,"isKey":false,"isWaterMarkKey":false,"isExternalId":false,"isSfIdLookup":false,"isNullable":true,"isUnique":false,"isCreateable":true,"isUpdateable":true,"isFilterable":true,"isCalculated":false,"filterType":"STRING","showLabel":false,"naturalOrder":27,"typeConfigFields":[],"linkedFields":["HOMEPHONE"],"relatedInfos":[],"references":[]},"expression":"HOMEPHONE"},{"@type":"fieldMap","id":"19717466","targetField":{"@type":"field","id":116918962,"name":"OtherPhone","type":"phone","uniqueName":"OtherPhone","label":"Other Phone","parentObject":"Contact","pcType":"STRING","precision":40,"scale":0,"columnIndex":28,"isKey":false,"isWaterMarkKey":false,"isExternalId":false,"isSfIdLookup":false,"isNullable":true,"isUnique":false,"isCreateable":true,"isUpdateable":true,"isFilterable":true,"isCalculated":false,"filterType":"STRING","showLabel":false,"naturalOrder":28,"typeConfigFields":[],"linkedFields":["OTHERPHONE"],"relatedInfos":[],"references":[]},"expression":"OTHERPHONE"},{"@type":"fieldMap","id":"19717467","targetField":{"@type":"field","id":116918963,"name":"AssistantPhone","type":"phone","uniqueName":"AssistantPhone","label":"Asst. Phone","parentObject":"Contact","pcType":"STRING","precision":40,"scale":0,"columnIndex":29,"isKey":false,"isWaterMarkKey":false,"isExternalId":false,"isSfIdLookup":false,"isNullable":true,"isUnique":false,"isCreateable":true,"isUpdateable":true,"isFilterable":true,"isCalculated":false,"filterType":"STRING","showLabel":false,"naturalOrder":29,"typeConfigFields":[],"linkedFields":["ASSISTANTPHONE"],"relatedInfos":[],"references":[]},"expression":"ASSISTANTPHONE"},{"@type":"fieldMap","id":"19717468","targetField":{"@type":"field","id":116918964,"name":"ReportsToId","type":"reference","uniqueName":"ReportsToId","label":"Reports To ID","parentObject":"Contact","pcType":"STRING","precision":18,"scale":0,"columnIndex":30,"isKey":false,"isWaterMarkKey":false,"isExternalId":false,"isSfIdLookup":false,"isNullable":true,"isUnique":false,"isCreateable":true,"isUpdateable":true,"isFilterable":true,"isCalculated":false,"filterType":"STRING","showLabel":false,"naturalOrder":30,"typeConfigFields":[],"linkedFields":["REPORTSTOID"],"relatedInfos":[{"@type":"fieldRelatedInfo","id":200716,"referenceObject":"Contact","relationshipName":"ReportsTo","referenceField":{"@type":"field","id":-1,"precision":0,"scale":0,"columnIndex":-1,"isKey":false,"isWaterMarkKey":false,"isExternalId":false,"isSfIdLookup":false,"isNullable":true,"isUnique":false,"isCreateable":false,"isUpdateable":true,"isFilterable":true,"isCalculated":false,"showLabel":true,"naturalOrder":0,"typeConfigFields":[],"linkedFields":[],"relatedInfos":[],"references":[]}}],"references":[]},"expression":"REPORTSTOID"},{"@type":"fieldMap","id":"19717469","targetField":{"@type":"field","id":116918965,"name":"Email","type":"email","uniqueName":"Email","label":"Email","parentObject":"Contact","pcType":"STRING","precision":80,"scale":0,"columnIndex":31,"isKey":false,"isWaterMarkKey":false,"isExternalId":false,"isSfIdLookup":true,"isNullable":true,"isUnique":false,"isCreateable":true,"isUpdateable":true,"isFilterable":true,"isCalculated":false,"filterType":"STRING","showLabel":false,"naturalOrder":31,"typeConfigFields":[],"linkedFields":["EMAIL"],"relatedInfos":[],"references":[]},"expression":"EMAIL"},{"@type":"fieldMap","id":"19717470","targetField":{"@type":"field","id":116918966,"name":"Title","type":"string","uniqueName":"Title","label":"Title","parentObject":"Contact","pcType":"STRING","precision":128,"scale":0,"columnIndex":32,"isKey":false,"isWaterMarkKey":false,"isExternalId":false,"isSfIdLookup":false,"isNullable":true,"isUnique":false,"isCreateable":true,"isUpdateable":true,"isFilterable":true,"isCalculated":false,"filterType":"STRING","showLabel":false,"naturalOrder":32,"typeConfigFields":[],"linkedFields":["TITLE"],"relatedInfos":[],"references":[]},"expression":"TITLE"},{"@type":"fieldMap","id":"19717471","targetField":{"@type":"field","id":116918967,"name":"Department","type":"string","uniqueName":"Department","label":"Department","parentObject":"Contact","pcType":"STRING","precision":80,"scale":0,"columnIndex":33,"isKey":false,"isWaterMarkKey":false,"isExternalId":false,"isSfIdLookup":false,"isNullable":true,"isUnique":false,"isCreateable":true,"isUpdateable":true,"isFilterable":true,"isCalculated":false,"filterType":"STRING","showLabel":false,"naturalOrder":33,"typeConfigFields":[],"linkedFields":["DEPARTMENT"],"relatedInfos":[],"references":[]},"expression":"DEPARTMENT"},{"@type":"fieldMap","id":"19717472","targetField":{"@type":"field","id":116918968,"name":"AssistantName","type":"string","uniqueName":"AssistantName","label":"Assistant's Name","parentObject":"Contact","pcType":"STRING","precision":40,"scale":0,"columnIndex":34,"isKey":false,"isWaterMarkKey":false,"isExternalId":false,"isSfIdLookup":false,"isNullable":true,"isUnique":false,"isCreateable":true,"isUpdateable":true,"isFilterable":true,"isCalculated":false,"filterType":"STRING","showLabel":false,"naturalOrder":34,"typeConfigFields":[],"linkedFields":["ASSISTANTNAME"],"relatedInfos":[],"references":[]},"expression":"ASSISTANTNAME"},{"@type":"fieldMap","id":"19717473","targetField":{"@type":"field","id":116918969,"name":"LeadSource","type":"picklist","uniqueName":"LeadSource","label":"Lead Source","parentObject":"Contact","pcType":"STRING","precision":255,"scale":0,"columnIndex":35,"isKey":false,"isWaterMarkKey":false,"isExternalId":false,"isSfIdLookup":false,"isNullable":true,"isUnique":false,"isCreateable":true,"isUpdateable":true,"isFilterable":true,"isCalculated":false,"filterType":"STRING","showLabel":false,"naturalOrder":35,"typeConfigFields":[],"linkedFields":["LEADSOURCE"],"relatedInfos":[],"references":[]},"expression":"LEADSOURCE"},{"@type":"fieldMap","id":"19717474","targetField":{"@type":"field","id":116918970,"name":"Birthdate","type":"date","uniqueName":"Birthdate","label":"Birthdate","parentObject":"Contact","pcType":"DATE","precision":10,"scale":0,"columnIndex":36,"isKey":false,"isWaterMarkKey":false,"isExternalId":false,"isSfIdLookup":false,"isNullable":true,"isUnique":false,"isCreateable":true,"isUpdateable":true,"isFilterable":true,"isCalculated":false,"filterType":"DATE","showLabel":false,"naturalOrder":36,"typeConfigFields":[],"linkedFields":["BIRTHDATE"],"relatedInfos":[],"references":[]},"expression":"BIRTHDATE"},{"@type":"fieldMap","id":"19717475","targetField":{"@type":"field","id":116918971,"name":"Description","type":"textarea","uniqueName":"Description","label":"Contact Description","parentObject":"Contact","pcType":"STRING","precision":32000,"scale":0,"columnIndex":37,"isKey":false,"isWaterMarkKey":false,"isExternalId":false,"isSfIdLookup":false,"isNullable":true,"isUnique":false,"isCreateable":true,"isUpdateable":true,"isFilterable":false,"isCalculated":false,"filterType":"STRING","showLabel":false,"naturalOrder":37,"typeConfigFields":[],"linkedFields":["DESCRIPTION"],"relatedInfos":[],"references":[]},"expression":"DESCRIPTION"},{"@type":"fieldMap","id":"19717476","targetField":{"@type":"field","id":116918972,"name":"OwnerId","type":"reference","uniqueName":"OwnerId","label":"Owner ID","parentObject":"Contact","pcType":"STRING","precision":18,"scale":0,"columnIndex":38,"isKey":false,"isWaterMarkKey":false,"isExternalId":false,"isSfIdLookup":false,"isNullable":false,"isUnique":false,"isCreateable":true,"isUpdateable":true,"isFilterable":true,"isCalculated":false,"filterType":"STRING","showLabel":false,"naturalOrder":38,"typeConfigFields":[],"linkedFields":["OWNERID"],"relatedInfos":[{"@type":"fieldRelatedInfo","id":200717,"referenceObject":"User","relationshipName":"Owner","referenceField":{"@type":"field","id":-1,"precision":0,"scale":0,"columnIndex":-1,"isKey":false,"isWaterMarkKey":false,"isExternalId":false,"isSfIdLookup":false,"isNullable":true,"isUnique":false,"isCreateable":false,"isUpdateable":true,"isFilterable":true,"isCalculated":false,"showLabel":true,"naturalOrder":0,"typeConfigFields":[],"linkedFields":[],"relatedInfos":[],"references":[]}}],"references":[]},"expression":"OWNERID"},{"@type":"fieldMap","id":"19717477","targetField":{"@type":"field","id":116918973,"name":"CreatedDate","type":"datetime","uniqueName":"CreatedDate","label":"Created Date","parentObject":"Contact","pcType":"DATE","precision":24,"scale":0,"columnIndex":39,"isKey":false,"isWaterMarkKey":false,"isExternalId":false,"isSfIdLookup":false,"isNullable":false,"isUnique":false,"isCreateable":false,"isUpdateable":false,"isFilterable":true,"isCalculated":false,"filterType":"DATETIME","showLabel":false,"naturalOrder":39,"typeConfigFields":[],"linkedFields":["CREATEDDATE"],"relatedInfos":[],"references":[]},"expression":"CREATEDDATE"},{"@type":"fieldMap","id":"19717478","targetField":{"@type":"field","id":116918974,"name":"CreatedById","type":"reference","uniqueName":"CreatedById","label":"Created By ID","parentObject":"Contact","pcType":"STRING","precision":18,"scale":0,"columnIndex":40,"isKey":false,"isWaterMarkKey":false,"isExternalId":false,"isSfIdLookup":false,"isNullable":false,"isUnique":false,"isCreateable":false,"isUpdateable":false,"isFilterable":true,"isCalculated":false,"filterType":"STRING","showLabel":false,"naturalOrder":40,"typeConfigFields":[],"linkedFields":["CREATEDBYID"],"relatedInfos":[{"@type":"fieldRelatedInfo","id":200718,"referenceObject":"User","relationshipName":"CreatedBy","referenceField":{"@type":"field","id":-1,"precision":0,"scale":0,"columnIndex":-1,"isKey":false,"isWaterMarkKey":false,"isExternalId":false,"isSfIdLookup":false,"isNullable":true,"isUnique":false,"isCreateable":false,"isUpdateable":true,"isFilterable":true,"isCalculated":false,"showLabel":true,"naturalOrder":0,"typeConfigFields":[],"linkedFields":[],"relatedInfos":[],"references":[]}}],"references":[]},"expression":"CREATEDBYID"},{"@type":"fieldMap","id":"19717479","targetField":{"@type":"field","id":116918975,"name":"LastModifiedDate","type":"datetime","uniqueName":"LastModifiedDate","label":"Last Modified Date","parentObject":"Contact","pcType":"DATE","precision":24,"scale":0,"columnIndex":41,"isKey":false,"isWaterMarkKey":false,"isExternalId":false,"isSfIdLookup":false,"isNullable":false,"isUnique":false,"isCreateable":false,"isUpdateable":false,"isFilterable":true,"isCalculated":false,"filterType":"DATETIME","showLabel":false,"naturalOrder":41,"typeConfigFields":[],"linkedFields":["LASTMODIFIEDDATE"],"relatedInfos":[],"references":[]},"expression":"LASTMODIFIEDDATE"},{"@type":"fieldMap","id":"19717480","targetField":{"@type":"field","id":116918976,"name":"LastModifiedById","type":"reference","uniqueName":"LastModifiedById","label":"Last Modified By ID","parentObject":"Contact","pcType":"STRING","precision":18,"scale":0,"columnIndex":42,"isKey":false,"isWaterMarkKey":false,"isExternalId":false,"isSfIdLookup":false,"isNullable":false,"isUnique":false,"isCreateable":false,"isUpdateable":false,"isFilterable":true,"isCalculated":false,"filterType":"STRING","showLabel":false,"naturalOrder":42,"typeConfigFields":[],"linkedFields":["LASTMODIFIEDBYID"],"relatedInfos":[{"@type":"fieldRelatedInfo","id":200719,"referenceObject":"User","relationshipName":"LastModifiedBy","referenceField":{"@type":"field","id":-1,"precision":0,"scale":0,"columnIndex":-1,"isKey":false,"isWaterMarkKey":false,"isExternalId":false,"isSfIdLookup":false,"isNullable":true,"isUnique":false,"isCreateable":false,"isUpdateable":true,"isFilterable":true,"isCalculated":false,"showLabel":true,"naturalOrder":0,"typeConfigFields":[],"linkedFields":[],"relatedInfos":[],"references":[]}}],"references":[]},"expression":"LASTMODIFIEDBYID"},{"@type":"fieldMap","id":"19717481","targetField":{"@type":"field","id":116918977,"name":"SystemModstamp","type":"datetime","uniqueName":"SystemModstamp","label":"System Modstamp","parentObject":"Contact","pcType":"DATE","precision":24,"scale":0,"columnIndex":43,"isKey":false,"isWaterMarkKey":false,"isExternalId":false,"isSfIdLookup":false,"isNullable":false,"isUnique":false,"isCreateable":false,"isUpdateable":false,"isFilterable":true,"isCalculated":false,"filterType":"DATETIME","showLabel":false,"naturalOrder":43,"typeConfigFields":[],"linkedFields":["SYSTEMMODSTAMP"],"relatedInfos":[],"references":[]},"expression":"SYSTEMMODSTAMP"},{"@type":"fieldMap","id":"19717482","targetField":{"@type":"field","id":116918978,"name":"LastActivityDate","type":"date","uniqueName":"LastActivityDate","label":"Last Activity","parentObject":"Contact","pcType":"DATE","precision":10,"scale":0,"columnIndex":44,"isKey":false,"isWaterMarkKey":false,"isExternalId":false,"isSfIdLookup":false,"isNullable":true,"isUnique":false,"isCreateable":false,"isUpdateable":false,"isFilterable":true,"isCalculated":false,"filterType":"DATE","showLabel":false,"naturalOrder":44,"typeConfigFields":[],"linkedFields":["LASTACTIVITYDATE"],"relatedInfos":[],"references":[]},"expression":"LASTACTIVITYDATE"},{"@type":"fieldMap","id":"19717483","targetField":{"@type":"field","id":116918979,"name":"LastCURequestDate","type":"datetime","uniqueName":"LastCURequestDate","label":"Last Stay-in-Touch Request Date","parentObject":"Contact","pcType":"DATE","precision":24,"scale":0,"columnIndex":45,"isKey":false,"isWaterMarkKey":false,"isExternalId":false,"isSfIdLookup":false,"isNullable":true,"isUnique":false,"isCreateable":false,"isUpdateable":false,"isFilterable":true,"isCalculated":false,"filterType":"DATETIME","showLabel":false,"naturalOrder":45,"typeConfigFields":[],"linkedFields":["LASTCUREQUESTDATE"],"relatedInfos":[],"references":[]},"expression":"LASTCUREQUESTDATE"},{"@type":"fieldMap","id":"19717484","targetField":{"@type":"field","id":116918980,"name":"LastCUUpdateDate","type":"datetime","uniqueName":"LastCUUpdateDate","label":"Last Stay-in-Touch Save Date","parentObject":"Contact","pcType":"DATE","precision":24,"scale":0,"columnIndex":46,"isKey":false,"isWaterMarkKey":false,"isExternalId":false,"isSfIdLookup":false,"isNullable":true,"isUnique":false,"isCreateable":false,"isUpdateable":false,"isFilterable":true,"isCalculated":false,"filterType":"DATETIME","showLabel":false,"naturalOrder":46,"typeConfigFields":[],"linkedFields":["LASTCUUPDATEDATE"],"relatedInfos":[],"references":[]},"expression":"LASTCUUPDATEDATE"},{"@type":"fieldMap","id":"19717485","targetField":{"@type":"field","id":116918981,"name":"LastViewedDate","type":"datetime","uniqueName":"LastViewedDate","label":"Last Viewed Date","parentObject":"Contact","pcType":"DATE","precision":24,"scale":0,"columnIndex":47,"isKey":false,"isWaterMarkKey":false,"isExternalId":false,"isSfIdLookup":false,"isNullable":true,"isUnique":false,"isCreateable":false,"isUpdateable":false,"isFilterable":true,"isCalculated":false,"filterType":"DATETIME","showLabel":false,"naturalOrder":47,"typeConfigFields":[],"linkedFields":["LASTVIEWEDDATE"],"relatedInfos":[],"references":[]},"expression":"LASTVIEWEDDATE"},{"@type":"fieldMap","id":"19717486","targetField":{"@type":"field","id":116918982,"name":"LastReferencedDate","type":"datetime","uniqueName":"LastReferencedDate","label":"Last Referenced Date","parentObject":"Contact","pcType":"DATE","precision":24,"scale":0,"columnIndex":48,"isKey":false,"isWaterMarkKey":false,"isExternalId":false,"isSfIdLookup":false,"isNullable":true,"isUnique":false,"isCreateable":false,"isUpdateable":false,"isFilterable":true,"isCalculated":false,"filterType":"DATETIME","showLabel":false,"naturalOrder":48,"typeConfigFields":[],"linkedFields":["LASTREFERENCEDDATE"],"relatedInfos":[],"references":[]},"expression":"LASTREFERENCEDDATE"},{"@type":"fieldMap","id":"19717487","targetField":{"@type":"field","id":116918983,"name":"EmailBouncedReason","type":"string","uniqueName":"EmailBouncedReason","label":"Email Bounced Reason","parentObject":"Contact","pcType":"STRING","precision":255,"scale":0,"columnIndex":49,"isKey":false,"isWaterMarkKey":false,"isExternalId":false,"isSfIdLookup":false,"isNullable":true,"isUnique":false,"isCreateable":true,"isUpdateable":true,"isFilterable":true,"isCalculated":false,"filterType":"STRING","showLabel":false,"naturalOrder":49,"typeConfigFields":[],"linkedFields":["EMAILBOUNCEDREASON"],"relatedInfos":[],"references":[]},"expression":"EMAILBOUNCEDREASON"},{"@type":"fieldMap","id":"19717488","targetField":{"@type":"field","id":116918984,"name":"EmailBouncedDate","type":"datetime","uniqueName":"EmailBouncedDate","label":"Email Bounced Date","parentObject":"Contact","pcType":"DATE","precision":24,"scale":0,"columnIndex":50,"isKey":false,"isWaterMarkKey":false,"isExternalId":false,"isSfIdLookup":false,"isNullable":true,"isUnique":false,"isCreateable":true,"isUpdateable":true,"isFilterable":true,"isCalculated":false,"filterType":"DATETIME","showLabel":false,"naturalOrder":50,"typeConfigFields":[],"linkedFields":["EMAILBOUNCEDDATE"],"relatedInfos":[],"references":[]},"expression":"EMAILBOUNCEDDATE"},{"@type":"fieldMap","id":"19717489","targetField":{"@type":"field","id":116918985,"name":"IsEmailBounced","type":"boolean","uniqueName":"IsEmailBounced","label":"Is Email Bounced","parentObject":"Contact","pcType":"INT","precision":10,"scale":0,"columnIndex":51,"isKey":false,"isWaterMarkKey":false,"isExternalId":false,"isSfIdLookup":false,"isNullable":false,"isUnique":false,"isCreateable":false,"isUpdateable":false,"isFilterable":true,"isCalculated":false,"filterType":"BOOLEAN","showLabel":false,"naturalOrder":51,"typeConfigFields":[],"linkedFields":["ISEMAILBOUNCED"],"relatedInfos":[],"references":[]},"expression":"ISEMAILBOUNCED"},{"@type":"fieldMap","id":"19717490","targetField":{"@type":"field","id":116918986,"name":"PhotoUrl","type":"url","uniqueName":"PhotoUrl","label":"Photo URL","parentObject":"Contact","pcType":"STRING","precision":255,"scale":0,"columnIndex":52,"isKey":false,"isWaterMarkKey":false,"isExternalId":false,"isSfIdLookup":false,"isNullable":true,"isUnique":false,"isCreateable":false,"isUpdateable":false,"isFilterable":true,"isCalculated":false,"filterType":"STRING","showLabel":false,"naturalOrder":52,"typeConfigFields":[],"linkedFields":["PHOTOURL"],"relatedInfos":[],"references":[]},"expression":"PHOTOURL"},{"@type":"fieldMap","id":"19717491","targetField":{"@type":"field","id":116918987,"name":"Jigsaw","type":"string","uniqueName":"Jigsaw","label":"Data.com Key","parentObject":"Contact","pcType":"STRING","precision":20,"scale":0,"columnIndex":53,"isKey":false,"isWaterMarkKey":false,"isExternalId":false,"isSfIdLookup":false,"isNullable":true,"isUnique":false,"isCreateable":true,"isUpdateable":true,"isFilterable":true,"isCalculated":false,"filterType":"STRING","showLabel":false,"naturalOrder":53,"typeConfigFields":[],"linkedFields":["JIGSAW"],"relatedInfos":[],"references":[]},"expression":"JIGSAW"},{"@type":"fieldMap","id":"19717492","targetField":{"@type":"field","id":116918988,"name":"JigsawContactId","type":"string","uniqueName":"JigsawContactId","label":"Jigsaw Contact ID","parentObject":"Contact","pcType":"STRING","precision":20,"scale":0,"columnIndex":54,"isKey":false,"isWaterMarkKey":false,"isExternalId":false,"isSfIdLookup":false,"isNullable":true,"isUnique":false,"isCreateable":false,"isUpdateable":false,"isFilterable":true,"isCalculated":false,"filterType":"STRING","showLabel":false,"naturalOrder":54,"typeConfigFields":[],"linkedFields":["JIGSAWCONTACTID"],"relatedInfos":[],"references":[]},"expression":"JIGSAWCONTACTID"},{"@type":"fieldMap","id":"19717493","targetField":{"@type":"field","id":116918989,"name":"CleanStatus","type":"picklist","uniqueName":"CleanStatus","label":"Clean Status","parentObject":"Contact","pcType":"STRING","precision":40,"scale":0,"columnIndex":55,"isKey":false,"isWaterMarkKey":false,"isExternalId":false,"isSfIdLookup":false,"isNullable":true,"isUnique":false,"isCreateable":true,"isUpdateable":true,"isFilterable":true,"isCalculated":false,"filterType":"STRING","showLabel":false,"naturalOrder":55,"typeConfigFields":[],"linkedFields":["CLEANSTATUS"],"relatedInfos":[],"references":[]},"expression":"CLEANSTATUS"},{"@type":"fieldMap","id":"19717494","targetField":{"@type":"field","id":116918990,"name":"IndividualId","type":"reference","uniqueName":"IndividualId","label":"Individual ID","parentObject":"Contact","pcType":"STRING","precision":18,"scale":0,"columnIndex":56,"isKey":false,"isWaterMarkKey":false,"isExternalId":false,"isSfIdLookup":false,"isNullable":true,"isUnique":false,"isCreateable":true,"isUpdateable":true,"isFilterable":true,"isCalculated":false,"filterType":"STRING","showLabel":false,"naturalOrder":56,"typeConfigFields":[],"linkedFields":["INDIVIDUALID"],"relatedInfos":[{"@type":"fieldRelatedInfo","id":200720,"referenceObject":"Individual","relationshipName":"Individual","referenceField":{"@type":"field","id":-1,"precision":0,"scale":0,"columnIndex":-1,"isKey":false,"isWaterMarkKey":false,"isExternalId":false,"isSfIdLookup":false,"isNullable":true,"isUnique":false,"isCreateable":false,"isUpdateable":true,"isFilterable":true,"isCalculated":false,"showLabel":true,"naturalOrder":0,"typeConfigFields":[],"linkedFields":[],"relatedInfos":[],"references":[]}}],"references":[]},"expression":"INDIVIDUALID"},{"@type":"fieldMap","id":"19717495","targetField":{"@type":"field","id":116918991,"name":"Level__c","type":"picklist","uniqueName":"Level__c","label":"Level","parentObject":"Contact","pcType":"STRING","precision":255,"scale":0,"columnIndex":57,"isKey":false,"isWaterMarkKey":false,"isExternalId":false,"isSfIdLookup":false,"isNullable":true,"isUnique":false,"isCreateable":true,"isUpdateable":true,"isFilterable":true,"isCalculated":false,"filterType":"STRING","showLabel":false,"naturalOrder":57,"typeConfigFields":[],"linkedFields":["LEVEL__C"],"relatedInfos":[],"references":[]},"expression":"LEVEL__C"},{"@type":"fieldMap","id":"19717496","targetField":{"@type":"field","id":116918992,"name":"Languages__c","type":"string","uniqueName":"Languages__c","label":"Languages","parentObject":"Contact","pcType":"STRING","precision":100,"scale":0,"columnIndex":58,"isKey":false,"isWaterMarkKey":false,"isExternalId":false,"isSfIdLookup":false,"isNullable":true,"isUnique":false,"isCreateable":true,"isUpdateable":true,"isFilterable":true,"isCalculated":false,"filterType":"STRING","showLabel":false,"naturalOrder":58,"typeConfigFields":[],"linkedFields":["LANGUAGES__C"],"relatedInfos":[],"references":[]},"expression":"LANGUAGES__C"}],"sourceFields":[{"@type":"field","id":116918993,"name":"ID","type":"nvarchar","uniqueName":"ID","label":"ID","parentObject":"SF_CONTACT","pcType":"UNISTRING","precision":36,"scale":0,"columnIndex":0,"isKey":false,"isWaterMarkKey":false,"isExternalId":false,"isSfIdLookup":false,"isNullable":true,"isUnique":false,"isCreateable":false,"isUpdateable":true,"isFilterable":true,"isCalculated":false,"filterType":"STRING","showLabel":false,"naturalOrder":0,"typeConfigFields":[],"linkedFields":["Id"],"relatedInfos":[],"references":[]},{"@type":"field","id":116918994,"name":"ISDELETED","type":"double","uniqueName":"ISDELETED","label":"ISDELETED","parentObject":"SF_CONTACT","pcType":"FLOAT","precision":15,"scale":0,"columnIndex":1,"isKey":false,"isWaterMarkKey":false,"isExternalId":false,"isSfIdLookup":false,"isNullable":true,"isUnique":false,"isCreateable":false,"isUpdateable":true,"isFilterable":true,"isCalculated":false,"filterType":"DOUBLE","showLabel":false,"naturalOrder":1,"typeConfigFields":[],"linkedFields":["IsDeleted"],"relatedInfos":[],"references":[]},{"@type":"field","id":116918995,"name":"MASTERRECORDID","type":"nvarchar","uniqueName":"MASTERRECORDID","label":"MASTERRECORDID","parentObject":"SF_CONTACT","pcType":"UNISTRING","precision":36,"scale":0,"columnIndex":2,"isKey":false,"isWaterMarkKey":false,"isExternalId":false,"isSfIdLookup":false,"isNullable":true,"isUnique":false,"isCreateable":false,"isUpdateable":true,"isFilterable":true,"isCalculated":false,"filterType":"STRING","showLabel":false,"naturalOrder":2,"typeConfigFields":[],"linkedFields":["MasterRecordId"],"relatedInfos":[],"references":[]},{"@type":"field","id":116918996,"name":"ACCOUNTID","type":"nvarchar","uniqueName":"ACCOUNTID","label":"ACCOUNTID","parentObject":"SF_CONTACT","pcType":"UNISTRING","precision":36,"scale":0,"columnIndex":3,"isKey":false,"isWaterMarkKey":false,"isExternalId":false,"isSfIdLookup":false,"isNullable":true,"isUnique":false,"isCreateable":false,"isUpdateable":true,"isFilterable":true,"isCalculated":false,"filterType":"STRING","showLabel":false,"naturalOrder":3,"typeConfigFields":[],"linkedFields":["AccountId"],"relatedInfos":[],"references":[]},{"@type":"field","id":116918997,"name":"LASTNAME","type":"nvarchar","uniqueName":"LASTNAME","label":"LASTNAME","parentObject":"SF_CONTACT","pcType":"UNISTRING","precision":160,"scale":0,"columnIndex":4,"isKey":false,"isWaterMarkKey":false,"isExternalId":false,"isSfIdLookup":false,"isNullable":true,"isUnique":false,"isCreateable":false,"isUpdateable":true,"isFilterable":true,"isCalculated":false,"filterType":"STRING","showLabel":false,"naturalOrder":4,"typeConfigFields":[],"linkedFields":["LastName"],"relatedInfos":[],"references":[]},{"@type":"field","id":116918998,"name":"FIRSTNAME","type":"nvarchar","uniqueName":"FIRSTNAME","label":"FIRSTNAME","parentObject":"SF_CONTACT","pcType":"UNISTRING","precision":80,"scale":0,"columnIndex":5,"isKey":false,"isWaterMarkKey":false,"isExternalId":false,"isSfIdLookup":false,"isNullable":true,"isUnique":false,"isCreateable":false,"isUpdateable":true,"isFilterable":true,"isCalculated":false,"filterType":"STRING","showLabel":false,"naturalOrder":5,"typeConfigFields":[],"linkedFields":["FirstName"],"relatedInfos":[],"references":[]},{"@type":"field","id":116918999,"name":"SALUTATION","type":"nvarchar","uniqueName":"SALUTATION","label":"SALUTATION","parentObject":"SF_CONTACT","pcType":"UNISTRING","precision":80,"scale":0,"columnIndex":6,"isKey":false,"isWaterMarkKey":false,"isExternalId":false,"isSfIdLookup":false,"isNullable":true,"isUnique":false,"isCreateable":false,"isUpdateable":true,"isFilterable":true,"isCalculated":false,"filterType":"STRING","showLabel":false,"naturalOrder":6,"typeConfigFields":[],"linkedFields":["Salutation"],"relatedInfos":[],"references":[]},{"@type":"field","id":116919000,"name":"NAME","type":"nvarchar","uniqueName":"NAME","label":"NAME","parentObject":"SF_CONTACT","pcType":"UNISTRING","precision":242,"scale":0,"columnIndex":7,"isKey":false,"isWaterMarkKey":false,"isExternalId":false,"isSfIdLookup":false,"isNullable":true,"isUnique":false,"isCreateable":false,"isUpdateable":true,"isFilterable":true,"isCalculated":false,"filterType":"STRING","showLabel":false,"naturalOrder":7,"typeConfigFields":[],"linkedFields":["Name"],"relatedInfos":[],"references":[]},{"@type":"field","id":116919001,"name":"OTHERSTREET","type":"nvarchar","uniqueName":"OTHERSTREET","label":"OTHERSTREET","parentObject":"SF_CONTACT","pcType":"UNISTRING","precision":510,"scale":0,"columnIndex":8,"isKey":false,"isWaterMarkKey":false,"isExternalId":false,"isSfIdLookup":false,"isNullable":true,"isUnique":false,"isCreateable":false,"isUpdateable":true,"isFilterable":true,"isCalculated":false,"filterType":"STRING","showLabel":false,"naturalOrder":8,"typeConfigFields":[],"linkedFields":["OtherStreet"],"relatedInfos":[],"references":[]},{"@type":"field","id":116919002,"name":"OTHERCITY","type":"nvarchar","uniqueName":"OTHERCITY","label":"OTHERCITY","parentObject":"SF_CONTACT","pcType":"UNISTRING","precision":80,"scale":0,"columnIndex":9,"isKey":false,"isWaterMarkKey":false,"isExternalId":false,"isSfIdLookup":false,"isNullable":true,"isUnique":false,"isCreateable":false,"isUpdateable":true,"isFilterable":true,"isCalculated":false,"filterType":"STRING","showLabel":false,"naturalOrder":9,"typeConfigFields":[],"linkedFields":["OtherCity"],"relatedInfos":[],"references":[]},{"@type":"field","id":116919003,"name":"OTHERSTATE","type":"nvarchar","uniqueName":"OTHERSTATE","label":"OTHERSTATE","parentObject":"SF_CONTACT","pcType":"UNISTRING","precision":160,"scale":0,"columnIndex":10,"isKey":false,"isWaterMarkKey":false,"isExternalId":false,"isSfIdLookup":false,"isNullable":true,"isUnique":false,"isCreateable":false,"isUpdateable":true,"isFilterable":true,"isCalculated":false,"filterType":"STRING","showLabel":false,"naturalOrder":10,"typeConfigFields":[],"linkedFields":["OtherState"],"relatedInfos":[],"references":[]},{"@type":"field","id":116919004,"name":"OTHERPOSTALCODE","type":"nvarchar","uniqueName":"OTHERPOSTALCODE","label":"OTHERPOSTALCODE","parentObject":"SF_CONTACT","pcType":"UNISTRING","precision":40,"scale":0,"columnIndex":11,"isKey":false,"isWaterMarkKey":false,"isExternalId":false,"isSfIdLookup":false,"isNullable":true,"isUnique":false,"isCreateable":false,"isUpdateable":true,"isFilterable":true,"isCalculated":false,"filterType":"STRING","showLabel":false,"naturalOrder":11,"typeConfigFields":[],"linkedFields":["OtherPostalCode"],"relatedInfos":[],"references":[]},{"@type":"field","id":116919005,"name":"OTHERCOUNTRY","type":"nvarchar","uniqueName":"OTHERCOUNTRY","label":"OTHERCOUNTRY","parentObject":"SF_CONTACT","pcType":"UNISTRING","precision":160,"scale":0,"columnIndex":12,"isKey":false,"isWaterMarkKey":false,"isExternalId":false,"isSfIdLookup":false,"isNullable":true,"isUnique":false,"isCreateable":false,"isUpdateable":true,"isFilterable":true,"isCalculated":false,"filterType":"STRING","showLabel":false,"naturalOrder":12,"typeConfigFields":[],"linkedFields":["OtherCountry"],"relatedInfos":[],"references":[]},{"@type":"field","id":116919006,"name":"OTHERLATITUDE","type":"decimal","uniqueName":"OTHERLATITUDE","label":"OTHERLATITUDE","parentObject":"SF_CONTACT","pcType":"HIPRECDECIMAL","precision":18,"scale":15,"columnIndex":13,"isKey":false,"isWaterMarkKey":false,"isExternalId":false,"isSfIdLookup":false,"isNullable":true,"isUnique":false,"isCreateable":false,"isUpdateable":true,"isFilterable":true,"isCalculated":false,"filterType":"DOUBLE","showLabel":false,"naturalOrder":13,"typeConfigFields":[],"linkedFields":["OtherLatitude"],"relatedInfos":[],"references":[]},{"@type":"field","id":116919007,"name":"OTHERLONGITUDE","type":"decimal","uniqueName":"OTHERLONGITUDE","label":"OTHERLONGITUDE","parentObject":"SF_CONTACT","pcType":"HIPRECDECIMAL","precision":18,"scale":15,"columnIndex":14,"isKey":false,"isWaterMarkKey":false,"isExternalId":false,"isSfIdLookup":false,"isNullable":true,"isUnique":false,"isCreateable":false,"isUpdateable":true,"isFilterable":true,"isCalculated":false,"filterType":"DOUBLE","showLabel":false,"naturalOrder":14,"typeConfigFields":[],"linkedFields":["OtherLongitude"],"relatedInfos":[],"references":[]},{"@type":"field","id":116919008,"name":"OTHERGEOCODEACCURACY","type":"nvarchar","uniqueName":"OTHERGEOCODEACCURACY","label":"OTHERGEOCODEACCURACY","parentObject":"SF_CONTACT","pcType":"UNISTRING","precision":80,"scale":0,"columnIndex":15,"isKey":false,"isWaterMarkKey":false,"isExternalId":false,"isSfIdLookup":false,"isNullable":true,"isUnique":false,"isCreateable":false,"isUpdateable":true,"isFilterable":true,"isCalculated":false,"filterType":"STRING","showLabel":false,"naturalOrder":15,"typeConfigFields":[],"linkedFields":["OtherGeocodeAccuracy"],"relatedInfos":[],"references":[]},{"@type":"field","id":116919009,"name":"MAILINGSTREET","type":"nvarchar","uniqueName":"MAILINGSTREET","label":"MAILINGSTREET","parentObject":"SF_CONTACT","pcType":"UNISTRING","precision":510,"scale":0,"columnIndex":16,"isKey":false,"isWaterMarkKey":false,"isExternalId":false,"isSfIdLookup":false,"isNullable":true,"isUnique":false,"isCreateable":false,"isUpdateable":true,"isFilterable":true,"isCalculated":false,"filterType":"STRING","showLabel":false,"naturalOrder":16,"typeConfigFields":[],"linkedFields":["MailingStreet"],"relatedInfos":[],"references":[]},{"@type":"field","id":116919010,"name":"MAILINGCITY","type":"nvarchar","uniqueName":"MAILINGCITY","label":"MAILINGCITY","parentObject":"SF_CONTACT","pcType":"UNISTRING","precision":80,"scale":0,"columnIndex":17,"isKey":false,"isWaterMarkKey":false,"isExternalId":false,"isSfIdLookup":false,"isNullable":true,"isUnique":false,"isCreateable":false,"isUpdateable":true,"isFilterable":true,"isCalculated":false,"filterType":"STRING","showLabel":false,"naturalOrder":17,"typeConfigFields":[],"linkedFields":["MailingCity"],"relatedInfos":[],"references":[]},{"@type":"field","id":116919011,"name":"MAILINGSTATE","type":"nvarchar","uniqueName":"MAILINGSTATE","label":"MAILINGSTATE","parentObject":"SF_CONTACT","pcType":"UNISTRING","precision":160,"scale":0,"columnIndex":18,"isKey":false,"isWaterMarkKey":false,"isExternalId":false,"isSfIdLookup":false,"isNullable":true,"isUnique":false,"isCreateable":false,"isUpdateable":true,"isFilterable":true,"isCalculated":false,"filterType":"STRING","showLabel":false,"naturalOrder":18,"typeConfigFields":[],"linkedFields":["MailingState"],"relatedInfos":[],"references":[]},{"@type":"field","id":116919012,"name":"MAILINGPOSTALCODE","type":"nvarchar","uniqueName":"MAILINGPOSTALCODE","label":"MAILINGPOSTALCODE","parentObject":"SF_CONTACT","pcType":"UNISTRING","precision":40,"scale":0,"columnIndex":19,"isKey":false,"isWaterMarkKey":false,"isExternalId":false,"isSfIdLookup":false,"isNullable":true,"isUnique":false,"isCreateable":false,"isUpdateable":true,"isFilterable":true,"isCalculated":false,"filterType":"STRING","showLabel":false,"naturalOrder":19,"typeConfigFields":[],"linkedFields":["MailingPostalCode"],"relatedInfos":[],"references":[]},{"@type":"field","id":116919013,"name":"MAILINGCOUNTRY","type":"nvarchar","uniqueName":"MAILINGCOUNTRY","label":"MAILINGCOUNTRY","parentObject":"SF_CONTACT","pcType":"UNISTRING","precision":160,"scale":0,"columnIndex":20,"isKey":false,"isWaterMarkKey":false,"isExternalId":false,"isSfIdLookup":false,"isNullable":true,"isUnique":false,"isCreateable":false,"isUpdateable":true,"isFilterable":true,"isCalculated":false,"filterType":"STRING","showLabel":false,"naturalOrder":20,"typeConfigFields":[],"linkedFields":["MailingCountry"],"relatedInfos":[],"references":[]},{"@type":"field","id":116919014,"name":"MAILINGLATITUDE","type":"decimal","uniqueName":"MAILINGLATITUDE","label":"MAILINGLATITUDE","parentObject":"SF_CONTACT","pcType":"HIPRECDECIMAL","precision":18,"scale":15,"columnIndex":21,"isKey":false,"isWaterMarkKey":false,"isExternalId":false,"isSfIdLookup":false,"isNullable":true,"isUnique":false,"isCreateable":false,"isUpdateable":true,"isFilterable":true,"isCalculated":false,"filterType":"DOUBLE","showLabel":false,"naturalOrder":21,"typeConfigFields":[],"linkedFields":["MailingLatitude"],"relatedInfos":[],"references":[]},{"@type":"field","id":116919015,"name":"MAILINGLONGITUDE","type":"decimal","uniqueName":"MAILINGLONGITUDE","label":"MAILINGLONGITUDE","parentObject":"SF_CONTACT","pcType":"HIPRECDECIMAL","precision":18,"scale":15,"columnIndex":22,"isKey":false,"isWaterMarkKey":false,"isExternalId":false,"isSfIdLookup":false,"isNullable":true,"isUnique":false,"isCreateable":false,"isUpdateable":true,"isFilterable":true,"isCalculated":false,"filterType":"DOUBLE","showLabel":false,"naturalOrder":22,"typeConfigFields":[],"linkedFields":["MailingLongitude"],"relatedInfos":[],"references":[]},{"@type":"field","id":116919016,"name":"MAILINGGEOCODEACCURACY","type":"nvarchar","uniqueName":"MAILINGGEOCODEACCURACY","label":"MAILINGGEOCODEACCURACY","parentObject":"SF_CONTACT","pcType":"UNISTRING","precision":80,"scale":0,"columnIndex":23,"isKey":false,"isWaterMarkKey":false,"isExternalId":false,"isSfIdLookup":false,"isNullable":true,"isUnique":false,"isCreateable":false,"isUpdateable":true,"isFilterable":true,"isCalculated":false,"filterType":"STRING","showLabel":false,"naturalOrder":23,"typeConfigFields":[],"linkedFields":["MailingGeocodeAccuracy"],"relatedInfos":[],"references":[]},{"@type":"field","id":116919017,"name":"PHONE","type":"nvarchar","uniqueName":"PHONE","label":"PHONE","parentObject":"SF_CONTACT","pcType":"UNISTRING","precision":80,"scale":0,"columnIndex":24,"isKey":false,"isWaterMarkKey":false,"isExternalId":false,"isSfIdLookup":false,"isNullable":true,"isUnique":false,"isCreateable":false,"isUpdateable":true,"isFilterable":true,"isCalculated":false,"filterType":"STRING","showLabel":false,"naturalOrder":24,"typeConfigFields":[],"linkedFields":["Phone"],"relatedInfos":[],"references":[]},{"@type":"field","id":116919018,"name":"FAX","type":"nvarchar","uniqueName":"FAX","label":"FAX","parentObject":"SF_CONTACT","pcType":"UNISTRING","precision":80,"scale":0,"columnIndex":25,"isKey":false,"isWaterMarkKey":false,"isExternalId":false,"isSfIdLookup":false,"isNullable":true,"isUnique":false,"isCreateable":false,"isUpdateable":true,"isFilterable":true,"isCalculated":false,"filterType":"STRING","showLabel":false,"naturalOrder":25,"typeConfigFields":[],"linkedFields":["Fax"],"relatedInfos":[],"references":[]},{"@type":"field","id":116919019,"name":"MOBILEPHONE","type":"nvarchar","uniqueName":"MOBILEPHONE","label":"MOBILEPHONE","parentObject":"SF_CONTACT","pcType":"UNISTRING","precision":80,"scale":0,"columnIndex":26,"isKey":false,"isWaterMarkKey":false,"isExternalId":false,"isSfIdLookup":false,"isNullable":true,"isUnique":false,"isCreateable":false,"isUpdateable":true,"isFilterable":true,"isCalculated":false,"filterType":"STRING","showLabel":false,"naturalOrder":26,"typeConfigFields":[],"linkedFields":["MobilePhone"],"relatedInfos":[],"references":[]},{"@type":"field","id":116919020,"name":"HOMEPHONE","type":"nvarchar","uniqueName":"HOMEPHONE","label":"HOMEPHONE","parentObject":"SF_CONTACT","pcType":"UNISTRING","precision":80,"scale":0,"columnIndex":27,"isKey":false,"isWaterMarkKey":false,"isExternalId":false,"isSfIdLookup":false,"isNullable":true,"isUnique":false,"isCreateable":false,"isUpdateable":true,"isFilterable":true,"isCalculated":false,"filterType":"STRING","showLabel":false,"naturalOrder":27,"typeConfigFields":[],"linkedFields":["HomePhone"],"relatedInfos":[],"references":[]},{"@type":"field","id":116919021,"name":"OTHERPHONE","type":"nvarchar","uniqueName":"OTHERPHONE","label":"OTHERPHONE","parentObject":"SF_CONTACT","pcType":"UNISTRING","precision":80,"scale":0,"columnIndex":28,"isKey":false,"isWaterMarkKey":false,"isExternalId":false,"isSfIdLookup":false,"isNullable":true,"isUnique":false,"isCreateable":false,"isUpdateable":true,"isFilterable":true,"isCalculated":false,"filterType":"STRING","showLabel":false,"naturalOrder":28,"typeConfigFields":[],"linkedFields":["OtherPhone"],"relatedInfos":[],"references":[]},{"@type":"field","id":116919022,"name":"ASSISTANTPHONE","type":"nvarchar","uniqueName":"ASSISTANTPHONE","label":"ASSISTANTPHONE","parentObject":"SF_CONTACT","pcType":"UNISTRING","precision":80,"scale":0,"columnIndex":29,"isKey":false,"isWaterMarkKey":false,"isExternalId":false,"isSfIdLookup":false,"isNullable":true,"isUnique":false,"isCreateable":false,"isUpdateable":true,"isFilterable":true,"isCalculated":false,"filterType":"STRING","showLabel":false,"naturalOrder":29,"typeConfigFields":[],"linkedFields":["AssistantPhone"],"relatedInfos":[],"references":[]},{"@type":"field","id":116919023,"name":"REPORTSTOID","type":"nvarchar","uniqueName":"REPORTSTOID","label":"REPORTSTOID","parentObject":"SF_CONTACT","pcType":"UNISTRING","precision":36,"scale":0,"columnIndex":30,"isKey":false,"isWaterMarkKey":false,"isExternalId":false,"isSfIdLookup":false,"isNullable":true,"isUnique":false,"isCreateable":false,"isUpdateable":true,"isFilterable":true,"isCalculated":false,"filterType":"STRING","showLabel":false,"naturalOrder":30,"typeConfigFields":[],"linkedFields":["ReportsToId"],"relatedInfos":[],"references":[]},{"@type":"field","id":116919024,"name":"EMAIL","type":"nvarchar","uniqueName":"EMAIL","label":"EMAIL","parentObject":"SF_CONTACT","pcType":"UNISTRING","precision":160,"scale":0,"columnIndex":31,"isKey":false,"isWaterMarkKey":false,"isExternalId":false,"isSfIdLookup":false,"isNullable":true,"isUnique":false,"isCreateable":false,"isUpdateable":true,"isFilterable":true,"isCalculated":false,"filterType":"STRING","showLabel":false,"naturalOrder":31,"typeConfigFields":[],"linkedFields":["Email"],"relatedInfos":[],"references":[]},{"@type":"field","id":116919025,"name":"TITLE","type":"nvarchar","uniqueName":"TITLE","label":"TITLE","parentObject":"SF_CONTACT","pcType":"UNISTRING","precision":256,"scale":0,"columnIndex":32,"isKey":false,"isWaterMarkKey":false,"isExternalId":false,"isSfIdLookup":false,"isNullable":true,"isUnique":false,"isCreateable":false,"isUpdateable":true,"isFilterable":true,"isCalculated":false,"filterType":"STRING","showLabel":false,"naturalOrder":32,"typeConfigFields":[],"linkedFields":["Title"],"relatedInfos":[],"references":[]},{"@type":"field","id":116919026,"name":"DEPARTMENT","type":"nvarchar","uniqueName":"DEPARTMENT","label":"DEPARTMENT","parentObject":"SF_CONTACT","pcType":"UNISTRING","precision":160,"scale":0,"columnIndex":33,"isKey":false,"isWaterMarkKey":false,"isExternalId":false,"isSfIdLookup":false,"isNullable":true,"isUnique":false,"isCreateable":false,"isUpdateable":true,"isFilterable":true,"isCalculated":false,"filterType":"STRING","showLabel":false,"naturalOrder":33,"typeConfigFields":[],"linkedFields":["Department"],"relatedInfos":[],"references":[]},{"@type":"field","id":116919027,"name":"ASSISTANTNAME","type":"nvarchar","uniqueName":"ASSISTANTNAME","label":"ASSISTANTNAME","parentObject":"SF_CONTACT","pcType":"UNISTRING","precision":80,"scale":0,"columnIndex":34,"isKey":false,"isWaterMarkKey":false,"isExternalId":false,"isSfIdLookup":false,"isNullable":true,"isUnique":false,"isCreateable":false,"isUpdateable":true,"isFilterable":true,"isCalculated":false,"filterType":"STRING","showLabel":false,"naturalOrder":34,"typeConfigFields":[],"linkedFields":["AssistantName"],"relatedInfos":[],"references":[]},{"@type":"field","id":116919028,"name":"LEADSOURCE","type":"nvarchar","uniqueName":"LEADSOURCE","label":"LEADSOURCE","parentObject":"SF_CONTACT","pcType":"UNISTRING","precision":510,"scale":0,"columnIndex":35,"isKey":false,"isWaterMarkKey":false,"isExternalId":false,"isSfIdLookup":false,"isNullable":true,"isUnique":false,"isCreateable":false,"isUpdateable":true,"isFilterable":true,"isCalculated":false,"filterType":"STRING","showLabel":false,"naturalOrder":35,"typeConfigFields":[],"linkedFields":["LeadSource"],"relatedInfos":[],"references":[]},{"@type":"field","id":116919029,"name":"BIRTHDATE","type":"timestamp","uniqueName":"BIRTHDATE","label":"BIRTHDATE","parentObject":"SF_CONTACT","pcType":"DATE","precision":23,"scale":3,"columnIndex":36,"isKey":false,"isWaterMarkKey":false,"isExternalId":false,"isSfIdLookup":false,"isNullable":true,"isUnique":false,"isCreateable":false,"isUpdateable":true,"isFilterable":true,"isCalculated":false,"filterType":"DATETIME","showLabel":false,"naturalOrder":36,"typeConfigFields":[],"linkedFields":["Birthdate"],"relatedInfos":[],"references":[]},{"@type":"field","id":116919030,"name":"DESCRIPTION","type":"ntext","uniqueName":"DESCRIPTION","label":"DESCRIPTION","parentObject":"SF_CONTACT","pcType":"UNISTRING","precision":32000,"scale":0,"columnIndex":37,"isKey":false,"isWaterMarkKey":false,"isExternalId":false,"isSfIdLookup":false,"isNullable":true,"isUnique":false,"isCreateable":false,"isUpdateable":true,"isFilterable":false,"isCalculated":false,"showLabel":false,"naturalOrder":37,"typeConfigFields":[],"linkedFields":["Description"],"relatedInfos":[],"references":[]},{"@type":"field","id":116919031,"name":"OWNERID","type":"nvarchar","uniqueName":"OWNERID","label":"OWNERID","parentObject":"SF_CONTACT","pcType":"UNISTRING","precision":36,"scale":0,"columnIndex":38,"isKey":false,"isWaterMarkKey":false,"isExternalId":false,"isSfIdLookup":false,"isNullable":true,"isUnique":false,"isCreateable":false,"isUpdateable":true,"isFilterable":true,"isCalculated":false,"filterType":"STRING","showLabel":false,"naturalOrder":38,"typeConfigFields":[],"linkedFields":["OwnerId"],"relatedInfos":[],"references":[]},{"@type":"field","id":116919032,"name":"CREATEDDATE","type":"timestamp","uniqueName":"CREATEDDATE","label":"CREATEDDATE","parentObject":"SF_CONTACT","pcType":"DATE","precision":23,"scale":3,"columnIndex":39,"isKey":false,"isWaterMarkKey":false,"isExternalId":false,"isSfIdLookup":false,"isNullable":true,"isUnique":false,"isCreateable":false,"isUpdateable":true,"isFilterable":true,"isCalculated":false,"filterType":"DATETIME","showLabel":false,"naturalOrder":39,"typeConfigFields":[],"linkedFields":["CreatedDate"],"relatedInfos":[],"references":[]},{"@type":"field","id":116919033,"name":"CREATEDBYID","type":"nvarchar","uniqueName":"CREATEDBYID","label":"CREATEDBYID","parentObject":"SF_CONTACT","pcType":"UNISTRING","precision":36,"scale":0,"columnIndex":40,"isKey":false,"isWaterMarkKey":false,"isExternalId":false,"isSfIdLookup":false,"isNullable":true,"isUnique":false,"isCreateable":false,"isUpdateable":true,"isFilterable":true,"isCalculated":false,"filterType":"STRING","showLabel":false,"naturalOrder":40,"typeConfigFields":[],"linkedFields":["CreatedById"],"relatedInfos":[],"references":[]},{"@type":"field","id":116919034,"name":"LASTMODIFIEDDATE","type":"timestamp","uniqueName":"LASTMODIFIEDDATE","label":"LASTMODIFIEDDATE","parentObject":"SF_CONTACT","pcType":"DATE","precision":23,"scale":3,"columnIndex":41,"isKey":false,"isWaterMarkKey":false,"isExternalId":false,"isSfIdLookup":false,"isNullable":true,"isUnique":false,"isCreateable":false,"isUpdateable":true,"isFilterable":true,"isCalculated":false,"filterType":"DATETIME","showLabel":false,"naturalOrder":41,"typeConfigFields":[],"linkedFields":["LastModifiedDate"],"relatedInfos":[],"references":[]},{"@type":"field","id":116919035,"name":"LASTMODIFIEDBYID","type":"nvarchar","uniqueName":"LASTMODIFIEDBYID","label":"LASTMODIFIEDBYID","parentObject":"SF_CONTACT","pcType":"UNISTRING","precision":36,"scale":0,"columnIndex":42,"isKey":false,"isWaterMarkKey":false,"isExternalId":false,"isSfIdLookup":false,"isNullable":true,"isUnique":false,"isCreateable":false,"isUpdateable":true,"isFilterable":true,"isCalculated":false,"filterType":"STRING","showLabel":false,"naturalOrder":42,"typeConfigFields":[],"linkedFields":["LastModifiedById"],"relatedInfos":[],"references":[]},{"@type":"field","id":116919036,"name":"SYSTEMMODSTAMP","type":"timestamp","uniqueName":"SYSTEMMODSTAMP","label":"SYSTEMMODSTAMP","parentObject":"SF_CONTACT","pcType":"DATE","precision":23,"scale":3,"columnIndex":43,"isKey":false,"isWaterMarkKey":false,"isExternalId":false,"isSfIdLookup":false,"isNullable":true,"isUnique":false,"isCreateable":false,"isUpdateable":true,"isFilterable":true,"isCalculated":false,"filterType":"DATETIME","showLabel":false,"naturalOrder":43,"typeConfigFields":[],"linkedFields":["SystemModstamp"],"relatedInfos":[],"references":[]},{"@type":"field","id":116919037,"name":"LASTACTIVITYDATE","type":"timestamp","uniqueName":"LASTACTIVITYDATE","label":"LASTACTIVITYDATE","parentObject":"SF_CONTACT","pcType":"DATE","precision":23,"scale":3,"columnIndex":44,"isKey":false,"isWaterMarkKey":false,"isExternalId":false,"isSfIdLookup":false,"isNullable":true,"isUnique":false,"isCreateable":false,"isUpdateable":true,"isFilterable":true,"isCalculated":false,"filterType":"DATETIME","showLabel":false,"naturalOrder":44,"typeConfigFields":[],"linkedFields":["LastActivityDate"],"relatedInfos":[],"references":[]},{"@type":"field","id":116919038,"name":"LASTCUREQUESTDATE","type":"timestamp","uniqueName":"LASTCUREQUESTDATE","label":"LASTCUREQUESTDATE","parentObject":"SF_CONTACT","pcType":"DATE","precision":23,"scale":3,"columnIndex":45,"isKey":false,"isWaterMarkKey":false,"isExternalId":false,"isSfIdLookup":false,"isNullable":true,"isUnique":false,"isCreateable":false,"isUpdateable":true,"isFilterable":true,"isCalculated":false,"filterType":"DATETIME","showLabel":false,"naturalOrder":45,"typeConfigFields":[],"linkedFields":["LastCURequestDate"],"relatedInfos":[],"references":[]},{"@type":"field","id":116919039,"name":"LASTCUUPDATEDATE","type":"timestamp","uniqueName":"LASTCUUPDATEDATE","label":"LASTCUUPDATEDATE","parentObject":"SF_CONTACT","pcType":"DATE","precision":23,"scale":3,"columnIndex":46,"isKey":false,"isWaterMarkKey":false,"isExternalId":false,"isSfIdLookup":false,"isNullable":true,"isUnique":false,"isCreateable":false,"isUpdateable":true,"isFilterable":true,"isCalculated":false,"filterType":"DATETIME","showLabel":false,"naturalOrder":46,"typeConfigFields":[],"linkedFields":["LastCUUpdateDate"],"relatedInfos":[],"references":[]},{"@type":"field","id":116919040,"name":"LASTVIEWEDDATE","type":"timestamp","uniqueName":"LASTVIEWEDDATE","label":"LASTVIEWEDDATE","parentObject":"SF_CONTACT","pcType":"DATE","precision":23,"scale":3,"columnIndex":47,"isKey":false,"isWaterMarkKey":false,"isExternalId":false,"isSfIdLookup":false,"isNullable":true,"isUnique":false,"isCreateable":false,"isUpdateable":true,"isFilterable":true,"isCalculated":false,"filterType":"DATETIME","showLabel":false,"naturalOrder":47,"typeConfigFields":[],"linkedFields":["LastViewedDate"],"relatedInfos":[],"references":[]},{"@type":"field","id":116919041,"name":"LASTREFERENCEDDATE","type":"timestamp","uniqueName":"LASTREFERENCEDDATE","label":"LASTREFERENCEDDATE","parentObject":"SF_CONTACT","pcType":"DATE","precision":23,"scale":3,"columnIndex":48,"isKey":false,"isWaterMarkKey":false,"isExternalId":false,"isSfIdLookup":false,"isNullable":true,"isUnique":false,"isCreateable":false,"isUpdateable":true,"isFilterable":true,"isCalculated":false,"filterType":"DATETIME","showLabel":false,"naturalOrder":48,"typeConfigFields":[],"linkedFields":["LastReferencedDate"],"relatedInfos":[],"references":[]},{"@type":"field","id":116919042,"name":"EMAILBOUNCEDREASON","type":"nvarchar","uniqueName":"EMAILBOUNCEDREASON","label":"EMAILBOUNCEDREASON","parentObject":"SF_CONTACT","pcType":"UNISTRING","precision":510,"scale":0,"columnIndex":49,"isKey":false,"isWaterMarkKey":false,"isExternalId":false,"isSfIdLookup":false,"isNullable":true,"isUnique":false,"isCreateable":false,"isUpdateable":true,"isFilterable":true,"isCalculated":false,"filterType":"STRING","showLabel":false,"naturalOrder":49,"typeConfigFields":[],"linkedFields":["EmailBouncedReason"],"relatedInfos":[],"references":[]},{"@type":"field","id":116919043,"name":"EMAILBOUNCEDDATE","type":"timestamp","uniqueName":"EMAILBOUNCEDDATE","label":"EMAILBOUNCEDDATE","parentObject":"SF_CONTACT","pcType":"DATE","precision":23,"scale":3,"columnIndex":50,"isKey":false,"isWaterMarkKey":false,"isExternalId":false,"isSfIdLookup":false,"isNullable":true,"isUnique":false,"isCreateable":false,"isUpdateable":true,"isFilterable":true,"isCalculated":false,"filterType":"DATETIME","showLabel":false,"naturalOrder":50,"typeConfigFields":[],"linkedFields":["EmailBouncedDate"],"relatedInfos":[],"references":[]},{"@type":"field","id":116919044,"name":"ISEMAILBOUNCED","type":"double","uniqueName":"ISEMAILBOUNCED","label":"ISEMAILBOUNCED","parentObject":"SF_CONTACT","pcType":"FLOAT","precision":15,"scale":0,"columnIndex":51,"isKey":false,"isWaterMarkKey":false,"isExternalId":false,"isSfIdLookup":false,"isNullable":true,"isUnique":false,"isCreateable":false,"isUpdateable":true,"isFilterable":true,"isCalculated":false,"filterType":"DOUBLE","showLabel":false,"naturalOrder":51,"typeConfigFields":[],"linkedFields":["IsEmailBounced"],"relatedInfos":[],"references":[]},{"@type":"field","id":116919045,"name":"PHOTOURL","type":"nvarchar","uniqueName":"PHOTOURL","label":"PHOTOURL","parentObject":"SF_CONTACT","pcType":"UNISTRING","precision":510,"scale":0,"columnIndex":52,"isKey":false,"isWaterMarkKey":false,"isExternalId":false,"isSfIdLookup":false,"isNullable":true,"isUnique":false,"isCreateable":false,"isUpdateable":true,"isFilterable":true,"isCalculated":false,"filterType":"STRING","showLabel":false,"naturalOrder":52,"typeConfigFields":[],"linkedFields":["PhotoUrl"],"relatedInfos":[],"references":[]},{"@type":"field","id":116919046,"name":"JIGSAW","type":"nvarchar","uniqueName":"JIGSAW","label":"JIGSAW","parentObject":"SF_CONTACT","pcType":"UNISTRING","precision":40,"scale":0,"columnIndex":53,"isKey":false,"isWaterMarkKey":false,"isExternalId":false,"isSfIdLookup":false,"isNullable":true,"isUnique":false,"isCreateable":false,"isUpdateable":true,"isFilterable":true,"isCalculated":false,"filterType":"STRING","showLabel":false,"naturalOrder":53,"typeConfigFields":[],"linkedFields":["Jigsaw"],"relatedInfos":[],"references":[]},{"@type":"field","id":116919047,"name":"JIGSAWCONTACTID","type":"nvarchar","uniqueName":"JIGSAWCONTACTID","label":"JIGSAWCONTACTID","parentObject":"SF_CONTACT","pcType":"UNISTRING","precision":40,"scale":0,"columnIndex":54,"isKey":false,"isWaterMarkKey":false,"isExternalId":false,"isSfIdLookup":false,"isNullable":true,"isUnique":false,"isCreateable":false,"isUpdateable":true,"isFilterable":true,"isCalculated":false,"filterType":"STRING","showLabel":false,"naturalOrder":54,"typeConfigFields":[],"linkedFields":["JigsawContactId"],"relatedInfos":[],"references":[]},{"@type":"field","id":116919048,"name":"CLEANSTATUS","type":"nvarchar","uniqueName":"CLEANSTATUS","label":"CLEANSTATUS","parentObject":"SF_CONTACT","pcType":"UNISTRING","precision":80,"scale":0,"columnIndex":55,"isKey":false,"isWaterMarkKey":false,"isExternalId":false,"isSfIdLookup":false,"isNullable":true,"isUnique":false,"isCreateable":false,"isUpdateable":true,"isFilterable":true,"isCalculated":false,"filterType":"STRING","showLabel":false,"naturalOrder":55,"typeConfigFields":[],"linkedFields":["CleanStatus"],"relatedInfos":[],"references":[]},{"@type":"field","id":116919049,"name":"INDIVIDUALID","type":"nvarchar","uniqueName":"INDIVIDUALID","label":"INDIVIDUALID","parentObject":"SF_CONTACT","pcType":"UNISTRING","precision":36,"scale":0,"columnIndex":56,"isKey":false,"isWaterMarkKey":false,"isExternalId":false,"isSfIdLookup":false,"isNullable":true,"isUnique":false,"isCreateable":false,"isUpdateable":true,"isFilterable":true,"isCalculated":false,"filterType":"STRING","showLabel":false,"naturalOrder":56,"typeConfigFields":[],"linkedFields":["IndividualId"],"relatedInfos":[],"references":[]},{"@type":"field","id":116919050,"name":"LEVEL__C","type":"nvarchar","uniqueName":"LEVEL__C","label":"LEVEL__C","parentObject":"SF_CONTACT","pcType":"UNISTRING","precision":510,"scale":0,"columnIndex":57,"isKey":false,"isWaterMarkKey":false,"isExternalId":false,"isSfIdLookup":false,"isNullable":true,"isUnique":false,"isCreateable":false,"isUpdateable":true,"isFilterable":true,"isCalculated":false,"filterType":"STRING","showLabel":false,"naturalOrder":57,"typeConfigFields":[],"linkedFields":["Level__c"],"relatedInfos":[],"references":[]},{"@type":"field","id":116919051,"name":"LANGUAGES__C","type":"nvarchar","uniqueName":"LANGUAGES__C","label":"LANGUAGES__C","parentObject":"SF_CONTACT","pcType":"UNISTRING","precision":200,"scale":0,"columnIndex":58,"isKey":false,"isWaterMarkKey":false,"isExternalId":false,"isSfIdLookup":false,"isNullable":true,"isUnique":false,"isCreateable":false,"isUpdateable":true,"isFilterable":true,"isCalculated":false,"filterType":"STRING","showLabel":false,"naturalOrder":58,"typeConfigFields":[],"linkedFields":["Languages__c"],"relatedInfos":[],"references":[]}],"sortFields":[],"groupFields":[]}]