[{"@type":"fwConfig","id":"@1","name":"Fixed-Width File Format1","description":"","lineSequential":true,"padBytes":0,"skipRows":0,"nullChar":"*","nullCharType":"ASCII","repeatNullChar":false,"stripTrailingBlank":false,"columns":[{"@type":"fwColumn","name":"COLUMN_0","nativeType":"string","precision":1,"physicalLength":0,"scale":0},{"@type":"fwColumn","name":"COLUMN_1","nativeType":"string","precision":14,"physicalLength":0,"scale":0},{"@type":"fwColumn","name":"COLUMN_2","nativeType":"string","precision":15,"physicalLength":0,"scale":0},{"@type":"fwColumn","name":"COLUMN_3","nativeType":"string","precision":10,"physicalLength":0,"scale":0}]}]