[{"@type":"mappingTemplate","id":"@1","name":"m_field","description":"","bundleVersion":"0","templateId":"@3","deployTime":1721664081000,"hasParameters":false,"valid":true,"fixedConnection":true,"hasParametersDeployed":false,"fixedConnectionDeployed":true,"isSchemaValidationEnabled":false,"tasks":0,"mappingPreviewFileRecordId":"@2","documentType":"MAPPING","references":[{"@type":"reference","refObjectId":"@bYj4JVqa6AUi4ID4voTXsA","refType":"connection"},{"@type":"reference","refObjectId":"@1PLiSc5GA6oge4Ya9e0Kq3","refType":"connection"}]}]