[{"@type":"mappingTemplate","id":"@1","name":"SDB_Ductuan_MappletTransformation","description":"","bundleVersion":"0","templateId":"@3","deployTime":1631143087000,"hasParameters":false,"valid":true,"fixedConnection":true,"hasParametersDeployed":false,"fixedConnectionDeployed":true,"isSchemaValidationEnabled":false,"tasks":0,"mappingPreviewFileRecordId":"@2","documentType":"MAPPING","references":[{"@type":"reference","refObjectId":"@2MWo1Q5VppFjl9D7UbMGy8","refType":"connection"},{"@type":"reference","refObjectId":"@2peIyF6BO2xbrd2goQsHit","refType":"connection"},{"@type":"reference","refObjectId":"@63n1iUMlzfxklnPI5XhNOx","refType":"mappletTemplate"}]}]