[{"@type":"mappingTemplate","id":"@1","name":"m_SFDC_to_FF","description":"","bundleVersion":"0","templateId":"@3","deployTime":1650926482000,"hasParameters":false,"valid":true,"fixedConnection":true,"hasParametersDeployed":false,"fixedConnectionDeployed":true,"tasks":1,"mappingPreviewFileRecordId":"@2","documentType":"MAPPING","references":[{"@type":"reference","refObjectId":"@0NrXXUCV3cJiZO7TmGbiyw","refType":"connection"},{"@type":"reference","refObjectId":"@6PBF1WoLURrlROwHC3qB20","refType":"connection"}]}]