[{"@type":"mappingTemplate","id":"@1","name":"m_SF_Query","description":"","bundleVersion":"0","templateId":"@3","deployTime":1667848962000,"hasParameters":false,"valid":true,"fixedConnection":true,"hasParametersDeployed":false,"fixedConnectionDeployed":true,"isSchemaValidationEnabled":false,"tasks":1,"mappingPreviewFileRecordId":"@2","documentType":"MAPPING","references":[{"@type":"reference","refObjectId":"@bYj4JVqa6AUi4ID4voTXsA","refType":"connection"},{"@type":"reference","refObjectId":"@6PBF1WoLURrlROwHC3qB20","refType":"connection"}]}]