[{"@type":"mappingTemplate","id":"@1","name":"Shweta","description":"","bundleVersion":"0","templateId":"@3","deployTime":1633994175000,"hasParameters":true,"valid":true,"fixedConnection":true,"hasParametersDeployed":true,"fixedConnectionDeployed":true,"tasks":1,"mappingPreviewFileRecordId":"@2","documentType":"MAPPING","references":[{"@type":"reference","refObjectId":"@llKL1SrOva6gFpIoXzvUCl","refType":"connection"},{"@type":"reference","refObjectId":"@ja7B19G1LgrerkXccycZk8","refType":"connection"}]}]