[{"@type":"mappingTemplate","id":"@1","name":"Mapping10","description":"","bundleVersion":"0","templateId":"@3","deployTime":1642790181000,"hasParameters":false,"valid":true,"fixedConnection":true,"hasParametersDeployed":false,"fixedConnectionDeployed":true,"tasks":0,"mappingPreviewFileRecordId":"@2","documentType":"MAPPING","references":[{"@type":"reference","refObjectId":"@lvMoendpumRfm3jkbOPOkZ","refType":"connection"},{"@type":"reference","refObjectId":"@ja7B19G1LgrerkXccycZk8","refType":"connection"}]}]