{"annotations":[],"baseURI":null,"id":"Folders(e8VgKap65KvhB8QAHW1bav)","title":null,"associationLinks":[],"navigationLinks":[],"type":"OData.frs.Folder","editLink":null,"mediaEditLinks":[],"operations":[],"properties":[{"annotations":[],"valueType":"PRIMITIVE","value":"e8VgKap65KvhB8QAHW1bav","type":null,"name":"id","null":false,"geospatial":false,"complex":false,"collection":false,"primitive":true,"enum":false},{"annotations":[],"valueType":"PRIMITIVE","value":"~Chris_Weller_Government","type":null,"name":"name","null":false,"geospatial":false,"complex":false,"collection":false,"primitive":true,"enum":false},{"annotations":[],"valueType":"PRIMITIVE","value":"Government work folder for Chris Weller","type":null,"name":"description","null":false,"geospatial":false,"complex":false,"collection":false,"primitive":true,"enum":false},{"annotations":[],"valueType":"PRIMITIVE","value":"8azLU3mJmYibJ4V8ahePef","type":null,"name":"owner","null":false,"geospatial":false,"complex":false,"collection":false,"primitive":true,"enum":false},{"annotations":[],"valueType":"PRIMITIVE","value":"8azLU3mJmYibJ4V8ahePef","type":null,"name":"createdBy","null":false,"geospatial":false,"complex":false,"collection":false,"primitive":true,"enum":false},{"annotations":[],"valueType":"PRIMITIVE","value":"8azLU3mJmYibJ4V8ahePef","type":null,"name":"lastUpdatedBy","null":false,"geospatial":false,"complex":false,"collection":false,"primitive":true,"enum":false},{"annotations":[],"valueType":"PRIMITIVE","value":"8azLU3mJmYibJ4V8ahePef","type":null,"name":"lastAccessedBy","null":false,"geospatial":false,"complex":false,"collection":false,"primitive":true,"enum":false},{"annotations":[],"valueType":"PRIMITIVE","value":"2021-08-24T15:46:35.000Z","type":null,"name":"createdTime","null":false,"geospatial":false,"complex":false,"collection":false,"primitive":true,"enum":false},{"annotations":[],"valueType":"PRIMITIVE","value":"2021-08-24T16:03:05.000Z","type":null,"name":"lastUpdatedTime","null":false,"geospatial":false,"complex":false,"collection":false,"primitive":true,"enum":false},{"annotations":[],"valueType":"PRIMITIVE","value":"2021-08-24T16:03:05.000Z","type":null,"name":"lastAccessedTime","null":false,"geospatial":false,"complex":false,"collection":false,"primitive":true,"enum":false},{"annotations":[],"valueType":"PRIMITIVE","value":"2038-01-18T00:00:00.000Z","type":null,"name":"expiresBy","null":false,"geospatial":false,"complex":false,"collection":false,"primitive":true,"enum":false},{"annotations":[],"valueType":"PRIMITIVE","value":"Folder","type":null,"name":"documentType","null":false,"geospatial":false,"complex":false,"collection":false,"primitive":true,"enum":false},{"annotations":[],"valueType":"PRIMITIVE","value":"Binary","type":null,"name":"contentType","null":false,"geospatial":false,"complex":false,"collection":false,"primitive":true,"enum":false},{"annotations":[],"valueType":"PRIMITIVE","value":"COMPLETE","type":null,"name":"documentState","null":false,"geospatial":false,"complex":false,"collection":false,"primitive":true,"enum":false},{"annotations":[],"valueType":"PRIMITIVE","value":"org","type":null,"name":"aclRule","null":false,"geospatial":false,"complex":false,"collection":false,"primitive":true,"enum":false},{"annotations":[],"valueType":"PRIMITIVE","value":0,"type":null,"name":"subcontainerCount","null":false,"geospatial":false,"complex":false,"collection":false,"primitive":true,"enum":false},{"annotations":[],"valueType":"COMPLEX","value":null,"type":null,"name":"customAttributes","null":true,"geospatial":false,"complex":true,"collection":false,"primitive":false,"enum":false},{"annotations":[],"valueType":"COMPLEX","value":null,"type":null,"name":"repoInfo","null":true,"geospatial":false,"complex":true,"collection":false,"primitive":false,"enum":false},{"annotations":[],"valueType":"COLLECTION_COMPLEX","value":[{"annotations":[],"baseURI":null,"id":null,"title":null,"associationLinks":[],"navigationLinks":[],"value":[{"annotations":[],"valueType":"PRIMITIVE","value":"7cCn5thwWFLhiZoSosphKL","type":null,"name":"parentId","null":false,"geospatial":false,"complex":false,"collection":false,"primitive":true,"enum":false},{"annotations":[],"valueType":"PRIMITIVE","value":"REG","type":null,"name":"parentName","null":false,"geospatial":false,"complex":false,"collection":false,"primitive":true,"enum":false},{"annotations":[],"valueType":"PRIMITIVE","value":"Space","type":null,"name":"parentType","null":false,"geospatial":false,"complex":false,"collection":false,"primitive":true,"enum":false}],"navigationBindings":[]},{"annotations":[],"baseURI":null,"id":null,"title":null,"associationLinks":[],"navigationLinks":[],"value":[{"annotations":[],"valueType":"PRIMITIVE","value":"7oZ0JrXCYr6hZs2zkMotar","type":null,"name":"parentId","null":false,"geospatial":false,"complex":false,"collection":false,"primitive":true,"enum":false},{"annotations":[],"valueType":"PRIMITIVE","value":"Government","type":null,"name":"parentName","null":false,"geospatial":false,"complex":false,"collection":false,"primitive":true,"enum":false},{"annotations":[],"valueType":"PRIMITIVE","value":"Project","type":null,"name":"parentType","null":false,"geospatial":false,"complex":false,"collection":false,"primitive":true,"enum":false}],"navigationBindings":[]}],"type":null,"name":"parentInfo","null":false,"geospatial":false,"complex":true,"collection":true,"primitive":false,"enum":false}],"mediaContentSource":null,"mediaContentType":null,"mediaETag":null,"etag":null,"mediaEntity":false,"selfLink":null,"navigationBindings":[]}