[{"@type":"mappingTemplate","id":"@1","name":"Mapping24","description":"","bundleVersion":"0","templateId":"@3","deployTime":1664491990000,"hasParameters":false,"valid":true,"fixedConnection":true,"hasParametersDeployed":false,"fixedConnectionDeployed":true,"isSchemaValidationEnabled":false,"tasks":1,"mappingPreviewFileRecordId":"@2","documentType":"MAPPING","references":[{"@type":"reference","refObjectId":"@gtv63Xrsg4ad5MRMlwM9Q7","refType":"connection"},{"@type":"reference","refObjectId":"@6PBF1WoLURrlROwHC3qB20","refType":"connection"}]}]