[{"@type":"mappingTemplate","id":"@1","name":"m_SimpleMapplet_with_Join","description":"","bundleVersion":"0","templateId":"@3","deployTime":1637368081000,"hasParameters":false,"valid":true,"fixedConnection":true,"hasParametersDeployed":false,"fixedConnectionDeployed":true,"isSchemaValidationEnabled":false,"tasks":1,"mappingPreviewFileRecordId":"@2","documentType":"MAPPING","references":[{"@type":"reference","refObjectId":"@4LyVxuKWVA9gW20p2HfG2E","refType":"connection"},{"@type":"reference","refObjectId":"@aB2rqELBYNKeC6cJhHDso3","refType":"mappletTemplate"},{"@type":"reference","refObjectId":"@6Mpt1ADe0vPlDqVDxIO0K0","refType":"connection"}]}]