[{"@type":"mappingTemplate","id":"@1","name":"Mapping27","description":"","bundleVersion":"0","templateId":"@3","deployTime":1690036931000,"hasParameters":false,"valid":true,"fixedConnection":true,"hasParametersDeployed":false,"fixedConnectionDeployed":true,"isSchemaValidationEnabled":false,"tasks":0,"mappingPreviewFileRecordId":"@2","documentType":"MAPPING","references":[{"@type":"reference","refObjectId":"@6oEJ1dRVIIxfwUdYRlUfaT","refType":"connection"},{"@type":"reference","refObjectId":"@dbwcbrXt1y6bQ0LQ10R28G","refType":"connection"}]}]