[{"@type":"mappingTemplate","id":"@1","name":"m_SFDC_to_Oracle","description":"","bundleVersion":"0","templateId":"@3","deployTime":1646262945000,"hasParameters":false,"valid":true,"fixedConnection":true,"hasParametersDeployed":false,"fixedConnectionDeployed":true,"tasks":1,"mappingPreviewFileRecordId":"@2","documentType":"MAPPING","references":[{"@type":"reference","refObjectId":"@2MWo1Q5VppFjl9D7UbMGy8","refType":"connection"},{"@type":"reference","refObjectId":"@llKL1SrOva6gFpIoXzvUCl","refType":"connection"}]}]