[{"@type":"mappingTemplate","id":"@1","name":"m_errorRow","description":"","bundleVersion":"0","templateId":"@3","deployTime":1721325380000,"hasParameters":false,"valid":true,"fixedConnection":true,"hasParametersDeployed":false,"fixedConnectionDeployed":true,"isSchemaValidationEnabled":false,"tasks":1,"mappingPreviewFileRecordId":"@2","documentType":"MAPPING","references":[{"@type":"reference","refObjectId":"@bYj4JVqa6AUi4ID4voTXsA","refType":"connection"},{"@type":"reference","refObjectId":"@1PPpBC0LMxrj6mxb1PVjUG","refType":"connection"}]}]