[{"@type":"mappingTemplate","id":"@1","name":"m_sequence2","description":"","bundleVersion":"0","templateId":"@3","deployTime":1678919526000,"hasParameters":false,"valid":true,"fixedConnection":true,"hasParametersDeployed":false,"fixedConnectionDeployed":true,"isSchemaValidationEnabled":false,"tasks":1,"mappingPreviewFileRecordId":"@2","documentType":"MAPPING","references":[{"@type":"reference","refObjectId":"@6PBF1WoLURrlROwHC3qB20","refType":"connection"},{"@type":"reference","refObjectId":"@1GR8fiLqkESb8Hb2lasP0r","refType":"sequenceGen"}]}]