[{"@type":"mappingTemplate","id":"@1","name":"m_populateORCTable","description":"","bundleVersion":"0","templateId":"@3","deployTime":1656534227000,"hasParameters":false,"valid":true,"fixedConnection":true,"hasParametersDeployed":false,"fixedConnectionDeployed":true,"isSchemaValidationEnabled":false,"tasks":0,"mappingPreviewFileRecordId":"@2","documentType":"MAPPING","references":[{"@type":"reference","refObjectId":"@2MWo1Q5VppFjl9D7UbMGy8","refType":"connection"},{"@type":"reference","refObjectId":"@8ZxWcBOxwE4i45Z2AEA8SL","refType":"connection"}]}]