[{"@type":"dssTask","id":"@1","name":"dss_demo","description":"","maxLogs":10,"sourceConnectionId":"@gtv63Xrsg4ad5MRMlwM9Q7","targetConnectionId":"@1PLiSc5GA6oge4Ya9e0Kq3","targetObject":"SF_EVENT","targetObjectLabel":"SF_EVENT","operation":"Insert","maxRows":0,"truncateTarget":true,"bulkApiDBTarget":false,"verbose":false,"targetMetadataUpdated":false,"modelVersion":"V3-R600","queryAll":false,"srcSettings":{"@type":"taskDataSourceSetting","isShowLabels":false,"isNaturalOrder":true},"tgtSettings":{"@type":"taskDataSourceSetting","isShowLabels":false,"isNaturalOrder":true},"cfSettings":{"@type":"taskDataSourceSetting","isShowLabels":false,"isNaturalOrder":false},"bulkApi":false,"bulkApiSerialMode":false,"bulkApiMonitor":false,"isTargetObjectSfCustom":false,"allowNullUpdates":false,"targetBatchSize":200,"assignmentRuleId":"-1","assignmentRuleType":"None","createSuccessFile":false,"bulkApiHardDelete":false,"srcRuntimeAttrs":{"@type":"taskRuntimeAttrs","attrs":{}},"tgtRuntimeAttrs":{"@type":"taskRuntimeAttrs","attrs":{}},"parameterFileEncoding":"UTF-8","serverlessProperties":{},"sourceObjects":[{"@type":"mObject","name":"SF_COPY_EVENT","label":"SF_COPY_EVENT","metadataUpdated":false,"relations":[],"children":[]}],"advancedFilters":[],"filters":[],"fieldMaps":[{"@type":"fieldMap","id":"20143884","targetField":{"@type":"field","id":123877340,"name":"ID","type":"nvarchar","uniqueName":"ID","label":"ID","parentObject":"SF_EVENT","pcType":"UNISTRING","precision":18,"scale":0,"columnIndex":0,"isKey":false,"isWaterMarkKey":false,"isExternalId":false,"isSfIdLookup":false,"isNullable":true,"isUnique":false,"isCreateable":false,"isUpdateable":true,"isFilterable":true,"isCalculated":false,"filterType":"STRING","showLabel":false,"naturalOrder":0,"typeConfigFields":[],"linkedFields":["ID"],"relatedInfos":[],"references":[]},"expression":"ID"},{"@type":"fieldMap","id":"20143885","targetField":{"@type":"field","id":123877341,"name":"WHOID","type":"nvarchar","uniqueName":"WHOID","label":"WHOID","parentObject":"SF_EVENT","pcType":"UNISTRING","precision":18,"scale":0,"columnIndex":1,"isKey":false,"isWaterMarkKey":false,"isExternalId":false,"isSfIdLookup":false,"isNullable":true,"isUnique":false,"isCreateable":false,"isUpdateable":true,"isFilterable":true,"isCalculated":false,"filterType":"STRING","showLabel":false,"naturalOrder":1,"typeConfigFields":[],"linkedFields":["WHOID"],"relatedInfos":[],"references":[]},"expression":"WHOID"},{"@type":"fieldMap","id":"20143886","targetField":{"@type":"field","id":123877342,"name":"WHATID","type":"nvarchar","uniqueName":"WHATID","label":"WHATID","parentObject":"SF_EVENT","pcType":"UNISTRING","precision":18,"scale":0,"columnIndex":2,"isKey":false,"isWaterMarkKey":false,"isExternalId":false,"isSfIdLookup":false,"isNullable":true,"isUnique":false,"isCreateable":false,"isUpdateable":true,"isFilterable":true,"isCalculated":false,"filterType":"STRING","showLabel":false,"naturalOrder":2,"typeConfigFields":[],"linkedFields":["WHATID"],"relatedInfos":[],"references":[]},"expression":"WHATID"},{"@type":"fieldMap","id":"20143887","targetField":{"@type":"field","id":123877343,"name":"SUBJECT","type":"nvarchar","uniqueName":"SUBJECT","label":"SUBJECT","parentObject":"SF_EVENT","pcType":"UNISTRING","precision":255,"scale":0,"columnIndex":3,"isKey":false,"isWaterMarkKey":false,"isExternalId":false,"isSfIdLookup":false,"isNullable":true,"isUnique":false,"isCreateable":false,"isUpdateable":true,"isFilterable":true,"isCalculated":false,"filterType":"STRING","showLabel":false,"naturalOrder":3,"typeConfigFields":[],"linkedFields":["SUBJECT"],"relatedInfos":[],"references":[]},"expression":"SUBJECT"},{"@type":"fieldMap","id":"20143888","targetField":{"@type":"field","id":123877344,"name":"LOCATION","type":"nvarchar","uniqueName":"LOCATION","label":"LOCATION","parentObject":"SF_EVENT","pcType":"UNISTRING","precision":255,"scale":0,"columnIndex":4,"isKey":false,"isWaterMarkKey":false,"isExternalId":false,"isSfIdLookup":false,"isNullable":true,"isUnique":false,"isCreateable":false,"isUpdateable":true,"isFilterable":true,"isCalculated":false,"filterType":"STRING","showLabel":false,"naturalOrder":4,"typeConfigFields":[],"linkedFields":["LOCATION"],"relatedInfos":[],"references":[]},"expression":"LOCATION"},{"@type":"fieldMap","id":"20143889","targetField":{"@type":"field","id":123877345,"name":"ISALLDAYEVENT","type":"integer","uniqueName":"ISALLDAYEVENT","label":"ISALLDAYEVENT","parentObject":"SF_EVENT","pcType":"INT","precision":10,"scale":0,"columnIndex":5,"isKey":false,"isWaterMarkKey":false,"isExternalId":false,"isSfIdLookup":false,"isNullable":true,"isUnique":false,"isCreateable":false,"isUpdateable":true,"isFilterable":true,"isCalculated":false,"filterType":"INT","showLabel":false,"naturalOrder":5,"typeConfigFields":[],"linkedFields":["ISALLDAYEVENT"],"relatedInfos":[],"references":[]},"expression":"ISALLDAYEVENT"},{"@type":"fieldMap","id":"20143890","targetField":{"@type":"field","id":123877346,"name":"ACTIVITYDATETIME","type":"timestamp","uniqueName":"ACTIVITYDATETIME","label":"ACTIVITYDATETIME","parentObject":"SF_EVENT","pcType":"DATE","precision":23,"scale":3,"columnIndex":6,"isKey":false,"isWaterMarkKey":false,"isExternalId":false,"isSfIdLookup":false,"isNullable":true,"isUnique":false,"isCreateable":false,"isUpdateable":true,"isFilterable":true,"isCalculated":false,"filterType":"DATETIME","showLabel":false,"naturalOrder":6,"typeConfigFields":[],"linkedFields":["ACTIVITYDATETIME"],"relatedInfos":[],"references":[]},"expression":"ACTIVITYDATETIME"},{"@type":"fieldMap","id":"20143891","targetField":{"@type":"field","id":123877347,"name":"ACTIVITYDATE","type":"timestamp","uniqueName":"ACTIVITYDATE","label":"ACTIVITYDATE","parentObject":"SF_EVENT","pcType":"DATE","precision":23,"scale":3,"columnIndex":7,"isKey":false,"isWaterMarkKey":false,"isExternalId":false,"isSfIdLookup":false,"isNullable":true,"isUnique":false,"isCreateable":false,"isUpdateable":true,"isFilterable":true,"isCalculated":false,"filterType":"DATETIME","showLabel":false,"naturalOrder":7,"typeConfigFields":[],"linkedFields":["ACTIVITYDATE"],"relatedInfos":[],"references":[]},"expression":"ACTIVITYDATE"},{"@type":"fieldMap","id":"20143892","targetField":{"@type":"field","id":123877348,"name":"DURATIONINMINUTES","type":"integer","uniqueName":"DURATIONINMINUTES","label":"DURATIONINMINUTES","parentObject":"SF_EVENT","pcType":"INT","precision":10,"scale":0,"columnIndex":8,"isKey":false,"isWaterMarkKey":false,"isExternalId":false,"isSfIdLookup":false,"isNullable":true,"isUnique":false,"isCreateable":false,"isUpdateable":true,"isFilterable":true,"isCalculated":false,"filterType":"INT","showLabel":false,"naturalOrder":8,"typeConfigFields":[],"linkedFields":["DURATIONINMINUTES"],"relatedInfos":[],"references":[]},"expression":"DURATIONINMINUTES"},{"@type":"fieldMap","id":"20143893","targetField":{"@type":"field","id":123877349,"name":"STARTDATETIME","type":"timestamp","uniqueName":"STARTDATETIME","label":"STARTDATETIME","parentObject":"SF_EVENT","pcType":"DATE","precision":23,"scale":3,"columnIndex":9,"isKey":false,"isWaterMarkKey":false,"isExternalId":false,"isSfIdLookup":false,"isNullable":true,"isUnique":false,"isCreateable":false,"isUpdateable":true,"isFilterable":true,"isCalculated":false,"filterType":"DATETIME","showLabel":false,"naturalOrder":9,"typeConfigFields":[],"linkedFields":["STARTDATETIME"],"relatedInfos":[],"references":[]},"expression":"STARTDATETIME"},{"@type":"fieldMap","id":"20143894","targetField":{"@type":"field","id":123877350,"name":"ENDDATETIME","type":"timestamp","uniqueName":"ENDDATETIME","label":"ENDDATETIME","parentObject":"SF_EVENT","pcType":"DATE","precision":23,"scale":3,"columnIndex":10,"isKey":false,"isWaterMarkKey":false,"isExternalId":false,"isSfIdLookup":false,"isNullable":true,"isUnique":false,"isCreateable":false,"isUpdateable":true,"isFilterable":true,"isCalculated":false,"filterType":"DATETIME","showLabel":false,"naturalOrder":10,"typeConfigFields":[],"linkedFields":["ENDDATETIME"],"relatedInfos":[],"references":[]},"expression":"ENDDATETIME"},{"@type":"fieldMap","id":"20143895","targetField":{"@type":"field","id":123877351,"name":"ENDDATE","type":"timestamp","uniqueName":"ENDDATE","label":"ENDDATE","parentObject":"SF_EVENT","pcType":"DATE","precision":23,"scale":3,"columnIndex":11,"isKey":false,"isWaterMarkKey":false,"isExternalId":false,"isSfIdLookup":false,"isNullable":true,"isUnique":false,"isCreateable":false,"isUpdateable":true,"isFilterable":true,"isCalculated":false,"filterType":"DATETIME","showLabel":false,"naturalOrder":11,"typeConfigFields":[],"linkedFields":["ENDDATE"],"relatedInfos":[],"references":[]},"expression":"ENDDATE"},{"@type":"fieldMap","id":"20143896","targetField":{"@type":"field","id":123877352,"name":"DESCRIPTION","type":"ntext","uniqueName":"DESCRIPTION","label":"DESCRIPTION","parentObject":"SF_EVENT","pcType":"UNISTRING","precision":32000,"scale":0,"columnIndex":12,"isKey":false,"isWaterMarkKey":false,"isExternalId":false,"isSfIdLookup":false,"isNullable":true,"isUnique":false,"isCreateable":false,"isUpdateable":true,"isFilterable":false,"isCalculated":false,"showLabel":false,"naturalOrder":12,"typeConfigFields":[],"linkedFields":["DESCRIPTION"],"relatedInfos":[],"references":[]},"expression":"DESCRIPTION"},{"@type":"fieldMap","id":"20143897","targetField":{"@type":"field","id":123877353,"name":"ACCOUNTID","type":"nvarchar","uniqueName":"ACCOUNTID","label":"ACCOUNTID","parentObject":"SF_EVENT","pcType":"UNISTRING","precision":18,"scale":0,"columnIndex":13,"isKey":false,"isWaterMarkKey":false,"isExternalId":false,"isSfIdLookup":false,"isNullable":true,"isUnique":false,"isCreateable":false,"isUpdateable":true,"isFilterable":true,"isCalculated":false,"filterType":"STRING","showLabel":false,"naturalOrder":13,"typeConfigFields":[],"linkedFields":["ACCOUNTID"],"relatedInfos":[],"references":[]},"expression":"ACCOUNTID"},{"@type":"fieldMap","id":"20143898","targetField":{"@type":"field","id":123877354,"name":"OWNERID","type":"nvarchar","uniqueName":"OWNERID","label":"OWNERID","parentObject":"SF_EVENT","pcType":"UNISTRING","precision":18,"scale":0,"columnIndex":14,"isKey":false,"isWaterMarkKey":false,"isExternalId":false,"isSfIdLookup":false,"isNullable":true,"isUnique":false,"isCreateable":false,"isUpdateable":true,"isFilterable":true,"isCalculated":false,"filterType":"STRING","showLabel":false,"naturalOrder":14,"typeConfigFields":[],"linkedFields":["OWNERID"],"relatedInfos":[],"references":[]},"expression":"OWNERID"},{"@type":"fieldMap","id":"20143899","targetField":{"@type":"field","id":123877355,"name":"ISPRIVATE","type":"integer","uniqueName":"ISPRIVATE","label":"ISPRIVATE","parentObject":"SF_EVENT","pcType":"INT","precision":10,"scale":0,"columnIndex":15,"isKey":false,"isWaterMarkKey":false,"isExternalId":false,"isSfIdLookup":false,"isNullable":true,"isUnique":false,"isCreateable":false,"isUpdateable":true,"isFilterable":true,"isCalculated":false,"filterType":"INT","showLabel":false,"naturalOrder":15,"typeConfigFields":[],"linkedFields":["ISPRIVATE"],"relatedInfos":[],"references":[]},"expression":"ISPRIVATE"},{"@type":"fieldMap","id":"20143900","targetField":{"@type":"field","id":123877356,"name":"SHOWAS","type":"nvarchar","uniqueName":"SHOWAS","label":"SHOWAS","parentObject":"SF_EVENT","pcType":"UNISTRING","precision":40,"scale":0,"columnIndex":16,"isKey":false,"isWaterMarkKey":false,"isExternalId":false,"isSfIdLookup":false,"isNullable":true,"isUnique":false,"isCreateable":false,"isUpdateable":true,"isFilterable":true,"isCalculated":false,"filterType":"STRING","showLabel":false,"naturalOrder":16,"typeConfigFields":[],"linkedFields":["SHOWAS"],"relatedInfos":[],"references":[]},"expression":"SHOWAS"},{"@type":"fieldMap","id":"20143901","targetField":{"@type":"field","id":123877357,"name":"ISDELETED","type":"integer","uniqueName":"ISDELETED","label":"ISDELETED","parentObject":"SF_EVENT","pcType":"INT","precision":10,"scale":0,"columnIndex":17,"isKey":false,"isWaterMarkKey":false,"isExternalId":false,"isSfIdLookup":false,"isNullable":true,"isUnique":false,"isCreateable":false,"isUpdateable":true,"isFilterable":true,"isCalculated":false,"filterType":"INT","showLabel":false,"naturalOrder":17,"typeConfigFields":[],"linkedFields":["ISDELETED"],"relatedInfos":[],"references":[]},"expression":"ISDELETED"},{"@type":"fieldMap","id":"20143902","targetField":{"@type":"field","id":123877358,"name":"ISCHILD","type":"integer","uniqueName":"ISCHILD","label":"ISCHILD","parentObject":"SF_EVENT","pcType":"INT","precision":10,"scale":0,"columnIndex":18,"isKey":false,"isWaterMarkKey":false,"isExternalId":false,"isSfIdLookup":false,"isNullable":true,"isUnique":false,"isCreateable":false,"isUpdateable":true,"isFilterable":true,"isCalculated":false,"filterType":"INT","showLabel":false,"naturalOrder":18,"typeConfigFields":[],"linkedFields":["ISCHILD"],"relatedInfos":[],"references":[]},"expression":"ISCHILD"},{"@type":"fieldMap","id":"20143903","targetField":{"@type":"field","id":123877359,"name":"ISGROUPEVENT","type":"integer","uniqueName":"ISGROUPEVENT","label":"ISGROUPEVENT","parentObject":"SF_EVENT","pcType":"INT","precision":10,"scale":0,"columnIndex":19,"isKey":false,"isWaterMarkKey":false,"isExternalId":false,"isSfIdLookup":false,"isNullable":true,"isUnique":false,"isCreateable":false,"isUpdateable":true,"isFilterable":true,"isCalculated":false,"filterType":"INT","showLabel":false,"naturalOrder":19,"typeConfigFields":[],"linkedFields":["ISGROUPEVENT"],"relatedInfos":[],"references":[]},"expression":"ISGROUPEVENT"},{"@type":"fieldMap","id":"20143904","targetField":{"@type":"field","id":123877360,"name":"GROUPEVENTTYPE","type":"nvarchar","uniqueName":"GROUPEVENTTYPE","label":"GROUPEVENTTYPE","parentObject":"SF_EVENT","pcType":"UNISTRING","precision":40,"scale":0,"columnIndex":20,"isKey":false,"isWaterMarkKey":false,"isExternalId":false,"isSfIdLookup":false,"isNullable":true,"isUnique":false,"isCreateable":false,"isUpdateable":true,"isFilterable":true,"isCalculated":false,"filterType":"STRING","showLabel":false,"naturalOrder":20,"typeConfigFields":[],"linkedFields":["GROUPEVENTTYPE"],"relatedInfos":[],"references":[]},"expression":"GROUPEVENTTYPE"},{"@type":"fieldMap","id":"20143905","targetField":{"@type":"field","id":123877361,"name":"CREATEDDATE","type":"timestamp","uniqueName":"CREATEDDATE","label":"CREATEDDATE","parentObject":"SF_EVENT","pcType":"DATE","precision":23,"scale":3,"columnIndex":21,"isKey":false,"isWaterMarkKey":false,"isExternalId":false,"isSfIdLookup":false,"isNullable":true,"isUnique":false,"isCreateable":false,"isUpdateable":true,"isFilterable":true,"isCalculated":false,"filterType":"DATETIME","showLabel":false,"naturalOrder":21,"typeConfigFields":[],"linkedFields":["CREATEDDATE"],"relatedInfos":[],"references":[]},"expression":"CREATEDDATE"},{"@type":"fieldMap","id":"20143906","targetField":{"@type":"field","id":123877362,"name":"CREATEDBYID","type":"nvarchar","uniqueName":"CREATEDBYID","label":"CREATEDBYID","parentObject":"SF_EVENT","pcType":"UNISTRING","precision":18,"scale":0,"columnIndex":22,"isKey":false,"isWaterMarkKey":false,"isExternalId":false,"isSfIdLookup":false,"isNullable":true,"isUnique":false,"isCreateable":false,"isUpdateable":true,"isFilterable":true,"isCalculated":false,"filterType":"STRING","showLabel":false,"naturalOrder":22,"typeConfigFields":[],"linkedFields":["CREATEDBYID"],"relatedInfos":[],"references":[]},"expression":"CREATEDBYID"},{"@type":"fieldMap","id":"20143907","targetField":{"@type":"field","id":123877363,"name":"LASTMODIFIEDDATE","type":"timestamp","uniqueName":"LASTMODIFIEDDATE","label":"LASTMODIFIEDDATE","parentObject":"SF_EVENT","pcType":"DATE","precision":23,"scale":3,"columnIndex":23,"isKey":false,"isWaterMarkKey":false,"isExternalId":false,"isSfIdLookup":false,"isNullable":true,"isUnique":false,"isCreateable":false,"isUpdateable":true,"isFilterable":true,"isCalculated":false,"filterType":"DATETIME","showLabel":false,"naturalOrder":23,"typeConfigFields":[],"linkedFields":["LASTMODIFIEDDATE"],"relatedInfos":[],"references":[]},"expression":"LASTMODIFIEDDATE"},{"@type":"fieldMap","id":"20143908","targetField":{"@type":"field","id":123877364,"name":"LASTMODIFIEDBYID","type":"nvarchar","uniqueName":"LASTMODIFIEDBYID","label":"LASTMODIFIEDBYID","parentObject":"SF_EVENT","pcType":"UNISTRING","precision":18,"scale":0,"columnIndex":24,"isKey":false,"isWaterMarkKey":false,"isExternalId":false,"isSfIdLookup":false,"isNullable":true,"isUnique":false,"isCreateable":false,"isUpdateable":true,"isFilterable":true,"isCalculated":false,"filterType":"STRING","showLabel":false,"naturalOrder":24,"typeConfigFields":[],"linkedFields":["LASTMODIFIEDBYID"],"relatedInfos":[],"references":[]},"expression":"LASTMODIFIEDBYID"},{"@type":"fieldMap","id":"20143909","targetField":{"@type":"field","id":123877365,"name":"SYSTEMMODSTAMP","type":"timestamp","uniqueName":"SYSTEMMODSTAMP","label":"SYSTEMMODSTAMP","parentObject":"SF_EVENT","pcType":"DATE","precision":23,"scale":3,"columnIndex":25,"isKey":false,"isWaterMarkKey":false,"isExternalId":false,"isSfIdLookup":false,"isNullable":true,"isUnique":false,"isCreateable":false,"isUpdateable":true,"isFilterable":true,"isCalculated":false,"filterType":"DATETIME","showLabel":false,"naturalOrder":25,"typeConfigFields":[],"linkedFields":["SYSTEMMODSTAMP"],"relatedInfos":[],"references":[]},"expression":"SYSTEMMODSTAMP"},{"@type":"fieldMap","id":"20143910","targetField":{"@type":"field","id":123877366,"name":"ISARCHIVED","type":"integer","uniqueName":"ISARCHIVED","label":"ISARCHIVED","parentObject":"SF_EVENT","pcType":"INT","precision":10,"scale":0,"columnIndex":26,"isKey":false,"isWaterMarkKey":false,"isExternalId":false,"isSfIdLookup":false,"isNullable":true,"isUnique":false,"isCreateable":false,"isUpdateable":true,"isFilterable":true,"isCalculated":false,"filterType":"INT","showLabel":false,"naturalOrder":26,"typeConfigFields":[],"linkedFields":["ISARCHIVED"],"relatedInfos":[],"references":[]},"expression":"ISARCHIVED"},{"@type":"fieldMap","id":"20143911","targetField":{"@type":"field","id":123877367,"name":"RECURRENCEACTIVITYID","type":"nvarchar","uniqueName":"RECURRENCEACTIVITYID","label":"RECURRENCEACTIVITYID","parentObject":"SF_EVENT","pcType":"UNISTRING","precision":18,"scale":0,"columnIndex":27,"isKey":false,"isWaterMarkKey":false,"isExternalId":false,"isSfIdLookup":false,"isNullable":true,"isUnique":false,"isCreateable":false,"isUpdateable":true,"isFilterable":true,"isCalculated":false,"filterType":"STRING","showLabel":false,"naturalOrder":27,"typeConfigFields":[],"linkedFields":["RECURRENCEACTIVITYID"],"relatedInfos":[],"references":[]},"expression":"RECURRENCEACTIVITYID"},{"@type":"fieldMap","id":"20143912","targetField":{"@type":"field","id":123877368,"name":"ISRECURRENCE","type":"integer","uniqueName":"ISRECURRENCE","label":"ISRECURRENCE","parentObject":"SF_EVENT","pcType":"INT","precision":10,"scale":0,"columnIndex":28,"isKey":false,"isWaterMarkKey":false,"isExternalId":false,"isSfIdLookup":false,"isNullable":true,"isUnique":false,"isCreateable":false,"isUpdateable":true,"isFilterable":true,"isCalculated":false,"filterType":"INT","showLabel":false,"naturalOrder":28,"typeConfigFields":[],"linkedFields":["ISRECURRENCE"],"relatedInfos":[],"references":[]},"expression":"ISRECURRENCE"},{"@type":"fieldMap","id":"20143913","targetField":{"@type":"field","id":123877369,"name":"RECURRENCESTARTDATETIME","type":"timestamp","uniqueName":"RECURRENCESTARTDATETIME","label":"RECURRENCESTARTDATETIME","parentObject":"SF_EVENT","pcType":"DATE","precision":23,"scale":3,"columnIndex":29,"isKey":false,"isWaterMarkKey":false,"isExternalId":false,"isSfIdLookup":false,"isNullable":true,"isUnique":false,"isCreateable":false,"isUpdateable":true,"isFilterable":true,"isCalculated":false,"filterType":"DATETIME","showLabel":false,"naturalOrder":29,"typeConfigFields":[],"linkedFields":["RECURRENCESTARTDATETIME"],"relatedInfos":[],"references":[]},"expression":"RECURRENCESTARTDATETIME"},{"@type":"fieldMap","id":"20143914","targetField":{"@type":"field","id":123877370,"name":"RECURRENCEENDDATEONLY","type":"timestamp","uniqueName":"RECURRENCEENDDATEONLY","label":"RECURRENCEENDDATEONLY","parentObject":"SF_EVENT","pcType":"DATE","precision":23,"scale":3,"columnIndex":30,"isKey":false,"isWaterMarkKey":false,"isExternalId":false,"isSfIdLookup":false,"isNullable":true,"isUnique":false,"isCreateable":false,"isUpdateable":true,"isFilterable":true,"isCalculated":false,"filterType":"DATETIME","showLabel":false,"naturalOrder":30,"typeConfigFields":[],"linkedFields":["RECURRENCEENDDATEONLY"],"relatedInfos":[],"references":[]},"expression":"RECURRENCEENDDATEONLY"},{"@type":"fieldMap","id":"20143915","targetField":{"@type":"field","id":123877371,"name":"RECURRENCETIMEZONESIDKEY","type":"nvarchar","uniqueName":"RECURRENCETIMEZONESIDKEY","label":"RECURRENCETIMEZONESIDKEY","parentObject":"SF_EVENT","pcType":"UNISTRING","precision":40,"scale":0,"columnIndex":31,"isKey":false,"isWaterMarkKey":false,"isExternalId":false,"isSfIdLookup":false,"isNullable":true,"isUnique":false,"isCreateable":false,"isUpdateable":true,"isFilterable":true,"isCalculated":false,"filterType":"STRING","showLabel":false,"naturalOrder":31,"typeConfigFields":[],"linkedFields":["RECURRENCETIMEZONESIDKEY"],"relatedInfos":[],"references":[]},"expression":"RECURRENCETIMEZONESIDKEY"},{"@type":"fieldMap","id":"20143916","targetField":{"@type":"field","id":123877372,"name":"RECURRENCETYPE","type":"nvarchar","uniqueName":"RECURRENCETYPE","label":"RECURRENCETYPE","parentObject":"SF_EVENT","pcType":"UNISTRING","precision":40,"scale":0,"columnIndex":32,"isKey":false,"isWaterMarkKey":false,"isExternalId":false,"isSfIdLookup":false,"isNullable":true,"isUnique":false,"isCreateable":false,"isUpdateable":true,"isFilterable":true,"isCalculated":false,"filterType":"STRING","showLabel":false,"naturalOrder":32,"typeConfigFields":[],"linkedFields":["RECURRENCETYPE"],"relatedInfos":[],"references":[]},"expression":"RECURRENCETYPE"},{"@type":"fieldMap","id":"20143917","targetField":{"@type":"field","id":123877373,"name":"RECURRENCEINTERVAL","type":"integer","uniqueName":"RECURRENCEINTERVAL","label":"RECURRENCEINTERVAL","parentObject":"SF_EVENT","pcType":"INT","precision":10,"scale":0,"columnIndex":33,"isKey":false,"isWaterMarkKey":false,"isExternalId":false,"isSfIdLookup":false,"isNullable":true,"isUnique":false,"isCreateable":false,"isUpdateable":true,"isFilterable":true,"isCalculated":false,"filterType":"INT","showLabel":false,"naturalOrder":33,"typeConfigFields":[],"linkedFields":["RECURRENCEINTERVAL"],"relatedInfos":[],"references":[]},"expression":"RECURRENCEINTERVAL"},{"@type":"fieldMap","id":"20143918","targetField":{"@type":"field","id":123877374,"name":"RECURRENCEDAYOFWEEKMASK","type":"integer","uniqueName":"RECURRENCEDAYOFWEEKMASK","label":"RECURRENCEDAYOFWEEKMASK","parentObject":"SF_EVENT","pcType":"INT","precision":10,"scale":0,"columnIndex":34,"isKey":false,"isWaterMarkKey":false,"isExternalId":false,"isSfIdLookup":false,"isNullable":true,"isUnique":false,"isCreateable":false,"isUpdateable":true,"isFilterable":true,"isCalculated":false,"filterType":"INT","showLabel":false,"naturalOrder":34,"typeConfigFields":[],"linkedFields":["RECURRENCEDAYOFWEEKMASK"],"relatedInfos":[],"references":[]},"expression":"RECURRENCEDAYOFWEEKMASK"},{"@type":"fieldMap","id":"20143919","targetField":{"@type":"field","id":123877375,"name":"RECURRENCEDAYOFMONTH","type":"integer","uniqueName":"RECURRENCEDAYOFMONTH","label":"RECURRENCEDAYOFMONTH","parentObject":"SF_EVENT","pcType":"INT","precision":10,"scale":0,"columnIndex":35,"isKey":false,"isWaterMarkKey":false,"isExternalId":false,"isSfIdLookup":false,"isNullable":true,"isUnique":false,"isCreateable":false,"isUpdateable":true,"isFilterable":true,"isCalculated":false,"filterType":"INT","showLabel":false,"naturalOrder":35,"typeConfigFields":[],"linkedFields":["RECURRENCEDAYOFMONTH"],"relatedInfos":[],"references":[]},"expression":"RECURRENCEDAYOFMONTH"},{"@type":"fieldMap","id":"20143920","targetField":{"@type":"field","id":123877376,"name":"RECURRENCEINSTANCE","type":"nvarchar","uniqueName":"RECURRENCEINSTANCE","label":"RECURRENCEINSTANCE","parentObject":"SF_EVENT","pcType":"UNISTRING","precision":40,"scale":0,"columnIndex":36,"isKey":false,"isWaterMarkKey":false,"isExternalId":false,"isSfIdLookup":false,"isNullable":true,"isUnique":false,"isCreateable":false,"isUpdateable":true,"isFilterable":true,"isCalculated":false,"filterType":"STRING","showLabel":false,"naturalOrder":36,"typeConfigFields":[],"linkedFields":["RECURRENCEINSTANCE"],"relatedInfos":[],"references":[]},"expression":"RECURRENCEINSTANCE"},{"@type":"fieldMap","id":"20143921","targetField":{"@type":"field","id":123877377,"name":"RECURRENCEMONTHOFYEAR","type":"nvarchar","uniqueName":"RECURRENCEMONTHOFYEAR","label":"RECURRENCEMONTHOFYEAR","parentObject":"SF_EVENT","pcType":"UNISTRING","precision":40,"scale":0,"columnIndex":37,"isKey":false,"isWaterMarkKey":false,"isExternalId":false,"isSfIdLookup":false,"isNullable":true,"isUnique":false,"isCreateable":false,"isUpdateable":true,"isFilterable":true,"isCalculated":false,"filterType":"STRING","showLabel":false,"naturalOrder":37,"typeConfigFields":[],"linkedFields":["RECURRENCEMONTHOFYEAR"],"relatedInfos":[],"references":[]},"expression":"RECURRENCEMONTHOFYEAR"},{"@type":"fieldMap","id":"20143922","targetField":{"@type":"field","id":123877378,"name":"REMINDERDATETIME","type":"timestamp","uniqueName":"REMINDERDATETIME","label":"REMINDERDATETIME","parentObject":"SF_EVENT","pcType":"DATE","precision":23,"scale":3,"columnIndex":38,"isKey":false,"isWaterMarkKey":false,"isExternalId":false,"isSfIdLookup":false,"isNullable":true,"isUnique":false,"isCreateable":false,"isUpdateable":true,"isFilterable":true,"isCalculated":false,"filterType":"DATETIME","showLabel":false,"naturalOrder":38,"typeConfigFields":[],"linkedFields":["REMINDERDATETIME"],"relatedInfos":[],"references":[]},"expression":"REMINDERDATETIME"},{"@type":"fieldMap","id":"20143923","targetField":{"@type":"field","id":123877379,"name":"ISREMINDERSET","type":"integer","uniqueName":"ISREMINDERSET","label":"ISREMINDERSET","parentObject":"SF_EVENT","pcType":"INT","precision":10,"scale":0,"columnIndex":39,"isKey":false,"isWaterMarkKey":false,"isExternalId":false,"isSfIdLookup":false,"isNullable":true,"isUnique":false,"isCreateable":false,"isUpdateable":true,"isFilterable":true,"isCalculated":false,"filterType":"INT","showLabel":false,"naturalOrder":39,"typeConfigFields":[],"linkedFields":["ISREMINDERSET"],"relatedInfos":[],"references":[]},"expression":"ISREMINDERSET"},{"@type":"fieldMap","id":"20143924","targetField":{"@type":"field","id":123877380,"name":"EVENTSUBTYPE","type":"nvarchar","uniqueName":"EVENTSUBTYPE","label":"EVENTSUBTYPE","parentObject":"SF_EVENT","pcType":"UNISTRING","precision":40,"scale":0,"columnIndex":40,"isKey":false,"isWaterMarkKey":false,"isExternalId":false,"isSfIdLookup":false,"isNullable":true,"isUnique":false,"isCreateable":false,"isUpdateable":true,"isFilterable":true,"isCalculated":false,"filterType":"STRING","showLabel":false,"naturalOrder":40,"typeConfigFields":[],"linkedFields":["EVENTSUBTYPE"],"relatedInfos":[],"references":[]},"expression":"EVENTSUBTYPE"},{"@type":"fieldMap","id":"20143925","targetField":{"@type":"field","id":123877381,"name":"ISRECURRENCE2EXCLUSION","type":"integer","uniqueName":"ISRECURRENCE2EXCLUSION","label":"ISRECURRENCE2EXCLUSION","parentObject":"SF_EVENT","pcType":"INT","precision":10,"scale":0,"columnIndex":41,"isKey":false,"isWaterMarkKey":false,"isExternalId":false,"isSfIdLookup":false,"isNullable":true,"isUnique":false,"isCreateable":false,"isUpdateable":true,"isFilterable":true,"isCalculated":false,"filterType":"INT","showLabel":false,"naturalOrder":41,"typeConfigFields":[],"linkedFields":["ISRECURRENCE2EXCLUSION"],"relatedInfos":[],"references":[]},"expression":"ISRECURRENCE2EXCLUSION"},{"@type":"fieldMap","id":"20143926","targetField":{"@type":"field","id":123877382,"name":"RECURRENCE2PATTERNTEXT","type":"nvarchar","uniqueName":"RECURRENCE2PATTERNTEXT","label":"RECURRENCE2PATTERNTEXT","parentObject":"SF_EVENT","pcType":"UNISTRING","precision":512,"scale":0,"columnIndex":42,"isKey":false,"isWaterMarkKey":false,"isExternalId":false,"isSfIdLookup":false,"isNullable":true,"isUnique":false,"isCreateable":false,"isUpdateable":true,"isFilterable":true,"isCalculated":false,"filterType":"STRING","showLabel":false,"naturalOrder":42,"typeConfigFields":[],"linkedFields":["RECURRENCE2PATTERNTEXT"],"relatedInfos":[],"references":[]},"expression":"RECURRENCE2PATTERNTEXT"},{"@type":"fieldMap","id":"20143927","targetField":{"@type":"field","id":123877383,"name":"RECURRENCE2PATTERNVERSION","type":"nvarchar","uniqueName":"RECURRENCE2PATTERNVERSION","label":"RECURRENCE2PATTERNVERSION","parentObject":"SF_EVENT","pcType":"UNISTRING","precision":40,"scale":0,"columnIndex":43,"isKey":false,"isWaterMarkKey":false,"isExternalId":false,"isSfIdLookup":false,"isNullable":true,"isUnique":false,"isCreateable":false,"isUpdateable":true,"isFilterable":true,"isCalculated":false,"filterType":"STRING","showLabel":false,"naturalOrder":43,"typeConfigFields":[],"linkedFields":["RECURRENCE2PATTERNVERSION"],"relatedInfos":[],"references":[]},"expression":"RECURRENCE2PATTERNVERSION"},{"@type":"fieldMap","id":"20143928","targetField":{"@type":"field","id":123877384,"name":"ISRECURRENCE2","type":"integer","uniqueName":"ISRECURRENCE2","label":"ISRECURRENCE2","parentObject":"SF_EVENT","pcType":"INT","precision":10,"scale":0,"columnIndex":44,"isKey":false,"isWaterMarkKey":false,"isExternalId":false,"isSfIdLookup":false,"isNullable":true,"isUnique":false,"isCreateable":false,"isUpdateable":true,"isFilterable":true,"isCalculated":false,"filterType":"INT","showLabel":false,"naturalOrder":44,"typeConfigFields":[],"linkedFields":["ISRECURRENCE2"],"relatedInfos":[],"references":[]},"expression":"ISRECURRENCE2"},{"@type":"fieldMap","id":"20143929","targetField":{"@type":"field","id":123877385,"name":"ISRECURRENCE2EXCEPTION","type":"integer","uniqueName":"ISRECURRENCE2EXCEPTION","label":"ISRECURRENCE2EXCEPTION","parentObject":"SF_EVENT","pcType":"INT","precision":10,"scale":0,"columnIndex":45,"isKey":false,"isWaterMarkKey":false,"isExternalId":false,"isSfIdLookup":false,"isNullable":true,"isUnique":false,"isCreateable":false,"isUpdateable":true,"isFilterable":true,"isCalculated":false,"filterType":"INT","showLabel":false,"naturalOrder":45,"typeConfigFields":[],"linkedFields":["ISRECURRENCE2EXCEPTION"],"relatedInfos":[],"references":[]},"expression":"ISRECURRENCE2EXCEPTION"},{"@type":"fieldMap","id":"20143930","targetField":{"@type":"field","id":123877386,"name":"RECURRENCE2PATTERNSTARTDATE","type":"timestamp","uniqueName":"RECURRENCE2PATTERNSTARTDATE","label":"RECURRENCE2PATTERNSTARTDATE","parentObject":"SF_EVENT","pcType":"DATE","precision":23,"scale":3,"columnIndex":46,"isKey":false,"isWaterMarkKey":false,"isExternalId":false,"isSfIdLookup":false,"isNullable":true,"isUnique":false,"isCreateable":false,"isUpdateable":true,"isFilterable":true,"isCalculated":false,"filterType":"DATETIME","showLabel":false,"naturalOrder":46,"typeConfigFields":[],"linkedFields":["RECURRENCE2PATTERNSTARTDATE"],"relatedInfos":[],"references":[]},"expression":"RECURRENCE2PATTERNSTARTDATE"},{"@type":"fieldMap","id":"20143931","targetField":{"@type":"field","id":123877387,"name":"RECURRENCE2PATTERNTIMEZONE","type":"nvarchar","uniqueName":"RECURRENCE2PATTERNTIMEZONE","label":"RECURRENCE2PATTERNTIMEZONE","parentObject":"SF_EVENT","pcType":"UNISTRING","precision":255,"scale":0,"columnIndex":47,"isKey":false,"isWaterMarkKey":false,"isExternalId":false,"isSfIdLookup":false,"isNullable":true,"isUnique":false,"isCreateable":false,"isUpdateable":true,"isFilterable":true,"isCalculated":false,"filterType":"STRING","showLabel":false,"naturalOrder":47,"typeConfigFields":[],"linkedFields":["RECURRENCE2PATTERNTIMEZONE"],"relatedInfos":[],"references":[]},"expression":"RECURRENCE2PATTERNTIMEZONE"},{"@type":"fieldMap","id":"20143932","targetField":{"@type":"field","id":123877388,"name":"SERVICEAPPOINTMENTID","type":"nvarchar","uniqueName":"SERVICEAPPOINTMENTID","label":"SERVICEAPPOINTMENTID","parentObject":"SF_EVENT","pcType":"UNISTRING","precision":18,"scale":0,"columnIndex":48,"isKey":false,"isWaterMarkKey":false,"isExternalId":false,"isSfIdLookup":false,"isNullable":true,"isUnique":false,"isCreateable":false,"isUpdateable":true,"isFilterable":true,"isCalculated":false,"filterType":"STRING","showLabel":false,"naturalOrder":48,"typeConfigFields":[],"linkedFields":["SERVICEAPPOINTMENTID"],"relatedInfos":[],"references":[]},"expression":"SERVICEAPPOINTMENTID"}],"sourceFields":[{"@type":"field","id":123877389,"name":"ID","type":"nvarchar","uniqueName":"ID","label":"ID","parentObject":"SF_COPY_EVENT","pcType":"UNISTRING","precision":18,"scale":0,"columnIndex":0,"isKey":false,"isWaterMarkKey":false,"isExternalId":false,"isSfIdLookup":false,"isNullable":true,"isUnique":false,"isCreateable":false,"isUpdateable":true,"isFilterable":true,"isCalculated":false,"filterType":"STRING","showLabel":false,"naturalOrder":0,"typeConfigFields":[],"linkedFields":["ID"],"relatedInfos":[],"references":[]},{"@type":"field","id":123877390,"name":"WHOID","type":"nvarchar","uniqueName":"WHOID","label":"WHOID","parentObject":"SF_COPY_EVENT","pcType":"UNISTRING","precision":18,"scale":0,"columnIndex":1,"isKey":false,"isWaterMarkKey":false,"isExternalId":false,"isSfIdLookup":false,"isNullable":true,"isUnique":false,"isCreateable":false,"isUpdateable":true,"isFilterable":true,"isCalculated":false,"filterType":"STRING","showLabel":false,"naturalOrder":1,"typeConfigFields":[],"linkedFields":["WHOID"],"relatedInfos":[],"references":[]},{"@type":"field","id":123877391,"name":"WHATID","type":"nvarchar","uniqueName":"WHATID","label":"WHATID","parentObject":"SF_COPY_EVENT","pcType":"UNISTRING","precision":18,"scale":0,"columnIndex":2,"isKey":false,"isWaterMarkKey":false,"isExternalId":false,"isSfIdLookup":false,"isNullable":true,"isUnique":false,"isCreateable":false,"isUpdateable":true,"isFilterable":true,"isCalculated":false,"filterType":"STRING","showLabel":false,"naturalOrder":2,"typeConfigFields":[],"linkedFields":["WHATID"],"relatedInfos":[],"references":[]},{"@type":"field","id":123877392,"name":"SUBJECT","type":"nvarchar","uniqueName":"SUBJECT","label":"SUBJECT","parentObject":"SF_COPY_EVENT","pcType":"UNISTRING","precision":255,"scale":0,"columnIndex":3,"isKey":false,"isWaterMarkKey":false,"isExternalId":false,"isSfIdLookup":false,"isNullable":true,"isUnique":false,"isCreateable":false,"isUpdateable":true,"isFilterable":true,"isCalculated":false,"filterType":"STRING","showLabel":false,"naturalOrder":3,"typeConfigFields":[],"linkedFields":["SUBJECT"],"relatedInfos":[],"references":[]},{"@type":"field","id":123877393,"name":"LOCATION","type":"nvarchar","uniqueName":"LOCATION","label":"LOCATION","parentObject":"SF_COPY_EVENT","pcType":"UNISTRING","precision":255,"scale":0,"columnIndex":4,"isKey":false,"isWaterMarkKey":false,"isExternalId":false,"isSfIdLookup":false,"isNullable":true,"isUnique":false,"isCreateable":false,"isUpdateable":true,"isFilterable":true,"isCalculated":false,"filterType":"STRING","showLabel":false,"naturalOrder":4,"typeConfigFields":[],"linkedFields":["LOCATION"],"relatedInfos":[],"references":[]},{"@type":"field","id":123877394,"name":"ISALLDAYEVENT","type":"integer","uniqueName":"ISALLDAYEVENT","label":"ISALLDAYEVENT","parentObject":"SF_COPY_EVENT","pcType":"INT","precision":10,"scale":0,"columnIndex":5,"isKey":false,"isWaterMarkKey":false,"isExternalId":false,"isSfIdLookup":false,"isNullable":true,"isUnique":false,"isCreateable":false,"isUpdateable":true,"isFilterable":true,"isCalculated":false,"filterType":"INT","showLabel":false,"naturalOrder":5,"typeConfigFields":[],"linkedFields":["ISALLDAYEVENT"],"relatedInfos":[],"references":[]},{"@type":"field","id":123877395,"name":"ACTIVITYDATETIME","type":"timestamp","uniqueName":"ACTIVITYDATETIME","label":"ACTIVITYDATETIME","parentObject":"SF_COPY_EVENT","pcType":"DATE","precision":23,"scale":3,"columnIndex":6,"isKey":false,"isWaterMarkKey":false,"isExternalId":false,"isSfIdLookup":false,"isNullable":true,"isUnique":false,"isCreateable":false,"isUpdateable":true,"isFilterable":true,"isCalculated":false,"filterType":"DATETIME","showLabel":false,"naturalOrder":6,"typeConfigFields":[],"linkedFields":["ACTIVITYDATETIME"],"relatedInfos":[],"references":[]},{"@type":"field","id":123877396,"name":"ACTIVITYDATE","type":"timestamp","uniqueName":"ACTIVITYDATE","label":"ACTIVITYDATE","parentObject":"SF_COPY_EVENT","pcType":"DATE","precision":23,"scale":3,"columnIndex":7,"isKey":false,"isWaterMarkKey":false,"isExternalId":false,"isSfIdLookup":false,"isNullable":true,"isUnique":false,"isCreateable":false,"isUpdateable":true,"isFilterable":true,"isCalculated":false,"filterType":"DATETIME","showLabel":false,"naturalOrder":7,"typeConfigFields":[],"linkedFields":["ACTIVITYDATE"],"relatedInfos":[],"references":[]},{"@type":"field","id":123877397,"name":"DURATIONINMINUTES","type":"integer","uniqueName":"DURATIONINMINUTES","label":"DURATIONINMINUTES","parentObject":"SF_COPY_EVENT","pcType":"INT","precision":10,"scale":0,"columnIndex":8,"isKey":false,"isWaterMarkKey":false,"isExternalId":false,"isSfIdLookup":false,"isNullable":true,"isUnique":false,"isCreateable":false,"isUpdateable":true,"isFilterable":true,"isCalculated":false,"filterType":"INT","showLabel":false,"naturalOrder":8,"typeConfigFields":[],"linkedFields":["DURATIONINMINUTES"],"relatedInfos":[],"references":[]},{"@type":"field","id":123877398,"name":"STARTDATETIME","type":"timestamp","uniqueName":"STARTDATETIME","label":"STARTDATETIME","parentObject":"SF_COPY_EVENT","pcType":"DATE","precision":23,"scale":3,"columnIndex":9,"isKey":false,"isWaterMarkKey":false,"isExternalId":false,"isSfIdLookup":false,"isNullable":true,"isUnique":false,"isCreateable":false,"isUpdateable":true,"isFilterable":true,"isCalculated":false,"filterType":"DATETIME","showLabel":false,"naturalOrder":9,"typeConfigFields":[],"linkedFields":["STARTDATETIME"],"relatedInfos":[],"references":[]},{"@type":"field","id":123877399,"name":"ENDDATETIME","type":"timestamp","uniqueName":"ENDDATETIME","label":"ENDDATETIME","parentObject":"SF_COPY_EVENT","pcType":"DATE","precision":23,"scale":3,"columnIndex":10,"isKey":false,"isWaterMarkKey":false,"isExternalId":false,"isSfIdLookup":false,"isNullable":true,"isUnique":false,"isCreateable":false,"isUpdateable":true,"isFilterable":true,"isCalculated":false,"filterType":"DATETIME","showLabel":false,"naturalOrder":10,"typeConfigFields":[],"linkedFields":["ENDDATETIME"],"relatedInfos":[],"references":[]},{"@type":"field","id":123877400,"name":"ENDDATE","type":"timestamp","uniqueName":"ENDDATE","label":"ENDDATE","parentObject":"SF_COPY_EVENT","pcType":"DATE","precision":23,"scale":3,"columnIndex":11,"isKey":false,"isWaterMarkKey":false,"isExternalId":false,"isSfIdLookup":false,"isNullable":true,"isUnique":false,"isCreateable":false,"isUpdateable":true,"isFilterable":true,"isCalculated":false,"filterType":"DATETIME","showLabel":false,"naturalOrder":11,"typeConfigFields":[],"linkedFields":["ENDDATE"],"relatedInfos":[],"references":[]},{"@type":"field","id":123877401,"name":"DESCRIPTION","type":"ntext","uniqueName":"DESCRIPTION","label":"DESCRIPTION","parentObject":"SF_COPY_EVENT","pcType":"UNISTRING","precision":32000,"scale":0,"columnIndex":12,"isKey":false,"isWaterMarkKey":false,"isExternalId":false,"isSfIdLookup":false,"isNullable":true,"isUnique":false,"isCreateable":false,"isUpdateable":true,"isFilterable":false,"isCalculated":false,"showLabel":false,"naturalOrder":12,"typeConfigFields":[],"linkedFields":["DESCRIPTION"],"relatedInfos":[],"references":[]},{"@type":"field","id":123877402,"name":"ACCOUNTID","type":"nvarchar","uniqueName":"ACCOUNTID","label":"ACCOUNTID","parentObject":"SF_COPY_EVENT","pcType":"UNISTRING","precision":18,"scale":0,"columnIndex":13,"isKey":false,"isWaterMarkKey":false,"isExternalId":false,"isSfIdLookup":false,"isNullable":true,"isUnique":false,"isCreateable":false,"isUpdateable":true,"isFilterable":true,"isCalculated":false,"filterType":"STRING","showLabel":false,"naturalOrder":13,"typeConfigFields":[],"linkedFields":["ACCOUNTID"],"relatedInfos":[],"references":[]},{"@type":"field","id":123877403,"name":"OWNERID","type":"nvarchar","uniqueName":"OWNERID","label":"OWNERID","parentObject":"SF_COPY_EVENT","pcType":"UNISTRING","precision":18,"scale":0,"columnIndex":14,"isKey":false,"isWaterMarkKey":false,"isExternalId":false,"isSfIdLookup":false,"isNullable":true,"isUnique":false,"isCreateable":false,"isUpdateable":true,"isFilterable":true,"isCalculated":false,"filterType":"STRING","showLabel":false,"naturalOrder":14,"typeConfigFields":[],"linkedFields":["OWNERID"],"relatedInfos":[],"references":[]},{"@type":"field","id":123877404,"name":"ISPRIVATE","type":"integer","uniqueName":"ISPRIVATE","label":"ISPRIVATE","parentObject":"SF_COPY_EVENT","pcType":"INT","precision":10,"scale":0,"columnIndex":15,"isKey":false,"isWaterMarkKey":false,"isExternalId":false,"isSfIdLookup":false,"isNullable":true,"isUnique":false,"isCreateable":false,"isUpdateable":true,"isFilterable":true,"isCalculated":false,"filterType":"INT","showLabel":false,"naturalOrder":15,"typeConfigFields":[],"linkedFields":["ISPRIVATE"],"relatedInfos":[],"references":[]},{"@type":"field","id":123877405,"name":"SHOWAS","type":"nvarchar","uniqueName":"SHOWAS","label":"SHOWAS","parentObject":"SF_COPY_EVENT","pcType":"UNISTRING","precision":40,"scale":0,"columnIndex":16,"isKey":false,"isWaterMarkKey":false,"isExternalId":false,"isSfIdLookup":false,"isNullable":true,"isUnique":false,"isCreateable":false,"isUpdateable":true,"isFilterable":true,"isCalculated":false,"filterType":"STRING","showLabel":false,"naturalOrder":16,"typeConfigFields":[],"linkedFields":["SHOWAS"],"relatedInfos":[],"references":[]},{"@type":"field","id":123877406,"name":"ISDELETED","type":"integer","uniqueName":"ISDELETED","label":"ISDELETED","parentObject":"SF_COPY_EVENT","pcType":"INT","precision":10,"scale":0,"columnIndex":17,"isKey":false,"isWaterMarkKey":false,"isExternalId":false,"isSfIdLookup":false,"isNullable":true,"isUnique":false,"isCreateable":false,"isUpdateable":true,"isFilterable":true,"isCalculated":false,"filterType":"INT","showLabel":false,"naturalOrder":17,"typeConfigFields":[],"linkedFields":["ISDELETED"],"relatedInfos":[],"references":[]},{"@type":"field","id":123877407,"name":"ISCHILD","type":"integer","uniqueName":"ISCHILD","label":"ISCHILD","parentObject":"SF_COPY_EVENT","pcType":"INT","precision":10,"scale":0,"columnIndex":18,"isKey":false,"isWaterMarkKey":false,"isExternalId":false,"isSfIdLookup":false,"isNullable":true,"isUnique":false,"isCreateable":false,"isUpdateable":true,"isFilterable":true,"isCalculated":false,"filterType":"INT","showLabel":false,"naturalOrder":18,"typeConfigFields":[],"linkedFields":["ISCHILD"],"relatedInfos":[],"references":[]},{"@type":"field","id":123877408,"name":"ISGROUPEVENT","type":"integer","uniqueName":"ISGROUPEVENT","label":"ISGROUPEVENT","parentObject":"SF_COPY_EVENT","pcType":"INT","precision":10,"scale":0,"columnIndex":19,"isKey":false,"isWaterMarkKey":false,"isExternalId":false,"isSfIdLookup":false,"isNullable":true,"isUnique":false,"isCreateable":false,"isUpdateable":true,"isFilterable":true,"isCalculated":false,"filterType":"INT","showLabel":false,"naturalOrder":19,"typeConfigFields":[],"linkedFields":["ISGROUPEVENT"],"relatedInfos":[],"references":[]},{"@type":"field","id":123877409,"name":"GROUPEVENTTYPE","type":"nvarchar","uniqueName":"GROUPEVENTTYPE","label":"GROUPEVENTTYPE","parentObject":"SF_COPY_EVENT","pcType":"UNISTRING","precision":40,"scale":0,"columnIndex":20,"isKey":false,"isWaterMarkKey":false,"isExternalId":false,"isSfIdLookup":false,"isNullable":true,"isUnique":false,"isCreateable":false,"isUpdateable":true,"isFilterable":true,"isCalculated":false,"filterType":"STRING","showLabel":false,"naturalOrder":20,"typeConfigFields":[],"linkedFields":["GROUPEVENTTYPE"],"relatedInfos":[],"references":[]},{"@type":"field","id":123877410,"name":"CREATEDDATE","type":"timestamp","uniqueName":"CREATEDDATE","label":"CREATEDDATE","parentObject":"SF_COPY_EVENT","pcType":"DATE","precision":23,"scale":3,"columnIndex":21,"isKey":false,"isWaterMarkKey":false,"isExternalId":false,"isSfIdLookup":false,"isNullable":true,"isUnique":false,"isCreateable":false,"isUpdateable":true,"isFilterable":true,"isCalculated":false,"filterType":"DATETIME","showLabel":false,"naturalOrder":21,"typeConfigFields":[],"linkedFields":["CREATEDDATE"],"relatedInfos":[],"references":[]},{"@type":"field","id":123877411,"name":"CREATEDBYID","type":"nvarchar","uniqueName":"CREATEDBYID","label":"CREATEDBYID","parentObject":"SF_COPY_EVENT","pcType":"UNISTRING","precision":18,"scale":0,"columnIndex":22,"isKey":false,"isWaterMarkKey":false,"isExternalId":false,"isSfIdLookup":false,"isNullable":true,"isUnique":false,"isCreateable":false,"isUpdateable":true,"isFilterable":true,"isCalculated":false,"filterType":"STRING","showLabel":false,"naturalOrder":22,"typeConfigFields":[],"linkedFields":["CREATEDBYID"],"relatedInfos":[],"references":[]},{"@type":"field","id":123877412,"name":"LASTMODIFIEDDATE","type":"timestamp","uniqueName":"LASTMODIFIEDDATE","label":"LASTMODIFIEDDATE","parentObject":"SF_COPY_EVENT","pcType":"DATE","precision":23,"scale":3,"columnIndex":23,"isKey":false,"isWaterMarkKey":false,"isExternalId":false,"isSfIdLookup":false,"isNullable":true,"isUnique":false,"isCreateable":false,"isUpdateable":true,"isFilterable":true,"isCalculated":false,"filterType":"DATETIME","showLabel":false,"naturalOrder":23,"typeConfigFields":[],"linkedFields":["LASTMODIFIEDDATE"],"relatedInfos":[],"references":[]},{"@type":"field","id":123877413,"name":"LASTMODIFIEDBYID","type":"nvarchar","uniqueName":"LASTMODIFIEDBYID","label":"LASTMODIFIEDBYID","parentObject":"SF_COPY_EVENT","pcType":"UNISTRING","precision":18,"scale":0,"columnIndex":24,"isKey":false,"isWaterMarkKey":false,"isExternalId":false,"isSfIdLookup":false,"isNullable":true,"isUnique":false,"isCreateable":false,"isUpdateable":true,"isFilterable":true,"isCalculated":false,"filterType":"STRING","showLabel":false,"naturalOrder":24,"typeConfigFields":[],"linkedFields":["LASTMODIFIEDBYID"],"relatedInfos":[],"references":[]},{"@type":"field","id":123877414,"name":"SYSTEMMODSTAMP","type":"timestamp","uniqueName":"SYSTEMMODSTAMP","label":"SYSTEMMODSTAMP","parentObject":"SF_COPY_EVENT","pcType":"DATE","precision":23,"scale":3,"columnIndex":25,"isKey":false,"isWaterMarkKey":false,"isExternalId":false,"isSfIdLookup":false,"isNullable":true,"isUnique":false,"isCreateable":false,"isUpdateable":true,"isFilterable":true,"isCalculated":false,"filterType":"DATETIME","showLabel":false,"naturalOrder":25,"typeConfigFields":[],"linkedFields":["SYSTEMMODSTAMP"],"relatedInfos":[],"references":[]},{"@type":"field","id":123877415,"name":"ISARCHIVED","type":"integer","uniqueName":"ISARCHIVED","label":"ISARCHIVED","parentObject":"SF_COPY_EVENT","pcType":"INT","precision":10,"scale":0,"columnIndex":26,"isKey":false,"isWaterMarkKey":false,"isExternalId":false,"isSfIdLookup":false,"isNullable":true,"isUnique":false,"isCreateable":false,"isUpdateable":true,"isFilterable":true,"isCalculated":false,"filterType":"INT","showLabel":false,"naturalOrder":26,"typeConfigFields":[],"linkedFields":["ISARCHIVED"],"relatedInfos":[],"references":[]},{"@type":"field","id":123877416,"name":"RECURRENCEACTIVITYID","type":"nvarchar","uniqueName":"RECURRENCEACTIVITYID","label":"RECURRENCEACTIVITYID","parentObject":"SF_COPY_EVENT","pcType":"UNISTRING","precision":18,"scale":0,"columnIndex":27,"isKey":false,"isWaterMarkKey":false,"isExternalId":false,"isSfIdLookup":false,"isNullable":true,"isUnique":false,"isCreateable":false,"isUpdateable":true,"isFilterable":true,"isCalculated":false,"filterType":"STRING","showLabel":false,"naturalOrder":27,"typeConfigFields":[],"linkedFields":["RECURRENCEACTIVITYID"],"relatedInfos":[],"references":[]},{"@type":"field","id":123877417,"name":"ISRECURRENCE","type":"integer","uniqueName":"ISRECURRENCE","label":"ISRECURRENCE","parentObject":"SF_COPY_EVENT","pcType":"INT","precision":10,"scale":0,"columnIndex":28,"isKey":false,"isWaterMarkKey":false,"isExternalId":false,"isSfIdLookup":false,"isNullable":true,"isUnique":false,"isCreateable":false,"isUpdateable":true,"isFilterable":true,"isCalculated":false,"filterType":"INT","showLabel":false,"naturalOrder":28,"typeConfigFields":[],"linkedFields":["ISRECURRENCE"],"relatedInfos":[],"references":[]},{"@type":"field","id":123877418,"name":"RECURRENCESTARTDATETIME","type":"timestamp","uniqueName":"RECURRENCESTARTDATETIME","label":"RECURRENCESTARTDATETIME","parentObject":"SF_COPY_EVENT","pcType":"DATE","precision":23,"scale":3,"columnIndex":29,"isKey":false,"isWaterMarkKey":false,"isExternalId":false,"isSfIdLookup":false,"isNullable":true,"isUnique":false,"isCreateable":false,"isUpdateable":true,"isFilterable":true,"isCalculated":false,"filterType":"DATETIME","showLabel":false,"naturalOrder":29,"typeConfigFields":[],"linkedFields":["RECURRENCESTARTDATETIME"],"relatedInfos":[],"references":[]},{"@type":"field","id":123877419,"name":"RECURRENCEENDDATEONLY","type":"timestamp","uniqueName":"RECURRENCEENDDATEONLY","label":"RECURRENCEENDDATEONLY","parentObject":"SF_COPY_EVENT","pcType":"DATE","precision":23,"scale":3,"columnIndex":30,"isKey":false,"isWaterMarkKey":false,"isExternalId":false,"isSfIdLookup":false,"isNullable":true,"isUnique":false,"isCreateable":false,"isUpdateable":true,"isFilterable":true,"isCalculated":false,"filterType":"DATETIME","showLabel":false,"naturalOrder":30,"typeConfigFields":[],"linkedFields":["RECURRENCEENDDATEONLY"],"relatedInfos":[],"references":[]},{"@type":"field","id":123877420,"name":"RECURRENCETIMEZONESIDKEY","type":"nvarchar","uniqueName":"RECURRENCETIMEZONESIDKEY","label":"RECURRENCETIMEZONESIDKEY","parentObject":"SF_COPY_EVENT","pcType":"UNISTRING","precision":40,"scale":0,"columnIndex":31,"isKey":false,"isWaterMarkKey":false,"isExternalId":false,"isSfIdLookup":false,"isNullable":true,"isUnique":false,"isCreateable":false,"isUpdateable":true,"isFilterable":true,"isCalculated":false,"filterType":"STRING","showLabel":false,"naturalOrder":31,"typeConfigFields":[],"linkedFields":["RECURRENCETIMEZONESIDKEY"],"relatedInfos":[],"references":[]},{"@type":"field","id":123877421,"name":"RECURRENCETYPE","type":"nvarchar","uniqueName":"RECURRENCETYPE","label":"RECURRENCETYPE","parentObject":"SF_COPY_EVENT","pcType":"UNISTRING","precision":40,"scale":0,"columnIndex":32,"isKey":false,"isWaterMarkKey":false,"isExternalId":false,"isSfIdLookup":false,"isNullable":true,"isUnique":false,"isCreateable":false,"isUpdateable":true,"isFilterable":true,"isCalculated":false,"filterType":"STRING","showLabel":false,"naturalOrder":32,"typeConfigFields":[],"linkedFields":["RECURRENCETYPE"],"relatedInfos":[],"references":[]},{"@type":"field","id":123877422,"name":"RECURRENCEINTERVAL","type":"integer","uniqueName":"RECURRENCEINTERVAL","label":"RECURRENCEINTERVAL","parentObject":"SF_COPY_EVENT","pcType":"INT","precision":10,"scale":0,"columnIndex":33,"isKey":false,"isWaterMarkKey":false,"isExternalId":false,"isSfIdLookup":false,"isNullable":true,"isUnique":false,"isCreateable":false,"isUpdateable":true,"isFilterable":true,"isCalculated":false,"filterType":"INT","showLabel":false,"naturalOrder":33,"typeConfigFields":[],"linkedFields":["RECURRENCEINTERVAL"],"relatedInfos":[],"references":[]},{"@type":"field","id":123877423,"name":"RECURRENCEDAYOFWEEKMASK","type":"integer","uniqueName":"RECURRENCEDAYOFWEEKMASK","label":"RECURRENCEDAYOFWEEKMASK","parentObject":"SF_COPY_EVENT","pcType":"INT","precision":10,"scale":0,"columnIndex":34,"isKey":false,"isWaterMarkKey":false,"isExternalId":false,"isSfIdLookup":false,"isNullable":true,"isUnique":false,"isCreateable":false,"isUpdateable":true,"isFilterable":true,"isCalculated":false,"filterType":"INT","showLabel":false,"naturalOrder":34,"typeConfigFields":[],"linkedFields":["RECURRENCEDAYOFWEEKMASK"],"relatedInfos":[],"references":[]},{"@type":"field","id":123877424,"name":"RECURRENCEDAYOFMONTH","type":"integer","uniqueName":"RECURRENCEDAYOFMONTH","label":"RECURRENCEDAYOFMONTH","parentObject":"SF_COPY_EVENT","pcType":"INT","precision":10,"scale":0,"columnIndex":35,"isKey":false,"isWaterMarkKey":false,"isExternalId":false,"isSfIdLookup":false,"isNullable":true,"isUnique":false,"isCreateable":false,"isUpdateable":true,"isFilterable":true,"isCalculated":false,"filterType":"INT","showLabel":false,"naturalOrder":35,"typeConfigFields":[],"linkedFields":["RECURRENCEDAYOFMONTH"],"relatedInfos":[],"references":[]},{"@type":"field","id":123877425,"name":"RECURRENCEINSTANCE","type":"nvarchar","uniqueName":"RECURRENCEINSTANCE","label":"RECURRENCEINSTANCE","parentObject":"SF_COPY_EVENT","pcType":"UNISTRING","precision":40,"scale":0,"columnIndex":36,"isKey":false,"isWaterMarkKey":false,"isExternalId":false,"isSfIdLookup":false,"isNullable":true,"isUnique":false,"isCreateable":false,"isUpdateable":true,"isFilterable":true,"isCalculated":false,"filterType":"STRING","showLabel":false,"naturalOrder":36,"typeConfigFields":[],"linkedFields":["RECURRENCEINSTANCE"],"relatedInfos":[],"references":[]},{"@type":"field","id":123877426,"name":"RECURRENCEMONTHOFYEAR","type":"nvarchar","uniqueName":"RECURRENCEMONTHOFYEAR","label":"RECURRENCEMONTHOFYEAR","parentObject":"SF_COPY_EVENT","pcType":"UNISTRING","precision":40,"scale":0,"columnIndex":37,"isKey":false,"isWaterMarkKey":false,"isExternalId":false,"isSfIdLookup":false,"isNullable":true,"isUnique":false,"isCreateable":false,"isUpdateable":true,"isFilterable":true,"isCalculated":false,"filterType":"STRING","showLabel":false,"naturalOrder":37,"typeConfigFields":[],"linkedFields":["RECURRENCEMONTHOFYEAR"],"relatedInfos":[],"references":[]},{"@type":"field","id":123877427,"name":"REMINDERDATETIME","type":"timestamp","uniqueName":"REMINDERDATETIME","label":"REMINDERDATETIME","parentObject":"SF_COPY_EVENT","pcType":"DATE","precision":23,"scale":3,"columnIndex":38,"isKey":false,"isWaterMarkKey":false,"isExternalId":false,"isSfIdLookup":false,"isNullable":true,"isUnique":false,"isCreateable":false,"isUpdateable":true,"isFilterable":true,"isCalculated":false,"filterType":"DATETIME","showLabel":false,"naturalOrder":38,"typeConfigFields":[],"linkedFields":["REMINDERDATETIME"],"relatedInfos":[],"references":[]},{"@type":"field","id":123877428,"name":"ISREMINDERSET","type":"integer","uniqueName":"ISREMINDERSET","label":"ISREMINDERSET","parentObject":"SF_COPY_EVENT","pcType":"INT","precision":10,"scale":0,"columnIndex":39,"isKey":false,"isWaterMarkKey":false,"isExternalId":false,"isSfIdLookup":false,"isNullable":true,"isUnique":false,"isCreateable":false,"isUpdateable":true,"isFilterable":true,"isCalculated":false,"filterType":"INT","showLabel":false,"naturalOrder":39,"typeConfigFields":[],"linkedFields":["ISREMINDERSET"],"relatedInfos":[],"references":[]},{"@type":"field","id":123877429,"name":"EVENTSUBTYPE","type":"nvarchar","uniqueName":"EVENTSUBTYPE","label":"EVENTSUBTYPE","parentObject":"SF_COPY_EVENT","pcType":"UNISTRING","precision":40,"scale":0,"columnIndex":40,"isKey":false,"isWaterMarkKey":false,"isExternalId":false,"isSfIdLookup":false,"isNullable":true,"isUnique":false,"isCreateable":false,"isUpdateable":true,"isFilterable":true,"isCalculated":false,"filterType":"STRING","showLabel":false,"naturalOrder":40,"typeConfigFields":[],"linkedFields":["EVENTSUBTYPE"],"relatedInfos":[],"references":[]},{"@type":"field","id":123877430,"name":"ISRECURRENCE2EXCLUSION","type":"integer","uniqueName":"ISRECURRENCE2EXCLUSION","label":"ISRECURRENCE2EXCLUSION","parentObject":"SF_COPY_EVENT","pcType":"INT","precision":10,"scale":0,"columnIndex":41,"isKey":false,"isWaterMarkKey":false,"isExternalId":false,"isSfIdLookup":false,"isNullable":true,"isUnique":false,"isCreateable":false,"isUpdateable":true,"isFilterable":true,"isCalculated":false,"filterType":"INT","showLabel":false,"naturalOrder":41,"typeConfigFields":[],"linkedFields":["ISRECURRENCE2EXCLUSION"],"relatedInfos":[],"references":[]},{"@type":"field","id":123877431,"name":"RECURRENCE2PATTERNTEXT","type":"nvarchar","uniqueName":"RECURRENCE2PATTERNTEXT","label":"RECURRENCE2PATTERNTEXT","parentObject":"SF_COPY_EVENT","pcType":"UNISTRING","precision":512,"scale":0,"columnIndex":42,"isKey":false,"isWaterMarkKey":false,"isExternalId":false,"isSfIdLookup":false,"isNullable":true,"isUnique":false,"isCreateable":false,"isUpdateable":true,"isFilterable":true,"isCalculated":false,"filterType":"STRING","showLabel":false,"naturalOrder":42,"typeConfigFields":[],"linkedFields":["RECURRENCE2PATTERNTEXT"],"relatedInfos":[],"references":[]},{"@type":"field","id":123877432,"name":"RECURRENCE2PATTERNVERSION","type":"nvarchar","uniqueName":"RECURRENCE2PATTERNVERSION","label":"RECURRENCE2PATTERNVERSION","parentObject":"SF_COPY_EVENT","pcType":"UNISTRING","precision":40,"scale":0,"columnIndex":43,"isKey":false,"isWaterMarkKey":false,"isExternalId":false,"isSfIdLookup":false,"isNullable":true,"isUnique":false,"isCreateable":false,"isUpdateable":true,"isFilterable":true,"isCalculated":false,"filterType":"STRING","showLabel":false,"naturalOrder":43,"typeConfigFields":[],"linkedFields":["RECURRENCE2PATTERNVERSION"],"relatedInfos":[],"references":[]},{"@type":"field","id":123877433,"name":"ISRECURRENCE2","type":"integer","uniqueName":"ISRECURRENCE2","label":"ISRECURRENCE2","parentObject":"SF_COPY_EVENT","pcType":"INT","precision":10,"scale":0,"columnIndex":44,"isKey":false,"isWaterMarkKey":false,"isExternalId":false,"isSfIdLookup":false,"isNullable":true,"isUnique":false,"isCreateable":false,"isUpdateable":true,"isFilterable":true,"isCalculated":false,"filterType":"INT","showLabel":false,"naturalOrder":44,"typeConfigFields":[],"linkedFields":["ISRECURRENCE2"],"relatedInfos":[],"references":[]},{"@type":"field","id":123877434,"name":"ISRECURRENCE2EXCEPTION","type":"integer","uniqueName":"ISRECURRENCE2EXCEPTION","label":"ISRECURRENCE2EXCEPTION","parentObject":"SF_COPY_EVENT","pcType":"INT","precision":10,"scale":0,"columnIndex":45,"isKey":false,"isWaterMarkKey":false,"isExternalId":false,"isSfIdLookup":false,"isNullable":true,"isUnique":false,"isCreateable":false,"isUpdateable":true,"isFilterable":true,"isCalculated":false,"filterType":"INT","showLabel":false,"naturalOrder":45,"typeConfigFields":[],"linkedFields":["ISRECURRENCE2EXCEPTION"],"relatedInfos":[],"references":[]},{"@type":"field","id":123877435,"name":"RECURRENCE2PATTERNSTARTDATE","type":"timestamp","uniqueName":"RECURRENCE2PATTERNSTARTDATE","label":"RECURRENCE2PATTERNSTARTDATE","parentObject":"SF_COPY_EVENT","pcType":"DATE","precision":23,"scale":3,"columnIndex":46,"isKey":false,"isWaterMarkKey":false,"isExternalId":false,"isSfIdLookup":false,"isNullable":true,"isUnique":false,"isCreateable":false,"isUpdateable":true,"isFilterable":true,"isCalculated":false,"filterType":"DATETIME","showLabel":false,"naturalOrder":46,"typeConfigFields":[],"linkedFields":["RECURRENCE2PATTERNSTARTDATE"],"relatedInfos":[],"references":[]},{"@type":"field","id":123877436,"name":"RECURRENCE2PATTERNTIMEZONE","type":"nvarchar","uniqueName":"RECURRENCE2PATTERNTIMEZONE","label":"RECURRENCE2PATTERNTIMEZONE","parentObject":"SF_COPY_EVENT","pcType":"UNISTRING","precision":255,"scale":0,"columnIndex":47,"isKey":false,"isWaterMarkKey":false,"isExternalId":false,"isSfIdLookup":false,"isNullable":true,"isUnique":false,"isCreateable":false,"isUpdateable":true,"isFilterable":true,"isCalculated":false,"filterType":"STRING","showLabel":false,"naturalOrder":47,"typeConfigFields":[],"linkedFields":["RECURRENCE2PATTERNTIMEZONE"],"relatedInfos":[],"references":[]},{"@type":"field","id":123877437,"name":"SERVICEAPPOINTMENTID","type":"nvarchar","uniqueName":"SERVICEAPPOINTMENTID","label":"SERVICEAPPOINTMENTID","parentObject":"SF_COPY_EVENT","pcType":"UNISTRING","precision":18,"scale":0,"columnIndex":48,"isKey":false,"isWaterMarkKey":false,"isExternalId":false,"isSfIdLookup":false,"isNullable":true,"isUnique":false,"isCreateable":false,"isUpdateable":true,"isFilterable":true,"isCalculated":false,"filterType":"STRING","showLabel":false,"naturalOrder":48,"typeConfigFields":[],"linkedFields":["SERVICEAPPOINTMENTID"],"relatedInfos":[],"references":[]}],"sortFields":[],"groupFields":[]}]