[{"@type":"mappingTemplate","id":"@1","name":"Case-04381695","description":"","bundleVersion":"0","templateId":"@3","deployTime":1670358669000,"hasParameters":false,"valid":true,"fixedConnection":true,"hasParametersDeployed":false,"fixedConnectionDeployed":true,"tasks":0,"mappingPreviewFileRecordId":"@2","documentType":"MAPPING","references":[{"@type":"reference","refObjectId":"@1PLiSc5GA6oge4Ya9e0Kq3","refType":"connection"},{"@type":"reference","refObjectId":"@gkgM9aBqFk7gyJZFvzQpAn","refType":"connection"}]}]