[{"@type":"mappingTemplate","id":"@1","name":"m_Orc_to_ff","description":"","bundleVersion":"0","templateId":"@3","deployTime":1656010424000,"hasParameters":false,"valid":true,"fixedConnection":true,"hasParametersDeployed":false,"fixedConnectionDeployed":true,"isSchemaValidationEnabled":false,"tasks":0,"mappingPreviewFileRecordId":"@2","documentType":"MAPPING","references":[{"@type":"reference","refObjectId":"@llKL1SrOva6gFpIoXzvUCl","refType":"connection"},{"@type":"reference","refObjectId":"@ja7B19G1LgrerkXccycZk8","refType":"connection"}]}]