[{"@type":"dssTask","id":"@1","name":"dss_ff_to_sq","description":"","maxLogs":10,"sourceConnectionId":"@775nqB0tO0ihnBLPdF55w6","targetConnectionId":"@1PLiSc5GA6oge4Ya9e0Kq3","targetObject":"SF_CONTACT","targetObjectLabel":"SF_CONTACT","operation":"Insert","maxRows":0,"truncateTarget":false,"bulkApiDBTarget":false,"verbose":false,"srcFlatFileAttrs":{"@type":"flatFileAttrs","id":13376041,"delimiter":",","textQualifier":"\"","escapeChar":"","headerLineNo":1,"firstDataRow":2,"rowDelimiter":0,"consecutiveDelimiter":false,"multiDelimitersAsAnd":true},"targetMetadataUpdated":false,"modelVersion":"V3-R600","queryAll":false,"srcSettings":{"@type":"taskDataSourceSetting","isShowLabels":false,"isNaturalOrder":true},"tgtSettings":{"@type":"taskDataSourceSetting","isShowLabels":false,"isNaturalOrder":true},"cfSettings":{"@type":"taskDataSourceSetting","isShowLabels":false,"isNaturalOrder":false},"bulkApi":false,"bulkApiSerialMode":false,"bulkApiMonitor":false,"isTargetObjectSfCustom":false,"allowNullUpdates":false,"targetBatchSize":200,"assignmentRuleId":"-1","assignmentRuleType":"None","createSuccessFile":false,"bulkApiHardDelete":false,"srcRuntimeAttrs":{"@type":"taskRuntimeAttrs","attrs":{}},"tgtRuntimeAttrs":{"@type":"taskRuntimeAttrs","attrs":{}},"parameterFileEncoding":"UTF-8","serverlessProperties":{},"sourceObjects":[{"@type":"mObject","name":"MOCK_DATA_1000.csv","label":"MOCK_DATA_1000.csv","metadataUpdated":false,"relations":[],"children":[]}],"advancedFilters":[],"filters":[],"fieldMaps":[{"@type":"fieldMap","id":"22172606","targetField":{"@type":"field","id":144112099,"name":"ID","type":"nvarchar","uniqueName":"ID","label":"ID","parentObject":"SF_CONTACT","pcType":"UNISTRING","precision":18,"scale":0,"columnIndex":0,"isKey":false,"isWaterMarkKey":false,"isExternalId":false,"isSfIdLookup":false,"isNullable":true,"isUnique":false,"isCreateable":false,"isUpdateable":true,"isFilterable":true,"isCalculated":false,"filterType":"STRING","showLabel":false,"naturalOrder":0,"typeConfigFields":[],"linkedFields":["EmpID"],"relatedInfos":[],"references":[]},"expression":"EmpID"},{"@type":"fieldMap","id":"22172607","targetField":{"@type":"field","id":144112100,"name":"ISDELETED","type":"integer","uniqueName":"ISDELETED","label":"ISDELETED","parentObject":"SF_CONTACT","pcType":"INT","precision":10,"scale":0,"columnIndex":1,"isKey":false,"isWaterMarkKey":false,"isExternalId":false,"isSfIdLookup":false,"isNullable":true,"isUnique":false,"isCreateable":false,"isUpdateable":true,"isFilterable":true,"isCalculated":false,"filterType":"INT","showLabel":false,"naturalOrder":1,"typeConfigFields":[],"linkedFields":[],"relatedInfos":[],"references":[]}},{"@type":"fieldMap","id":"22172608","targetField":{"@type":"field","id":144112101,"name":"MASTERRECORDID","type":"nvarchar","uniqueName":"MASTERRECORDID","label":"MASTERRECORDID","parentObject":"SF_CONTACT","pcType":"UNISTRING","precision":18,"scale":0,"columnIndex":2,"isKey":false,"isWaterMarkKey":false,"isExternalId":false,"isSfIdLookup":false,"isNullable":true,"isUnique":false,"isCreateable":false,"isUpdateable":true,"isFilterable":true,"isCalculated":false,"filterType":"STRING","showLabel":false,"naturalOrder":2,"typeConfigFields":[],"linkedFields":[],"relatedInfos":[],"references":[]}},{"@type":"fieldMap","id":"22172609","targetField":{"@type":"field","id":144112102,"name":"ACCOUNTID","type":"nvarchar","uniqueName":"ACCOUNTID","label":"ACCOUNTID","parentObject":"SF_CONTACT","pcType":"UNISTRING","precision":18,"scale":0,"columnIndex":3,"isKey":false,"isWaterMarkKey":false,"isExternalId":false,"isSfIdLookup":false,"isNullable":true,"isUnique":false,"isCreateable":false,"isUpdateable":true,"isFilterable":true,"isCalculated":false,"filterType":"STRING","showLabel":false,"naturalOrder":3,"typeConfigFields":[],"linkedFields":[],"relatedInfos":[],"references":[]}},{"@type":"fieldMap","id":"22172610","targetField":{"@type":"field","id":144112103,"name":"LASTNAME","type":"nvarchar","uniqueName":"LASTNAME","label":"LASTNAME","parentObject":"SF_CONTACT","pcType":"UNISTRING","precision":80,"scale":0,"columnIndex":4,"isKey":false,"isWaterMarkKey":false,"isExternalId":false,"isSfIdLookup":false,"isNullable":true,"isUnique":false,"isCreateable":false,"isUpdateable":true,"isFilterable":true,"isCalculated":false,"filterType":"STRING","showLabel":false,"naturalOrder":4,"typeConfigFields":[],"linkedFields":["LastName"],"relatedInfos":[],"references":[]},"expression":"LastName"},{"@type":"fieldMap","id":"22172611","targetField":{"@type":"field","id":144112104,"name":"FIRSTNAME","type":"nvarchar","uniqueName":"FIRSTNAME","label":"FIRSTNAME","parentObject":"SF_CONTACT","pcType":"UNISTRING","precision":40,"scale":0,"columnIndex":5,"isKey":false,"isWaterMarkKey":false,"isExternalId":false,"isSfIdLookup":false,"isNullable":true,"isUnique":false,"isCreateable":false,"isUpdateable":true,"isFilterable":true,"isCalculated":false,"filterType":"STRING","showLabel":false,"naturalOrder":5,"typeConfigFields":[],"linkedFields":["FirstName"],"relatedInfos":[],"references":[]},"expression":"FirstName"},{"@type":"fieldMap","id":"22172612","targetField":{"@type":"field","id":144112105,"name":"SALUTATION","type":"nvarchar","uniqueName":"SALUTATION","label":"SALUTATION","parentObject":"SF_CONTACT","pcType":"UNISTRING","precision":40,"scale":0,"columnIndex":6,"isKey":false,"isWaterMarkKey":false,"isExternalId":false,"isSfIdLookup":false,"isNullable":true,"isUnique":false,"isCreateable":false,"isUpdateable":true,"isFilterable":true,"isCalculated":false,"filterType":"STRING","showLabel":false,"naturalOrder":6,"typeConfigFields":[],"linkedFields":[],"relatedInfos":[],"references":[]}},{"@type":"fieldMap","id":"22172613","targetField":{"@type":"field","id":144112106,"name":"NAME","type":"nvarchar","uniqueName":"NAME","label":"NAME","parentObject":"SF_CONTACT","pcType":"UNISTRING","precision":121,"scale":0,"columnIndex":7,"isKey":false,"isWaterMarkKey":false,"isExternalId":false,"isSfIdLookup":false,"isNullable":true,"isUnique":false,"isCreateable":false,"isUpdateable":true,"isFilterable":true,"isCalculated":false,"filterType":"STRING","showLabel":false,"naturalOrder":7,"typeConfigFields":[],"linkedFields":["FullName"],"relatedInfos":[],"references":[]},"expression":"FullName"},{"@type":"fieldMap","id":"22172614","targetField":{"@type":"field","id":144112107,"name":"OTHERSTREET","type":"nvarchar","uniqueName":"OTHERSTREET","label":"OTHERSTREET","parentObject":"SF_CONTACT","pcType":"UNISTRING","precision":255,"scale":0,"columnIndex":8,"isKey":false,"isWaterMarkKey":false,"isExternalId":false,"isSfIdLookup":false,"isNullable":true,"isUnique":false,"isCreateable":false,"isUpdateable":true,"isFilterable":true,"isCalculated":false,"filterType":"STRING","showLabel":false,"naturalOrder":8,"typeConfigFields":[],"linkedFields":[],"relatedInfos":[],"references":[]}},{"@type":"fieldMap","id":"22172615","targetField":{"@type":"field","id":144112108,"name":"OTHERCITY","type":"nvarchar","uniqueName":"OTHERCITY","label":"OTHERCITY","parentObject":"SF_CONTACT","pcType":"UNISTRING","precision":40,"scale":0,"columnIndex":9,"isKey":false,"isWaterMarkKey":false,"isExternalId":false,"isSfIdLookup":false,"isNullable":true,"isUnique":false,"isCreateable":false,"isUpdateable":true,"isFilterable":true,"isCalculated":false,"filterType":"STRING","showLabel":false,"naturalOrder":9,"typeConfigFields":[],"linkedFields":[],"relatedInfos":[],"references":[]}},{"@type":"fieldMap","id":"22172616","targetField":{"@type":"field","id":144112109,"name":"OTHERSTATE","type":"nvarchar","uniqueName":"OTHERSTATE","label":"OTHERSTATE","parentObject":"SF_CONTACT","pcType":"UNISTRING","precision":80,"scale":0,"columnIndex":10,"isKey":false,"isWaterMarkKey":false,"isExternalId":false,"isSfIdLookup":false,"isNullable":true,"isUnique":false,"isCreateable":false,"isUpdateable":true,"isFilterable":true,"isCalculated":false,"filterType":"STRING","showLabel":false,"naturalOrder":10,"typeConfigFields":[],"linkedFields":[],"relatedInfos":[],"references":[]}},{"@type":"fieldMap","id":"22172617","targetField":{"@type":"field","id":144112110,"name":"OTHERPOSTALCODE","type":"nvarchar","uniqueName":"OTHERPOSTALCODE","label":"OTHERPOSTALCODE","parentObject":"SF_CONTACT","pcType":"UNISTRING","precision":20,"scale":0,"columnIndex":11,"isKey":false,"isWaterMarkKey":false,"isExternalId":false,"isSfIdLookup":false,"isNullable":true,"isUnique":false,"isCreateable":false,"isUpdateable":true,"isFilterable":true,"isCalculated":false,"filterType":"STRING","showLabel":false,"naturalOrder":11,"typeConfigFields":[],"linkedFields":[],"relatedInfos":[],"references":[]}},{"@type":"fieldMap","id":"22172618","targetField":{"@type":"field","id":144112111,"name":"OTHERCOUNTRY","type":"nvarchar","uniqueName":"OTHERCOUNTRY","label":"OTHERCOUNTRY","parentObject":"SF_CONTACT","pcType":"UNISTRING","precision":80,"scale":0,"columnIndex":12,"isKey":false,"isWaterMarkKey":false,"isExternalId":false,"isSfIdLookup":false,"isNullable":true,"isUnique":false,"isCreateable":false,"isUpdateable":true,"isFilterable":true,"isCalculated":false,"filterType":"STRING","showLabel":false,"naturalOrder":12,"typeConfigFields":[],"linkedFields":[],"relatedInfos":[],"references":[]}},{"@type":"fieldMap","id":"22172619","targetField":{"@type":"field","id":144112112,"name":"OTHERLATITUDE","type":"decimal","uniqueName":"OTHERLATITUDE","label":"OTHERLATITUDE","parentObject":"SF_CONTACT","pcType":"HIPRECDECIMAL","precision":18,"scale":15,"columnIndex":13,"isKey":false,"isWaterMarkKey":false,"isExternalId":false,"isSfIdLookup":false,"isNullable":true,"isUnique":false,"isCreateable":false,"isUpdateable":true,"isFilterable":true,"isCalculated":false,"filterType":"DOUBLE","showLabel":false,"naturalOrder":13,"typeConfigFields":[],"linkedFields":[],"relatedInfos":[],"references":[]}},{"@type":"fieldMap","id":"22172620","targetField":{"@type":"field","id":144112113,"name":"OTHERLONGITUDE","type":"decimal","uniqueName":"OTHERLONGITUDE","label":"OTHERLONGITUDE","parentObject":"SF_CONTACT","pcType":"HIPRECDECIMAL","precision":18,"scale":15,"columnIndex":14,"isKey":false,"isWaterMarkKey":false,"isExternalId":false,"isSfIdLookup":false,"isNullable":true,"isUnique":false,"isCreateable":false,"isUpdateable":true,"isFilterable":true,"isCalculated":false,"filterType":"DOUBLE","showLabel":false,"naturalOrder":14,"typeConfigFields":[],"linkedFields":[],"relatedInfos":[],"references":[]}},{"@type":"fieldMap","id":"22172621","targetField":{"@type":"field","id":144112114,"name":"OTHERGEOCODEACCURACY","type":"nvarchar","uniqueName":"OTHERGEOCODEACCURACY","label":"OTHERGEOCODEACCURACY","parentObject":"SF_CONTACT","pcType":"UNISTRING","precision":40,"scale":0,"columnIndex":15,"isKey":false,"isWaterMarkKey":false,"isExternalId":false,"isSfIdLookup":false,"isNullable":true,"isUnique":false,"isCreateable":false,"isUpdateable":true,"isFilterable":true,"isCalculated":false,"filterType":"STRING","showLabel":false,"naturalOrder":15,"typeConfigFields":[],"linkedFields":[],"relatedInfos":[],"references":[]}},{"@type":"fieldMap","id":"22172622","targetField":{"@type":"field","id":144112115,"name":"MAILINGSTREET","type":"nvarchar","uniqueName":"MAILINGSTREET","label":"MAILINGSTREET","parentObject":"SF_CONTACT","pcType":"UNISTRING","precision":255,"scale":0,"columnIndex":16,"isKey":false,"isWaterMarkKey":false,"isExternalId":false,"isSfIdLookup":false,"isNullable":true,"isUnique":false,"isCreateable":false,"isUpdateable":true,"isFilterable":true,"isCalculated":false,"filterType":"STRING","showLabel":false,"naturalOrder":16,"typeConfigFields":[],"linkedFields":[],"relatedInfos":[],"references":[]}},{"@type":"fieldMap","id":"22172623","targetField":{"@type":"field","id":144112116,"name":"MAILINGCITY","type":"nvarchar","uniqueName":"MAILINGCITY","label":"MAILINGCITY","parentObject":"SF_CONTACT","pcType":"UNISTRING","precision":40,"scale":0,"columnIndex":17,"isKey":false,"isWaterMarkKey":false,"isExternalId":false,"isSfIdLookup":false,"isNullable":true,"isUnique":false,"isCreateable":false,"isUpdateable":true,"isFilterable":true,"isCalculated":false,"filterType":"STRING","showLabel":false,"naturalOrder":17,"typeConfigFields":[],"linkedFields":[],"relatedInfos":[],"references":[]}},{"@type":"fieldMap","id":"22172624","targetField":{"@type":"field","id":144112117,"name":"MAILINGSTATE","type":"nvarchar","uniqueName":"MAILINGSTATE","label":"MAILINGSTATE","parentObject":"SF_CONTACT","pcType":"UNISTRING","precision":80,"scale":0,"columnIndex":18,"isKey":false,"isWaterMarkKey":false,"isExternalId":false,"isSfIdLookup":false,"isNullable":true,"isUnique":false,"isCreateable":false,"isUpdateable":true,"isFilterable":true,"isCalculated":false,"filterType":"STRING","showLabel":false,"naturalOrder":18,"typeConfigFields":[],"linkedFields":[],"relatedInfos":[],"references":[]}},{"@type":"fieldMap","id":"22172625","targetField":{"@type":"field","id":144112118,"name":"MAILINGPOSTALCODE","type":"nvarchar","uniqueName":"MAILINGPOSTALCODE","label":"MAILINGPOSTALCODE","parentObject":"SF_CONTACT","pcType":"UNISTRING","precision":20,"scale":0,"columnIndex":19,"isKey":false,"isWaterMarkKey":false,"isExternalId":false,"isSfIdLookup":false,"isNullable":true,"isUnique":false,"isCreateable":false,"isUpdateable":true,"isFilterable":true,"isCalculated":false,"filterType":"STRING","showLabel":false,"naturalOrder":19,"typeConfigFields":[],"linkedFields":[],"relatedInfos":[],"references":[]}},{"@type":"fieldMap","id":"22172626","targetField":{"@type":"field","id":144112119,"name":"MAILINGCOUNTRY","type":"nvarchar","uniqueName":"MAILINGCOUNTRY","label":"MAILINGCOUNTRY","parentObject":"SF_CONTACT","pcType":"UNISTRING","precision":80,"scale":0,"columnIndex":20,"isKey":false,"isWaterMarkKey":false,"isExternalId":false,"isSfIdLookup":false,"isNullable":true,"isUnique":false,"isCreateable":false,"isUpdateable":true,"isFilterable":true,"isCalculated":false,"filterType":"STRING","showLabel":false,"naturalOrder":20,"typeConfigFields":[],"linkedFields":[],"relatedInfos":[],"references":[]}},{"@type":"fieldMap","id":"22172627","targetField":{"@type":"field","id":144112120,"name":"MAILINGLATITUDE","type":"decimal","uniqueName":"MAILINGLATITUDE","label":"MAILINGLATITUDE","parentObject":"SF_CONTACT","pcType":"HIPRECDECIMAL","precision":18,"scale":15,"columnIndex":21,"isKey":false,"isWaterMarkKey":false,"isExternalId":false,"isSfIdLookup":false,"isNullable":true,"isUnique":false,"isCreateable":false,"isUpdateable":true,"isFilterable":true,"isCalculated":false,"filterType":"DOUBLE","showLabel":false,"naturalOrder":21,"typeConfigFields":[],"linkedFields":[],"relatedInfos":[],"references":[]}},{"@type":"fieldMap","id":"22172628","targetField":{"@type":"field","id":144112121,"name":"MAILINGLONGITUDE","type":"decimal","uniqueName":"MAILINGLONGITUDE","label":"MAILINGLONGITUDE","parentObject":"SF_CONTACT","pcType":"HIPRECDECIMAL","precision":18,"scale":15,"columnIndex":22,"isKey":false,"isWaterMarkKey":false,"isExternalId":false,"isSfIdLookup":false,"isNullable":true,"isUnique":false,"isCreateable":false,"isUpdateable":true,"isFilterable":true,"isCalculated":false,"filterType":"DOUBLE","showLabel":false,"naturalOrder":22,"typeConfigFields":[],"linkedFields":[],"relatedInfos":[],"references":[]}},{"@type":"fieldMap","id":"22172629","targetField":{"@type":"field","id":144112122,"name":"MAILINGGEOCODEACCURACY","type":"nvarchar","uniqueName":"MAILINGGEOCODEACCURACY","label":"MAILINGGEOCODEACCURACY","parentObject":"SF_CONTACT","pcType":"UNISTRING","precision":40,"scale":0,"columnIndex":23,"isKey":false,"isWaterMarkKey":false,"isExternalId":false,"isSfIdLookup":false,"isNullable":true,"isUnique":false,"isCreateable":false,"isUpdateable":true,"isFilterable":true,"isCalculated":false,"filterType":"STRING","showLabel":false,"naturalOrder":23,"typeConfigFields":[],"linkedFields":[],"relatedInfos":[],"references":[]}},{"@type":"fieldMap","id":"22172630","targetField":{"@type":"field","id":144112123,"name":"PHONE","type":"nvarchar","uniqueName":"PHONE","label":"PHONE","parentObject":"SF_CONTACT","pcType":"UNISTRING","precision":40,"scale":0,"columnIndex":24,"isKey":false,"isWaterMarkKey":false,"isExternalId":false,"isSfIdLookup":false,"isNullable":true,"isUnique":false,"isCreateable":false,"isUpdateable":true,"isFilterable":true,"isCalculated":false,"filterType":"STRING","showLabel":false,"naturalOrder":24,"typeConfigFields":[],"linkedFields":["Phone"],"relatedInfos":[],"references":[]},"expression":"Phone"},{"@type":"fieldMap","id":"22172631","targetField":{"@type":"field","id":144112124,"name":"FAX","type":"nvarchar","uniqueName":"FAX","label":"FAX","parentObject":"SF_CONTACT","pcType":"UNISTRING","precision":40,"scale":0,"columnIndex":25,"isKey":false,"isWaterMarkKey":false,"isExternalId":false,"isSfIdLookup":false,"isNullable":true,"isUnique":false,"isCreateable":false,"isUpdateable":true,"isFilterable":true,"isCalculated":false,"filterType":"STRING","showLabel":false,"naturalOrder":25,"typeConfigFields":[],"linkedFields":[],"relatedInfos":[],"references":[]}},{"@type":"fieldMap","id":"22172632","targetField":{"@type":"field","id":144112125,"name":"MOBILEPHONE","type":"nvarchar","uniqueName":"MOBILEPHONE","label":"MOBILEPHONE","parentObject":"SF_CONTACT","pcType":"UNISTRING","precision":40,"scale":0,"columnIndex":26,"isKey":false,"isWaterMarkKey":false,"isExternalId":false,"isSfIdLookup":false,"isNullable":true,"isUnique":false,"isCreateable":false,"isUpdateable":true,"isFilterable":true,"isCalculated":false,"filterType":"STRING","showLabel":false,"naturalOrder":26,"typeConfigFields":[],"linkedFields":[],"relatedInfos":[],"references":[]}},{"@type":"fieldMap","id":"22172633","targetField":{"@type":"field","id":144112126,"name":"HOMEPHONE","type":"nvarchar","uniqueName":"HOMEPHONE","label":"HOMEPHONE","parentObject":"SF_CONTACT","pcType":"UNISTRING","precision":40,"scale":0,"columnIndex":27,"isKey":false,"isWaterMarkKey":false,"isExternalId":false,"isSfIdLookup":false,"isNullable":true,"isUnique":false,"isCreateable":false,"isUpdateable":true,"isFilterable":true,"isCalculated":false,"filterType":"STRING","showLabel":false,"naturalOrder":27,"typeConfigFields":[],"linkedFields":[],"relatedInfos":[],"references":[]}},{"@type":"fieldMap","id":"22172634","targetField":{"@type":"field","id":144112127,"name":"OTHERPHONE","type":"nvarchar","uniqueName":"OTHERPHONE","label":"OTHERPHONE","parentObject":"SF_CONTACT","pcType":"UNISTRING","precision":40,"scale":0,"columnIndex":28,"isKey":false,"isWaterMarkKey":false,"isExternalId":false,"isSfIdLookup":false,"isNullable":true,"isUnique":false,"isCreateable":false,"isUpdateable":true,"isFilterable":true,"isCalculated":false,"filterType":"STRING","showLabel":false,"naturalOrder":28,"typeConfigFields":[],"linkedFields":[],"relatedInfos":[],"references":[]}},{"@type":"fieldMap","id":"22172635","targetField":{"@type":"field","id":144112128,"name":"ASSISTANTPHONE","type":"nvarchar","uniqueName":"ASSISTANTPHONE","label":"ASSISTANTPHONE","parentObject":"SF_CONTACT","pcType":"UNISTRING","precision":40,"scale":0,"columnIndex":29,"isKey":false,"isWaterMarkKey":false,"isExternalId":false,"isSfIdLookup":false,"isNullable":true,"isUnique":false,"isCreateable":false,"isUpdateable":true,"isFilterable":true,"isCalculated":false,"filterType":"STRING","showLabel":false,"naturalOrder":29,"typeConfigFields":[],"linkedFields":[],"relatedInfos":[],"references":[]}},{"@type":"fieldMap","id":"22172636","targetField":{"@type":"field","id":144112129,"name":"REPORTSTOID","type":"nvarchar","uniqueName":"REPORTSTOID","label":"REPORTSTOID","parentObject":"SF_CONTACT","pcType":"UNISTRING","precision":18,"scale":0,"columnIndex":30,"isKey":false,"isWaterMarkKey":false,"isExternalId":false,"isSfIdLookup":false,"isNullable":true,"isUnique":false,"isCreateable":false,"isUpdateable":true,"isFilterable":true,"isCalculated":false,"filterType":"STRING","showLabel":false,"naturalOrder":30,"typeConfigFields":[],"linkedFields":[],"relatedInfos":[],"references":[]}},{"@type":"fieldMap","id":"22172637","targetField":{"@type":"field","id":144112130,"name":"EMAIL","type":"nvarchar","uniqueName":"EMAIL","label":"EMAIL","parentObject":"SF_CONTACT","pcType":"UNISTRING","precision":80,"scale":0,"columnIndex":31,"isKey":false,"isWaterMarkKey":false,"isExternalId":false,"isSfIdLookup":false,"isNullable":true,"isUnique":false,"isCreateable":false,"isUpdateable":true,"isFilterable":true,"isCalculated":false,"filterType":"STRING","showLabel":false,"naturalOrder":31,"typeConfigFields":[],"linkedFields":["Email"],"relatedInfos":[],"references":[]},"expression":"Email"},{"@type":"fieldMap","id":"22172638","targetField":{"@type":"field","id":144112131,"name":"TITLE","type":"nvarchar","uniqueName":"TITLE","label":"TITLE","parentObject":"SF_CONTACT","pcType":"UNISTRING","precision":128,"scale":0,"columnIndex":32,"isKey":false,"isWaterMarkKey":false,"isExternalId":false,"isSfIdLookup":false,"isNullable":true,"isUnique":false,"isCreateable":false,"isUpdateable":true,"isFilterable":true,"isCalculated":false,"filterType":"STRING","showLabel":false,"naturalOrder":32,"typeConfigFields":[],"linkedFields":[],"relatedInfos":[],"references":[]}},{"@type":"fieldMap","id":"22172639","targetField":{"@type":"field","id":144112132,"name":"DEPARTMENT","type":"nvarchar","uniqueName":"DEPARTMENT","label":"DEPARTMENT","parentObject":"SF_CONTACT","pcType":"UNISTRING","precision":80,"scale":0,"columnIndex":33,"isKey":false,"isWaterMarkKey":false,"isExternalId":false,"isSfIdLookup":false,"isNullable":true,"isUnique":false,"isCreateable":false,"isUpdateable":true,"isFilterable":true,"isCalculated":false,"filterType":"STRING","showLabel":false,"naturalOrder":33,"typeConfigFields":[],"linkedFields":["Department"],"relatedInfos":[],"references":[]},"expression":"Department"},{"@type":"fieldMap","id":"22172640","targetField":{"@type":"field","id":144112133,"name":"ASSISTANTNAME","type":"nvarchar","uniqueName":"ASSISTANTNAME","label":"ASSISTANTNAME","parentObject":"SF_CONTACT","pcType":"UNISTRING","precision":40,"scale":0,"columnIndex":34,"isKey":false,"isWaterMarkKey":false,"isExternalId":false,"isSfIdLookup":false,"isNullable":true,"isUnique":false,"isCreateable":false,"isUpdateable":true,"isFilterable":true,"isCalculated":false,"filterType":"STRING","showLabel":false,"naturalOrder":34,"typeConfigFields":[],"linkedFields":[],"relatedInfos":[],"references":[]}},{"@type":"fieldMap","id":"22172641","targetField":{"@type":"field","id":144112134,"name":"LEADSOURCE","type":"nvarchar","uniqueName":"LEADSOURCE","label":"LEADSOURCE","parentObject":"SF_CONTACT","pcType":"UNISTRING","precision":255,"scale":0,"columnIndex":35,"isKey":false,"isWaterMarkKey":false,"isExternalId":false,"isSfIdLookup":false,"isNullable":true,"isUnique":false,"isCreateable":false,"isUpdateable":true,"isFilterable":true,"isCalculated":false,"filterType":"STRING","showLabel":false,"naturalOrder":35,"typeConfigFields":[],"linkedFields":[],"relatedInfos":[],"references":[]}},{"@type":"fieldMap","id":"22172642","targetField":{"@type":"field","id":144112135,"name":"BIRTHDATE","type":"timestamp","uniqueName":"BIRTHDATE","label":"BIRTHDATE","parentObject":"SF_CONTACT","pcType":"DATE","precision":23,"scale":3,"columnIndex":36,"isKey":false,"isWaterMarkKey":false,"isExternalId":false,"isSfIdLookup":false,"isNullable":true,"isUnique":false,"isCreateable":false,"isUpdateable":true,"isFilterable":true,"isCalculated":false,"filterType":"DATETIME","showLabel":false,"naturalOrder":36,"typeConfigFields":[],"linkedFields":[],"relatedInfos":[],"references":[]}},{"@type":"fieldMap","id":"22172643","targetField":{"@type":"field","id":144112136,"name":"DESCRIPTION","type":"ntext","uniqueName":"DESCRIPTION","label":"DESCRIPTION","parentObject":"SF_CONTACT","pcType":"UNISTRING","precision":32000,"scale":0,"columnIndex":37,"isKey":false,"isWaterMarkKey":false,"isExternalId":false,"isSfIdLookup":false,"isNullable":true,"isUnique":false,"isCreateable":false,"isUpdateable":true,"isFilterable":false,"isCalculated":false,"showLabel":false,"naturalOrder":37,"typeConfigFields":[],"linkedFields":[],"relatedInfos":[],"references":[]}},{"@type":"fieldMap","id":"22172644","targetField":{"@type":"field","id":144112137,"name":"OWNERID","type":"nvarchar","uniqueName":"OWNERID","label":"OWNERID","parentObject":"SF_CONTACT","pcType":"UNISTRING","precision":18,"scale":0,"columnIndex":38,"isKey":false,"isWaterMarkKey":false,"isExternalId":false,"isSfIdLookup":false,"isNullable":true,"isUnique":false,"isCreateable":false,"isUpdateable":true,"isFilterable":true,"isCalculated":false,"filterType":"STRING","showLabel":false,"naturalOrder":38,"typeConfigFields":[],"linkedFields":[],"relatedInfos":[],"references":[]}},{"@type":"fieldMap","id":"22172645","targetField":{"@type":"field","id":144112138,"name":"CREATEDDATE","type":"timestamp","uniqueName":"CREATEDDATE","label":"CREATEDDATE","parentObject":"SF_CONTACT","pcType":"DATE","precision":23,"scale":3,"columnIndex":39,"isKey":false,"isWaterMarkKey":false,"isExternalId":false,"isSfIdLookup":false,"isNullable":true,"isUnique":false,"isCreateable":false,"isUpdateable":true,"isFilterable":true,"isCalculated":false,"filterType":"DATETIME","showLabel":false,"naturalOrder":39,"typeConfigFields":[],"linkedFields":[],"relatedInfos":[],"references":[]}},{"@type":"fieldMap","id":"22172646","targetField":{"@type":"field","id":144112139,"name":"CREATEDBYID","type":"nvarchar","uniqueName":"CREATEDBYID","label":"CREATEDBYID","parentObject":"SF_CONTACT","pcType":"UNISTRING","precision":18,"scale":0,"columnIndex":40,"isKey":false,"isWaterMarkKey":false,"isExternalId":false,"isSfIdLookup":false,"isNullable":true,"isUnique":false,"isCreateable":false,"isUpdateable":true,"isFilterable":true,"isCalculated":false,"filterType":"STRING","showLabel":false,"naturalOrder":40,"typeConfigFields":[],"linkedFields":[],"relatedInfos":[],"references":[]}},{"@type":"fieldMap","id":"22172647","targetField":{"@type":"field","id":144112140,"name":"LASTMODIFIEDDATE","type":"timestamp","uniqueName":"LASTMODIFIEDDATE","label":"LASTMODIFIEDDATE","parentObject":"SF_CONTACT","pcType":"DATE","precision":23,"scale":3,"columnIndex":41,"isKey":false,"isWaterMarkKey":false,"isExternalId":false,"isSfIdLookup":false,"isNullable":true,"isUnique":false,"isCreateable":false,"isUpdateable":true,"isFilterable":true,"isCalculated":false,"filterType":"DATETIME","showLabel":false,"naturalOrder":41,"typeConfigFields":[],"linkedFields":[],"relatedInfos":[],"references":[]}},{"@type":"fieldMap","id":"22172648","targetField":{"@type":"field","id":144112141,"name":"LASTMODIFIEDBYID","type":"nvarchar","uniqueName":"LASTMODIFIEDBYID","label":"LASTMODIFIEDBYID","parentObject":"SF_CONTACT","pcType":"UNISTRING","precision":18,"scale":0,"columnIndex":42,"isKey":false,"isWaterMarkKey":false,"isExternalId":false,"isSfIdLookup":false,"isNullable":true,"isUnique":false,"isCreateable":false,"isUpdateable":true,"isFilterable":true,"isCalculated":false,"filterType":"STRING","showLabel":false,"naturalOrder":42,"typeConfigFields":[],"linkedFields":[],"relatedInfos":[],"references":[]}},{"@type":"fieldMap","id":"22172649","targetField":{"@type":"field","id":144112142,"name":"SYSTEMMODSTAMP","type":"timestamp","uniqueName":"SYSTEMMODSTAMP","label":"SYSTEMMODSTAMP","parentObject":"SF_CONTACT","pcType":"DATE","precision":23,"scale":3,"columnIndex":43,"isKey":false,"isWaterMarkKey":false,"isExternalId":false,"isSfIdLookup":false,"isNullable":true,"isUnique":false,"isCreateable":false,"isUpdateable":true,"isFilterable":true,"isCalculated":false,"filterType":"DATETIME","showLabel":false,"naturalOrder":43,"typeConfigFields":[],"linkedFields":[],"relatedInfos":[],"references":[]}},{"@type":"fieldMap","id":"22172650","targetField":{"@type":"field","id":144112143,"name":"LASTACTIVITYDATE","type":"timestamp","uniqueName":"LASTACTIVITYDATE","label":"LASTACTIVITYDATE","parentObject":"SF_CONTACT","pcType":"DATE","precision":23,"scale":3,"columnIndex":44,"isKey":false,"isWaterMarkKey":false,"isExternalId":false,"isSfIdLookup":false,"isNullable":true,"isUnique":false,"isCreateable":false,"isUpdateable":true,"isFilterable":true,"isCalculated":false,"filterType":"DATETIME","showLabel":false,"naturalOrder":44,"typeConfigFields":[],"linkedFields":[],"relatedInfos":[],"references":[]}},{"@type":"fieldMap","id":"22172651","targetField":{"@type":"field","id":144112144,"name":"LASTCUREQUESTDATE","type":"timestamp","uniqueName":"LASTCUREQUESTDATE","label":"LASTCUREQUESTDATE","parentObject":"SF_CONTACT","pcType":"DATE","precision":23,"scale":3,"columnIndex":45,"isKey":false,"isWaterMarkKey":false,"isExternalId":false,"isSfIdLookup":false,"isNullable":true,"isUnique":false,"isCreateable":false,"isUpdateable":true,"isFilterable":true,"isCalculated":false,"filterType":"DATETIME","showLabel":false,"naturalOrder":45,"typeConfigFields":[],"linkedFields":[],"relatedInfos":[],"references":[]}},{"@type":"fieldMap","id":"22172652","targetField":{"@type":"field","id":144112145,"name":"LASTCUUPDATEDATE","type":"timestamp","uniqueName":"LASTCUUPDATEDATE","label":"LASTCUUPDATEDATE","parentObject":"SF_CONTACT","pcType":"DATE","precision":23,"scale":3,"columnIndex":46,"isKey":false,"isWaterMarkKey":false,"isExternalId":false,"isSfIdLookup":false,"isNullable":true,"isUnique":false,"isCreateable":false,"isUpdateable":true,"isFilterable":true,"isCalculated":false,"filterType":"DATETIME","showLabel":false,"naturalOrder":46,"typeConfigFields":[],"linkedFields":[],"relatedInfos":[],"references":[]}},{"@type":"fieldMap","id":"22172653","targetField":{"@type":"field","id":144112146,"name":"LASTVIEWEDDATE","type":"timestamp","uniqueName":"LASTVIEWEDDATE","label":"LASTVIEWEDDATE","parentObject":"SF_CONTACT","pcType":"DATE","precision":23,"scale":3,"columnIndex":47,"isKey":false,"isWaterMarkKey":false,"isExternalId":false,"isSfIdLookup":false,"isNullable":true,"isUnique":false,"isCreateable":false,"isUpdateable":true,"isFilterable":true,"isCalculated":false,"filterType":"DATETIME","showLabel":false,"naturalOrder":47,"typeConfigFields":[],"linkedFields":[],"relatedInfos":[],"references":[]}},{"@type":"fieldMap","id":"22172654","targetField":{"@type":"field","id":144112147,"name":"LASTREFERENCEDDATE","type":"timestamp","uniqueName":"LASTREFERENCEDDATE","label":"LASTREFERENCEDDATE","parentObject":"SF_CONTACT","pcType":"DATE","precision":23,"scale":3,"columnIndex":48,"isKey":false,"isWaterMarkKey":false,"isExternalId":false,"isSfIdLookup":false,"isNullable":true,"isUnique":false,"isCreateable":false,"isUpdateable":true,"isFilterable":true,"isCalculated":false,"filterType":"DATETIME","showLabel":false,"naturalOrder":48,"typeConfigFields":[],"linkedFields":[],"relatedInfos":[],"references":[]}},{"@type":"fieldMap","id":"22172655","targetField":{"@type":"field","id":144112148,"name":"EMAILBOUNCEDREASON","type":"nvarchar","uniqueName":"EMAILBOUNCEDREASON","label":"EMAILBOUNCEDREASON","parentObject":"SF_CONTACT","pcType":"UNISTRING","precision":255,"scale":0,"columnIndex":49,"isKey":false,"isWaterMarkKey":false,"isExternalId":false,"isSfIdLookup":false,"isNullable":true,"isUnique":false,"isCreateable":false,"isUpdateable":true,"isFilterable":true,"isCalculated":false,"filterType":"STRING","showLabel":false,"naturalOrder":49,"typeConfigFields":[],"linkedFields":[],"relatedInfos":[],"references":[]}},{"@type":"fieldMap","id":"22172656","targetField":{"@type":"field","id":144112149,"name":"EMAILBOUNCEDDATE","type":"timestamp","uniqueName":"EMAILBOUNCEDDATE","label":"EMAILBOUNCEDDATE","parentObject":"SF_CONTACT","pcType":"DATE","precision":23,"scale":3,"columnIndex":50,"isKey":false,"isWaterMarkKey":false,"isExternalId":false,"isSfIdLookup":false,"isNullable":true,"isUnique":false,"isCreateable":false,"isUpdateable":true,"isFilterable":true,"isCalculated":false,"filterType":"DATETIME","showLabel":false,"naturalOrder":50,"typeConfigFields":[],"linkedFields":[],"relatedInfos":[],"references":[]}},{"@type":"fieldMap","id":"22172657","targetField":{"@type":"field","id":144112150,"name":"ISEMAILBOUNCED","type":"integer","uniqueName":"ISEMAILBOUNCED","label":"ISEMAILBOUNCED","parentObject":"SF_CONTACT","pcType":"INT","precision":10,"scale":0,"columnIndex":51,"isKey":false,"isWaterMarkKey":false,"isExternalId":false,"isSfIdLookup":false,"isNullable":true,"isUnique":false,"isCreateable":false,"isUpdateable":true,"isFilterable":true,"isCalculated":false,"filterType":"INT","showLabel":false,"naturalOrder":51,"typeConfigFields":[],"linkedFields":[],"relatedInfos":[],"references":[]}},{"@type":"fieldMap","id":"22172658","targetField":{"@type":"field","id":144112151,"name":"PHOTOURL","type":"nvarchar","uniqueName":"PHOTOURL","label":"PHOTOURL","parentObject":"SF_CONTACT","pcType":"UNISTRING","precision":255,"scale":0,"columnIndex":52,"isKey":false,"isWaterMarkKey":false,"isExternalId":false,"isSfIdLookup":false,"isNullable":true,"isUnique":false,"isCreateable":false,"isUpdateable":true,"isFilterable":true,"isCalculated":false,"filterType":"STRING","showLabel":false,"naturalOrder":52,"typeConfigFields":[],"linkedFields":[],"relatedInfos":[],"references":[]}},{"@type":"fieldMap","id":"22172659","targetField":{"@type":"field","id":144112152,"name":"JIGSAW","type":"nvarchar","uniqueName":"JIGSAW","label":"JIGSAW","parentObject":"SF_CONTACT","pcType":"UNISTRING","precision":20,"scale":0,"columnIndex":53,"isKey":false,"isWaterMarkKey":false,"isExternalId":false,"isSfIdLookup":false,"isNullable":true,"isUnique":false,"isCreateable":false,"isUpdateable":true,"isFilterable":true,"isCalculated":false,"filterType":"STRING","showLabel":false,"naturalOrder":53,"typeConfigFields":[],"linkedFields":[],"relatedInfos":[],"references":[]}},{"@type":"fieldMap","id":"22172660","targetField":{"@type":"field","id":144112153,"name":"JIGSAWCONTACTID","type":"nvarchar","uniqueName":"JIGSAWCONTACTID","label":"JIGSAWCONTACTID","parentObject":"SF_CONTACT","pcType":"UNISTRING","precision":20,"scale":0,"columnIndex":54,"isKey":false,"isWaterMarkKey":false,"isExternalId":false,"isSfIdLookup":false,"isNullable":true,"isUnique":false,"isCreateable":false,"isUpdateable":true,"isFilterable":true,"isCalculated":false,"filterType":"STRING","showLabel":false,"naturalOrder":54,"typeConfigFields":[],"linkedFields":[],"relatedInfos":[],"references":[]}},{"@type":"fieldMap","id":"22172661","targetField":{"@type":"field","id":144112154,"name":"CLEANSTATUS","type":"nvarchar","uniqueName":"CLEANSTATUS","label":"CLEANSTATUS","parentObject":"SF_CONTACT","pcType":"UNISTRING","precision":40,"scale":0,"columnIndex":55,"isKey":false,"isWaterMarkKey":false,"isExternalId":false,"isSfIdLookup":false,"isNullable":true,"isUnique":false,"isCreateable":false,"isUpdateable":true,"isFilterable":true,"isCalculated":false,"filterType":"STRING","showLabel":false,"naturalOrder":55,"typeConfigFields":[],"linkedFields":[],"relatedInfos":[],"references":[]}},{"@type":"fieldMap","id":"22172662","targetField":{"@type":"field","id":144112155,"name":"INDIVIDUALID","type":"nvarchar","uniqueName":"INDIVIDUALID","label":"INDIVIDUALID","parentObject":"SF_CONTACT","pcType":"UNISTRING","precision":18,"scale":0,"columnIndex":56,"isKey":false,"isWaterMarkKey":false,"isExternalId":false,"isSfIdLookup":false,"isNullable":true,"isUnique":false,"isCreateable":false,"isUpdateable":true,"isFilterable":true,"isCalculated":false,"filterType":"STRING","showLabel":false,"naturalOrder":56,"typeConfigFields":[],"linkedFields":[],"relatedInfos":[],"references":[]}},{"@type":"fieldMap","id":"22172663","targetField":{"@type":"field","id":144112156,"name":"LEVEL__C","type":"nvarchar","uniqueName":"LEVEL__C","label":"LEVEL__C","parentObject":"SF_CONTACT","pcType":"UNISTRING","precision":255,"scale":0,"columnIndex":57,"isKey":false,"isWaterMarkKey":false,"isExternalId":false,"isSfIdLookup":false,"isNullable":true,"isUnique":false,"isCreateable":false,"isUpdateable":true,"isFilterable":true,"isCalculated":false,"filterType":"STRING","showLabel":false,"naturalOrder":57,"typeConfigFields":[],"linkedFields":[],"relatedInfos":[],"references":[]}},{"@type":"fieldMap","id":"22172664","targetField":{"@type":"field","id":144112157,"name":"LANGUAGES__C","type":"nvarchar","uniqueName":"LANGUAGES__C","label":"LANGUAGES__C","parentObject":"SF_CONTACT","pcType":"UNISTRING","precision":100,"scale":0,"columnIndex":58,"isKey":false,"isWaterMarkKey":false,"isExternalId":false,"isSfIdLookup":false,"isNullable":true,"isUnique":false,"isCreateable":false,"isUpdateable":true,"isFilterable":true,"isCalculated":false,"filterType":"STRING","showLabel":false,"naturalOrder":58,"typeConfigFields":[],"linkedFields":[],"relatedInfos":[],"references":[]}}],"sourceFields":[{"@type":"field","id":144112158,"name":"EmpID","type":"nstring","uniqueName":"EmpID","label":"EmpID","parentObject":"MOCK_DATA_1000.csv","pcType":"UNISTRING","precision":18,"scale":0,"columnIndex":0,"isKey":false,"isWaterMarkKey":false,"isExternalId":false,"isSfIdLookup":false,"isNullable":true,"isUnique":false,"isCreateable":false,"isUpdateable":true,"isFilterable":true,"isCalculated":false,"filterType":"STRING","showLabel":false,"naturalOrder":0,"typeConfigFields":[],"linkedFields":["ID"],"relatedInfos":[],"references":[]},{"@type":"field","id":144112159,"name":"FullName","type":"nstring","uniqueName":"FullName","label":"FullName","parentObject":"MOCK_DATA_1000.csv","pcType":"UNISTRING","precision":121,"scale":0,"columnIndex":1,"isKey":false,"isWaterMarkKey":false,"isExternalId":false,"isSfIdLookup":false,"isNullable":true,"isUnique":false,"isCreateable":false,"isUpdateable":true,"isFilterable":true,"isCalculated":false,"filterType":"STRING","showLabel":false,"naturalOrder":0,"typeConfigFields":[],"linkedFields":["NAME"],"relatedInfos":[],"references":[]},{"@type":"field","id":144112160,"name":"FirstName","type":"nstring","uniqueName":"FirstName","label":"FirstName","parentObject":"MOCK_DATA_1000.csv","pcType":"UNISTRING","precision":40,"scale":0,"columnIndex":2,"isKey":false,"isWaterMarkKey":false,"isExternalId":false,"isSfIdLookup":false,"isNullable":true,"isUnique":false,"isCreateable":false,"isUpdateable":true,"isFilterable":true,"isCalculated":false,"filterType":"STRING","showLabel":false,"naturalOrder":0,"typeConfigFields":[],"linkedFields":["FIRSTNAME"],"relatedInfos":[],"references":[]},{"@type":"field","id":144112161,"name":"LastName","type":"nstring","uniqueName":"LastName","label":"LastName","parentObject":"MOCK_DATA_1000.csv","pcType":"UNISTRING","precision":80,"scale":0,"columnIndex":3,"isKey":false,"isWaterMarkKey":false,"isExternalId":false,"isSfIdLookup":false,"isNullable":true,"isUnique":false,"isCreateable":false,"isUpdateable":true,"isFilterable":true,"isCalculated":false,"filterType":"STRING","showLabel":false,"naturalOrder":0,"typeConfigFields":[],"linkedFields":["LASTNAME"],"relatedInfos":[],"references":[]},{"@type":"field","id":144112162,"name":"Email","type":"nstring","uniqueName":"Email","label":"Email","parentObject":"MOCK_DATA_1000.csv","pcType":"UNISTRING","precision":80,"scale":0,"columnIndex":4,"isKey":false,"isWaterMarkKey":false,"isExternalId":false,"isSfIdLookup":false,"isNullable":true,"isUnique":false,"isCreateable":false,"isUpdateable":true,"isFilterable":true,"isCalculated":false,"filterType":"STRING","showLabel":false,"naturalOrder":0,"typeConfigFields":[],"linkedFields":["EMAIL"],"relatedInfos":[],"references":[]},{"@type":"field","id":144112163,"name":"Outlet","type":"nstring","uniqueName":"Outlet","label":"Outlet","parentObject":"MOCK_DATA_1000.csv","pcType":"UNISTRING","precision":255,"scale":0,"columnIndex":5,"isKey":false,"isWaterMarkKey":false,"isExternalId":false,"isSfIdLookup":false,"isNullable":true,"isUnique":false,"isCreateable":false,"isUpdateable":true,"isFilterable":true,"isCalculated":false,"filterType":"STRING","showLabel":false,"naturalOrder":0,"typeConfigFields":[],"linkedFields":[],"relatedInfos":[],"references":[]},{"@type":"field","id":144112164,"name":"Department","type":"nstring","uniqueName":"Department","label":"Department","parentObject":"MOCK_DATA_1000.csv","pcType":"UNISTRING","precision":80,"scale":0,"columnIndex":6,"isKey":false,"isWaterMarkKey":false,"isExternalId":false,"isSfIdLookup":false,"isNullable":true,"isUnique":false,"isCreateable":false,"isUpdateable":true,"isFilterable":true,"isCalculated":false,"filterType":"STRING","showLabel":false,"naturalOrder":0,"typeConfigFields":[],"linkedFields":["DEPARTMENT"],"relatedInfos":[],"references":[]},{"@type":"field","id":144112165,"name":"Phone","type":"nstring","uniqueName":"Phone","label":"Phone","parentObject":"MOCK_DATA_1000.csv","pcType":"UNISTRING","precision":40,"scale":0,"columnIndex":7,"isKey":false,"isWaterMarkKey":false,"isExternalId":false,"isSfIdLookup":false,"isNullable":true,"isUnique":false,"isCreateable":false,"isUpdateable":true,"isFilterable":true,"isCalculated":false,"filterType":"STRING","showLabel":false,"naturalOrder":0,"typeConfigFields":[],"linkedFields":["PHONE"],"relatedInfos":[],"references":[]}],"sortFields":[],"groupFields":[]}]