[{"@type":"mappingTemplate","id":"@1","name":"Mapping7","description":"","bundleVersion":"0","templateId":"@3","deployTime":1637264319000,"hasParameters":false,"valid":true,"fixedConnection":true,"hasParametersDeployed":false,"fixedConnectionDeployed":true,"tasks":0,"mappingPreviewFileRecordId":"@2","documentType":"MAPPING","references":[{"@type":"reference","refObjectId":"@bYj4JVqa6AUi4ID4voTXsA","refType":"connection"},{"@type":"reference","refObjectId":"@6Mpt1ADe0vPlDqVDxIO0K0","refType":"connection"}]}]