[{"@type":"mappingTemplate","id":"@1","name":"m_sfdc_demo","description":"","bundleVersion":"0","templateId":"@3","deployTime":1710280821000,"hasParameters":false,"valid":true,"fixedConnection":true,"hasParametersDeployed":false,"fixedConnectionDeployed":true,"isSchemaValidationEnabled":false,"tasks":1,"mappingPreviewFileRecordId":"@2","documentType":"MAPPING","references":[{"@type":"reference","refObjectId":"@0NrXXUCV3cJiZO7TmGbiyw","refType":"connection"},{"@type":"reference","refObjectId":"@775nqB0tO0ihnBLPdF55w6","refType":"connection"}]}]