[{"@type":"mappingTemplate","id":"@1","name":"m_cdc","description":"","bundleVersion":"0","templateId":"@3","hasParameters":false,"valid":false,"fixedConnection":true,"hasParametersDeployed":false,"fixedConnectionDeployed":false,"isSchemaValidationEnabled":false,"tasks":0,"mappingPreviewFileRecordId":"@2","documentType":"MAPPING","references":[{"@type":"reference","refObjectId":"@775nqB0tO0ihnBLPdF55w6","refType":"connection"},{"@type":"reference","refObjectId":"@0DgcjoddeoZlDl7WnUaEis","refType":"connection"}]}]