[{"@type":"drsTask","id":"@1","name":"Replication Task1","maxLogs":10,"sourceConnectionId":"@bYj4JVqa6AUi4ID4voTXsA","targetConnectionId":"@4LyVxuKWVA9gW20p2HfG2E","tablePrefix":"SF_","verbose":true,"fullRefresh":true,"replicateAllObjects":false,"removeDeleted":true,"queryAll":false,"srcShowLabels":true,"maxRows":0,"stopOnError":true,"replicationObjects":["AccountContactRole","CaseContactRole","Contact","Organization","Folder","FlowVersionView","FlowVariableView","Pricebook2History","Pricebook2","PlatformEventUsageMetric","PlatformCachePartitionType","WorkTypeShare","WorkTypeHistory","WorkTypeGroupMemberHistory","WorkTypeGroupShare","LocationFeed","Location","LiveChatSensitiveDataRule","ListViewEvent","EventFeed","EventBusSubscriber","Event","ChatterActivity","CategoryNode","CategoryData","ClientBrowser","CollaborationGroup","CollaborationGroupFeed","CollaborationGroupMember","RedirectWhitelistUrl","RecordType","RecordActionHistory","RecordAction","ReportAnomalyEventStore","Report","RelationshipInfo","Refund","RefundLinePayment","RelationshipDomain","ReturnOrderHistory","ReturnOrderFeed","ReturnOrder","ReturnOrderShare","SPSamlAttributes","SamlSsoConfig","ReturnOrderLineItemHistory","ServiceResourceSkillFeed","ServiceResourceSkill","ServiceResourceShare","FinanceBalanceSnapshot","FileSearchActivity","FinanceBalanceSnapshotShare","ContentDocumentLink","ContentDocumentSubscription","ContentFolder","ContentFolderItem","ContactPointTypeConsent","ContactPointPhoneShare","ContactPointPhoneHistory","ContactPointAddressShare","ContactPointConsent","ContactPointConsentHistory","ContactPointConsentShare","ConsumptionScheduleShare","ConsumptionScheduleHistory","ConsumptionScheduleFeed","CommSubscriptionTimingFeed","CommSubscriptionTimingHistory","ConferenceNumber","Community","CollaborationGroupMemberRequest","CollaborationGroupRecord","CollaborationInvitation","CustomNotificationType","CustomHttpHeader","CustomHelpMenuSection","CustomHelpMenuItem","FieldDefinition","FeedRevision","FeedPollVote","FeedPollChoice","LoginHistory","LoginGeo","LoginEvent","LoginAsEvent","PartyConsentHistory","PartyConsentFeed","PartyConsent","PartnerRole","RecentlyViewed","QuickTextUsageShare","QuickTextUsage","QuickTextShare","ShiftShare","ShiftHistory","Shift","ShiftFeed","ProcessNode","ProcessInstanceWorkitem","ProcessInstanceStep","ProcessInstanceNode","TopicAssignment","Topic","TodayGoalShare","WorkTypeGroup","WorkTypeFeed","WorkType","WorkOrderLineItemHistory","WorkOrderLineItemStatus","WorkOrderLineItemFeed","WebCartShare","WebLink","WebCartHistory","UserSetupEntityAccess","UserShare","VerificationHistory","VisualforceAccessMetrics","UserProvMockTarget","UserProvisioningConfig","UserProvisioningLog","UserProvisioningRequest","UserFieldAccess","UserLicense","UserListView","UserListViewCriterion","UserAppMenuCustomization","UserAppMenuCustomizationShare","UserAppMenuItem","UserEmailPreferredPerson"],"excludedReplicationObjects":[],"majorUpdateTime":1646759634000,"metadataMode":0,"bulkApi":false,"base64BodySize":0.0,"bulkApiDBTarget":false,"fieldExclusions":[],"filters":[],"advancedFilters":[],"srcRuntimeAttrs":{"@type":"taskRuntimeAttrs","attrs":{"PK Chunking size":"100000","Enable PK Chunking":"0","PK Chunking startRow ID":""}}}]