[{"@type":"mappingTemplate","id":"@1","name":"Mapping5","description":"","bundleVersion":"0","templateId":"@3","deployTime":1636763062000,"hasParameters":false,"valid":true,"fixedConnection":true,"hasParametersDeployed":false,"fixedConnectionDeployed":true,"isSchemaValidationEnabled":false,"tasks":0,"mappingPreviewFileRecordId":"@2","documentType":"MAPPING","references":[{"@type":"reference","refObjectId":"@bYj4JVqa6AUi4ID4voTXsA","refType":"connection"},{"@type":"reference","refObjectId":"@6Mpt1ADe0vPlDqVDxIO0K0","refType":"connection"}]}]