[{"@type":"mappingTemplate","id":"@1","name":"m_FF_to_SQL","description":"","bundleVersion":"0","templateId":"@3","deployTime":1658868502000,"hasParameters":true,"valid":true,"fixedConnection":true,"hasParametersDeployed":true,"fixedConnectionDeployed":true,"isSchemaValidationEnabled":false,"tasks":1,"mappingPreviewFileRecordId":"@2","documentType":"MAPPING","references":[{"@type":"reference","refObjectId":"@gtv63Xrsg4ad5MRMlwM9Q7","refType":"connection"},{"@type":"reference","refObjectId":"@6PBF1WoLURrlROwHC3qB20","refType":"connection"}]}]