[{"@type":"mappingTemplate","id":"@1","name":"Mapping_sqloverride_mongodb","description":"","bundleVersion":"0","templateId":"@3","deployTime":1671131865000,"hasParameters":false,"valid":true,"fixedConnection":true,"hasParametersDeployed":false,"fixedConnectionDeployed":true,"isSchemaValidationEnabled":false,"tasks":1,"mappingPreviewFileRecordId":"@2","documentType":"MAPPING","references":[{"@type":"reference","refObjectId":"@4LyVxuKWVA9gW20p2HfG2E","refType":"connection"},{"@type":"reference","refObjectId":"@gkgM9aBqFk7gyJZFvzQpAn","refType":"connection"}]}]