[{"@type":"mappingTemplate","id":"@1","name":"Mapping6","description":"","bundleVersion":"0","templateId":"@3","deployTime":1637183078000,"hasParameters":false,"valid":true,"fixedConnection":true,"hasParametersDeployed":false,"fixedConnectionDeployed":true,"isSchemaValidationEnabled":false,"tasks":0,"mappingPreviewFileRecordId":"@2","documentType":"MAPPING","references":[{"@type":"reference","refObjectId":"@aB2rqELBYNKeC6cJhHDso3","refType":"mappletTemplate"},{"@type":"reference","refObjectId":"@ja7B19G1LgrerkXccycZk8","refType":"connection"},{"@type":"reference","refObjectId":"@llKL1SrOva6gFpIoXzvUCl","refType":"connection"}]}]