[{"@type":"mappingTemplate","id":"@1","name":"m_mapping2","description":"","bundleVersion":"0","templateId":"@3","hasParameters":false,"valid":false,"fixedConnection":true,"hasParametersDeployed":false,"fixedConnectionDeployed":false,"isSchemaValidationEnabled":false,"tasks":0,"mappingPreviewFileRecordId":"@2","documentType":"MAPPING","references":[{"@type":"reference","refObjectId":"@6PBF1WoLURrlROwHC3qB20","refType":"connection"},{"@type":"reference","refObjectId":"@c2PEXgmfyu5i7Fe0McnRcq@get","refType":"businessOperation"},{"@type":"reference","refObjectId":"@c2PEXgmfyu5i7Fe0McnRcq","refType":"businessService"}]}]