[{"@type":"mappingTemplate","id":"@1","name":"m_SFAnalytics","description":"","bundleVersion":"0","templateId":"@3","deployTime":1666736265000,"hasParameters":false,"valid":true,"fixedConnection":true,"hasParametersDeployed":false,"fixedConnectionDeployed":true,"isSchemaValidationEnabled":false,"tasks":1,"mappingPreviewFileRecordId":"@2","documentType":"MAPPING","references":[{"@type":"reference","refObjectId":"@4LyVxuKWVA9gW20p2HfG2E","refType":"connection"},{"@type":"reference","refObjectId":"@11ekH4kVmrfcBEl5Pql1cf","refType":"connection"}]}]