[{"@type":"drsTask","id":"@1","name":"EventRelation Replication Task1","maxLogs":10,"sourceConnectionId":"@2MWo1Q5VppFjl9D7UbMGy8","targetConnectionId":"@aS3jigXQm4PeXgIWxDRtEu","tablePrefix":"SF2_","verbose":true,"fullRefresh":false,"replicateAllObjects":false,"removeDeleted":true,"queryAll":true,"srcShowLabels":false,"maxRows":0,"stopOnError":false,"replicationObjects":["EventRelation"],"excludedReplicationObjects":[],"majorUpdateTime":1633969121000,"metadataMode":0,"bulkApi":true,"base64BodySize":0.0,"bulkApiDBTarget":true,"fieldExclusions":[],"filters":[],"advancedFilters":[],"srcRuntimeAttrs":{"@type":"taskRuntimeAttrs","attrs":{"PK Chunking size":"100000","Enable PK Chunking":"1","PK Chunking startRow ID":""}}}]