[{"@type":"mappingTemplate","id":"@1","name":"Mapping2","description":"","bundleVersion":"0","templateId":"@3","deployTime":1633991301000,"hasParameters":true,"valid":true,"fixedConnection":true,"hasParametersDeployed":true,"fixedConnectionDeployed":true,"isSchemaValidationEnabled":false,"tasks":0,"mappingPreviewFileRecordId":"@2","documentType":"MAPPING","references":[{"@type":"reference","refObjectId":"@2MWo1Q5VppFjl9D7UbMGy8","refType":"connection"},{"@type":"reference","refObjectId":"@aaJ7IMSBid6hxtpF2pGrev","refType":"connection"}]}]