[{"@type":"dssTask","id":"@1","name":"SDB_Ductuan_Employee","description":"","maxLogs":10,"sourceConnectionId":"@2peIyF6BO2xbrd2goQsHit","targetConnectionId":"@2MWo1Q5VppFjl9D7UbMGy8","targetObject":"Contact","targetObjectLabel":"Contact","operation":"Insert","maxRows":0,"truncateTarget":false,"bulkApiDBTarget":false,"verbose":false,"srcFlatFileAttrs":{"@type":"flatFileAttrs","id":796138,"delimiter":",","textQualifier":"\"","escapeChar":"","headerLineNo":1,"firstDataRow":2,"rowDelimiter":0,"consecutiveDelimiter":false,"multiDelimitersAsAnd":true},"targetMetadataUpdated":false,"modelVersion":"V3-R600","queryAll":false,"srcSettings":{"@type":"taskDataSourceSetting","isShowLabels":false,"isNaturalOrder":true},"tgtSettings":{"@type":"taskDataSourceSetting","isShowLabels":true,"isNaturalOrder":true},"cfSettings":{"@type":"taskDataSourceSetting","isShowLabels":false,"isNaturalOrder":false},"bulkApi":false,"bulkApiSerialMode":false,"bulkApiMonitor":false,"isTargetObjectSfCustom":false,"allowNullUpdates":false,"targetBatchSize":200,"assignmentRuleId":"-1","assignmentRuleType":"None","createSuccessFile":false,"bulkApiHardDelete":false,"parameterFileEncoding":"UTF-8","serverlessProperties":{},"sourceObjects":[{"@type":"mObject","name":"Employee.csv","label":"Employee.csv","metadataUpdated":false,"relations":[],"children":[]}],"advancedFilters":[{"@type":"advancedFilter","id":"1161","objectName":"Employee.csv","objectLabel":"Employee.csv","expression":"(Department != 'Sales')"}],"filters":[],"fieldMaps":[{"@type":"fieldMap","id":"18665279","targetField":{"@type":"field","id":108398680,"name":"Id","type":"id","uniqueName":"Id","label":"Contact ID","parentObject":"Contact","pcType":"STRING","precision":18,"scale":0,"columnIndex":0,"isKey":true,"isWaterMarkKey":false,"isExternalId":false,"isSfIdLookup":true,"isNullable":false,"isUnique":false,"isCreateable":false,"isUpdateable":false,"isFilterable":true,"isCalculated":false,"filterType":"STRING","showLabel":true,"naturalOrder":0,"typeConfigFields":[],"linkedFields":["Emp_ID"],"relatedInfos":[],"references":[]},"expression":"Emp_ID"},{"@type":"fieldMap","id":"18665280","targetField":{"@type":"field","id":108398681,"name":"IsDeleted","type":"boolean","uniqueName":"IsDeleted","label":"Deleted","parentObject":"Contact","pcType":"INT","precision":10,"scale":0,"columnIndex":1,"isKey":false,"isWaterMarkKey":false,"isExternalId":false,"isSfIdLookup":false,"isNullable":false,"isUnique":false,"isCreateable":false,"isUpdateable":false,"isFilterable":true,"isCalculated":false,"filterType":"BOOLEAN","showLabel":true,"naturalOrder":1,"typeConfigFields":[],"linkedFields":[],"relatedInfos":[],"references":[]}},{"@type":"fieldMap","id":"18665281","targetField":{"@type":"field","id":108398682,"name":"MasterRecordId","type":"reference","uniqueName":"MasterRecordId","label":"Master Record ID","parentObject":"Contact","pcType":"STRING","precision":18,"scale":0,"columnIndex":2,"isKey":false,"isWaterMarkKey":false,"isExternalId":false,"isSfIdLookup":false,"isNullable":true,"isUnique":false,"isCreateable":false,"isUpdateable":false,"isFilterable":true,"isCalculated":false,"filterType":"STRING","showLabel":true,"naturalOrder":2,"typeConfigFields":[],"linkedFields":[],"relatedInfos":[{"@type":"fieldRelatedInfo","id":38330,"referenceObject":"Contact","relationshipName":"MasterRecord","referenceField":{"@type":"field","id":-1,"precision":0,"scale":0,"columnIndex":-1,"isKey":false,"isWaterMarkKey":false,"isExternalId":false,"isSfIdLookup":false,"isNullable":true,"isUnique":false,"isCreateable":false,"isUpdateable":true,"isFilterable":true,"isCalculated":false,"showLabel":true,"naturalOrder":0,"typeConfigFields":[],"linkedFields":[],"relatedInfos":[],"references":[]}}],"references":[]}},{"@type":"fieldMap","id":"18665282","targetField":{"@type":"field","id":108398683,"name":"AccountId","type":"reference","uniqueName":"AccountId","label":"Account ID","parentObject":"Contact","pcType":"STRING","precision":18,"scale":0,"columnIndex":3,"isKey":false,"isWaterMarkKey":false,"isExternalId":false,"isSfIdLookup":false,"isNullable":true,"isUnique":false,"isCreateable":true,"isUpdateable":true,"isFilterable":true,"isCalculated":false,"filterType":"STRING","showLabel":true,"naturalOrder":3,"typeConfigFields":[],"linkedFields":["Outlet_Name"],"relatedInfos":[{"@type":"fieldRelatedInfo","id":38331,"referenceObject":"Account","relationshipName":"Account","referenceField":{"@type":"field","id":-1,"precision":0,"scale":0,"columnIndex":-1,"isKey":false,"isWaterMarkKey":false,"isExternalId":false,"isSfIdLookup":false,"isNullable":true,"isUnique":false,"isCreateable":false,"isUpdateable":true,"isFilterable":true,"isCalculated":false,"showLabel":true,"naturalOrder":0,"typeConfigFields":[],"linkedFields":[],"relatedInfos":[],"references":[]}}],"references":[]},"lookup":{"@type":"lookup","id":"870","connectionId":"@2MWo1Q5VppFjl9D7UbMGy8","object":"Account","objectLabel":"Account","outputField":{"@type":"field","id":108398684,"name":"Id","type":"id","uniqueName":"Id","label":"Account ID","parentObject":"Account","pcType":"STRING","precision":18,"scale":0,"columnIndex":0,"isKey":true,"isWaterMarkKey":false,"isExternalId":false,"isSfIdLookup":true,"isNullable":false,"isUnique":false,"isCreateable":false,"isUpdateable":false,"isFilterable":true,"isCalculated":false,"filterType":"STRING","showLabel":true,"naturalOrder":0,"typeConfigFields":[],"linkedFields":[],"relatedInfos":[],"references":[]},"multiplicityError":true,"settings":{"@type":"taskDataSourceSetting","isShowLabels":true,"isNaturalOrder":true},"objectRelations":[{"@type":"objectRelationExt","object1":"Employee.csv","object2":"Account","field1":{"@type":"field","id":108398685,"name":"Outlet_Name","type":"nstring","uniqueName":"Outlet_Name","label":"Outlet_Name","parentObject":"Employee.csv","pcType":"UNISTRING","precision":255,"scale":0,"columnIndex":3,"isKey":false,"isWaterMarkKey":false,"isExternalId":false,"isSfIdLookup":false,"isNullable":true,"isUnique":false,"isCreateable":false,"isUpdateable":true,"isFilterable":true,"isCalculated":false,"filterType":"STRING","showLabel":true,"naturalOrder":0,"typeConfigFields":[],"linkedFields":[],"relatedInfos":[],"references":[]},"field2":{"@type":"field","id":108398686,"name":"Name","type":"string","uniqueName":"Name","label":"Account Name","parentObject":"Account","pcType":"STRING","precision":255,"scale":0,"columnIndex":3,"isKey":false,"isWaterMarkKey":false,"isExternalId":false,"isSfIdLookup":false,"isNullable":false,"isUnique":false,"isCreateable":true,"isUpdateable":true,"isFilterable":true,"isCalculated":false,"filterType":"STRING","showLabel":true,"naturalOrder":3,"typeConfigFields":[],"linkedFields":[],"relatedInfos":[],"references":[]}}]}},{"@type":"fieldMap","id":"18665283","targetField":{"@type":"field","id":108398687,"name":"LastName","type":"string","uniqueName":"LastName","label":"Last Name","parentObject":"Contact","pcType":"STRING","precision":80,"scale":0,"columnIndex":4,"isKey":false,"isWaterMarkKey":false,"isExternalId":false,"isSfIdLookup":false,"isNullable":false,"isUnique":false,"isCreateable":true,"isUpdateable":true,"isFilterable":true,"isCalculated":false,"filterType":"STRING","showLabel":true,"naturalOrder":4,"typeConfigFields":[],"linkedFields":["Full_Name"],"relatedInfos":[],"references":[]},"expression":"IIF(INSTR(Full_Name,' ') > 0,substr(Full_Name,INSTR(Full_Name,' ')+1),'')"},{"@type":"fieldMap","id":"18665284","targetField":{"@type":"field","id":108398688,"name":"FirstName","type":"string","uniqueName":"FirstName","label":"First Name","parentObject":"Contact","pcType":"STRING","precision":40,"scale":0,"columnIndex":5,"isKey":false,"isWaterMarkKey":false,"isExternalId":false,"isSfIdLookup":false,"isNullable":true,"isUnique":false,"isCreateable":true,"isUpdateable":true,"isFilterable":true,"isCalculated":false,"filterType":"STRING","showLabel":true,"naturalOrder":5,"typeConfigFields":[],"linkedFields":["Full_Name"],"relatedInfos":[],"references":[]},"expression":"IIF(INSTR(Full_Name,' ') > 0, SUBSTR(Full_Name,0,INSTR(Full_Name,' ')),Full_Name)"},{"@type":"fieldMap","id":"18665285","targetField":{"@type":"field","id":108398689,"name":"Salutation","type":"picklist","uniqueName":"Salutation","label":"Salutation","parentObject":"Contact","pcType":"STRING","precision":40,"scale":0,"columnIndex":6,"isKey":false,"isWaterMarkKey":false,"isExternalId":false,"isSfIdLookup":false,"isNullable":true,"isUnique":false,"isCreateable":true,"isUpdateable":true,"isFilterable":true,"isCalculated":false,"filterType":"STRING","showLabel":true,"naturalOrder":6,"typeConfigFields":[],"linkedFields":[],"relatedInfos":[],"references":[]}},{"@type":"fieldMap","id":"18665286","targetField":{"@type":"field","id":108398690,"name":"Name","type":"string","uniqueName":"Name","label":"Full Name","parentObject":"Contact","pcType":"STRING","precision":121,"scale":0,"columnIndex":7,"isKey":false,"isWaterMarkKey":false,"isExternalId":false,"isSfIdLookup":false,"isNullable":false,"isUnique":false,"isCreateable":false,"isUpdateable":false,"isFilterable":true,"isCalculated":false,"filterType":"STRING","showLabel":true,"naturalOrder":7,"typeConfigFields":[],"linkedFields":[],"relatedInfos":[],"references":[]}},{"@type":"fieldMap","id":"18665287","targetField":{"@type":"field","id":108398691,"name":"OtherStreet","type":"textarea","uniqueName":"OtherStreet","label":"Other Street","parentObject":"Contact","pcType":"STRING","precision":255,"scale":0,"columnIndex":8,"isKey":false,"isWaterMarkKey":false,"isExternalId":false,"isSfIdLookup":false,"isNullable":true,"isUnique":false,"isCreateable":true,"isUpdateable":true,"isFilterable":true,"isCalculated":false,"filterType":"STRING","showLabel":true,"naturalOrder":8,"typeConfigFields":[],"linkedFields":[],"relatedInfos":[],"references":[]}},{"@type":"fieldMap","id":"18665288","targetField":{"@type":"field","id":108398692,"name":"OtherCity","type":"string","uniqueName":"OtherCity","label":"Other City","parentObject":"Contact","pcType":"STRING","precision":40,"scale":0,"columnIndex":9,"isKey":false,"isWaterMarkKey":false,"isExternalId":false,"isSfIdLookup":false,"isNullable":true,"isUnique":false,"isCreateable":true,"isUpdateable":true,"isFilterable":true,"isCalculated":false,"filterType":"STRING","showLabel":true,"naturalOrder":9,"typeConfigFields":[],"linkedFields":[],"relatedInfos":[],"references":[]}},{"@type":"fieldMap","id":"18665289","targetField":{"@type":"field","id":108398693,"name":"OtherState","type":"string","uniqueName":"OtherState","label":"Other State/Province","parentObject":"Contact","pcType":"STRING","precision":80,"scale":0,"columnIndex":10,"isKey":false,"isWaterMarkKey":false,"isExternalId":false,"isSfIdLookup":false,"isNullable":true,"isUnique":false,"isCreateable":true,"isUpdateable":true,"isFilterable":true,"isCalculated":false,"filterType":"STRING","showLabel":true,"naturalOrder":10,"typeConfigFields":[],"linkedFields":[],"relatedInfos":[],"references":[]}},{"@type":"fieldMap","id":"18665290","targetField":{"@type":"field","id":108398694,"name":"OtherPostalCode","type":"string","uniqueName":"OtherPostalCode","label":"Other Zip/Postal Code","parentObject":"Contact","pcType":"STRING","precision":20,"scale":0,"columnIndex":11,"isKey":false,"isWaterMarkKey":false,"isExternalId":false,"isSfIdLookup":false,"isNullable":true,"isUnique":false,"isCreateable":true,"isUpdateable":true,"isFilterable":true,"isCalculated":false,"filterType":"STRING","showLabel":true,"naturalOrder":11,"typeConfigFields":[],"linkedFields":[],"relatedInfos":[],"references":[]}},{"@type":"fieldMap","id":"18665291","targetField":{"@type":"field","id":108398695,"name":"OtherCountry","type":"string","uniqueName":"OtherCountry","label":"Other Country","parentObject":"Contact","pcType":"STRING","precision":80,"scale":0,"columnIndex":12,"isKey":false,"isWaterMarkKey":false,"isExternalId":false,"isSfIdLookup":false,"isNullable":true,"isUnique":false,"isCreateable":true,"isUpdateable":true,"isFilterable":true,"isCalculated":false,"filterType":"STRING","showLabel":true,"naturalOrder":12,"typeConfigFields":[],"linkedFields":[],"relatedInfos":[],"references":[]}},{"@type":"fieldMap","id":"18665292","targetField":{"@type":"field","id":108398696,"name":"OtherLatitude","type":"double","uniqueName":"OtherLatitude","label":"Other Latitude","parentObject":"Contact","pcType":"HIPRECDECIMAL","precision":18,"scale":15,"columnIndex":13,"isKey":false,"isWaterMarkKey":false,"isExternalId":false,"isSfIdLookup":false,"isNullable":true,"isUnique":false,"isCreateable":true,"isUpdateable":true,"isFilterable":true,"isCalculated":false,"filterType":"DOUBLE","showLabel":true,"naturalOrder":13,"typeConfigFields":[],"linkedFields":[],"relatedInfos":[],"references":[]}},{"@type":"fieldMap","id":"18665293","targetField":{"@type":"field","id":108398697,"name":"OtherLongitude","type":"double","uniqueName":"OtherLongitude","label":"Other Longitude","parentObject":"Contact","pcType":"HIPRECDECIMAL","precision":18,"scale":15,"columnIndex":14,"isKey":false,"isWaterMarkKey":false,"isExternalId":false,"isSfIdLookup":false,"isNullable":true,"isUnique":false,"isCreateable":true,"isUpdateable":true,"isFilterable":true,"isCalculated":false,"filterType":"DOUBLE","showLabel":true,"naturalOrder":14,"typeConfigFields":[],"linkedFields":[],"relatedInfos":[],"references":[]}},{"@type":"fieldMap","id":"18665294","targetField":{"@type":"field","id":108398698,"name":"OtherGeocodeAccuracy","type":"picklist","uniqueName":"OtherGeocodeAccuracy","label":"Other Geocode Accuracy","parentObject":"Contact","pcType":"STRING","precision":40,"scale":0,"columnIndex":15,"isKey":false,"isWaterMarkKey":false,"isExternalId":false,"isSfIdLookup":false,"isNullable":true,"isUnique":false,"isCreateable":true,"isUpdateable":true,"isFilterable":true,"isCalculated":false,"filterType":"STRING","showLabel":true,"naturalOrder":15,"typeConfigFields":[],"linkedFields":[],"relatedInfos":[],"references":[]}},{"@type":"fieldMap","id":"18665295","targetField":{"@type":"field","id":108398699,"name":"MailingStreet","type":"textarea","uniqueName":"MailingStreet","label":"Mailing Street","parentObject":"Contact","pcType":"STRING","precision":255,"scale":0,"columnIndex":16,"isKey":false,"isWaterMarkKey":false,"isExternalId":false,"isSfIdLookup":false,"isNullable":true,"isUnique":false,"isCreateable":true,"isUpdateable":true,"isFilterable":true,"isCalculated":false,"filterType":"STRING","showLabel":true,"naturalOrder":16,"typeConfigFields":[],"linkedFields":[],"relatedInfos":[],"references":[]}},{"@type":"fieldMap","id":"18665296","targetField":{"@type":"field","id":108398700,"name":"MailingCity","type":"string","uniqueName":"MailingCity","label":"Mailing City","parentObject":"Contact","pcType":"STRING","precision":40,"scale":0,"columnIndex":17,"isKey":false,"isWaterMarkKey":false,"isExternalId":false,"isSfIdLookup":false,"isNullable":true,"isUnique":false,"isCreateable":true,"isUpdateable":true,"isFilterable":true,"isCalculated":false,"filterType":"STRING","showLabel":true,"naturalOrder":17,"typeConfigFields":[],"linkedFields":[],"relatedInfos":[],"references":[]}},{"@type":"fieldMap","id":"18665297","targetField":{"@type":"field","id":108398701,"name":"MailingState","type":"string","uniqueName":"MailingState","label":"Mailing State/Province","parentObject":"Contact","pcType":"STRING","precision":80,"scale":0,"columnIndex":18,"isKey":false,"isWaterMarkKey":false,"isExternalId":false,"isSfIdLookup":false,"isNullable":true,"isUnique":false,"isCreateable":true,"isUpdateable":true,"isFilterable":true,"isCalculated":false,"filterType":"STRING","showLabel":true,"naturalOrder":18,"typeConfigFields":[],"linkedFields":[],"relatedInfos":[],"references":[]}},{"@type":"fieldMap","id":"18665298","targetField":{"@type":"field","id":108398702,"name":"MailingPostalCode","type":"string","uniqueName":"MailingPostalCode","label":"Mailing Zip/Postal Code","parentObject":"Contact","pcType":"STRING","precision":20,"scale":0,"columnIndex":19,"isKey":false,"isWaterMarkKey":false,"isExternalId":false,"isSfIdLookup":false,"isNullable":true,"isUnique":false,"isCreateable":true,"isUpdateable":true,"isFilterable":true,"isCalculated":false,"filterType":"STRING","showLabel":true,"naturalOrder":19,"typeConfigFields":[],"linkedFields":[],"relatedInfos":[],"references":[]}},{"@type":"fieldMap","id":"18665299","targetField":{"@type":"field","id":108398703,"name":"MailingCountry","type":"string","uniqueName":"MailingCountry","label":"Mailing Country","parentObject":"Contact","pcType":"STRING","precision":80,"scale":0,"columnIndex":20,"isKey":false,"isWaterMarkKey":false,"isExternalId":false,"isSfIdLookup":false,"isNullable":true,"isUnique":false,"isCreateable":true,"isUpdateable":true,"isFilterable":true,"isCalculated":false,"filterType":"STRING","showLabel":true,"naturalOrder":20,"typeConfigFields":[],"linkedFields":[],"relatedInfos":[],"references":[]}},{"@type":"fieldMap","id":"18665300","targetField":{"@type":"field","id":108398704,"name":"MailingLatitude","type":"double","uniqueName":"MailingLatitude","label":"Mailing Latitude","parentObject":"Contact","pcType":"HIPRECDECIMAL","precision":18,"scale":15,"columnIndex":21,"isKey":false,"isWaterMarkKey":false,"isExternalId":false,"isSfIdLookup":false,"isNullable":true,"isUnique":false,"isCreateable":true,"isUpdateable":true,"isFilterable":true,"isCalculated":false,"filterType":"DOUBLE","showLabel":true,"naturalOrder":21,"typeConfigFields":[],"linkedFields":[],"relatedInfos":[],"references":[]}},{"@type":"fieldMap","id":"18665301","targetField":{"@type":"field","id":108398705,"name":"MailingLongitude","type":"double","uniqueName":"MailingLongitude","label":"Mailing Longitude","parentObject":"Contact","pcType":"HIPRECDECIMAL","precision":18,"scale":15,"columnIndex":22,"isKey":false,"isWaterMarkKey":false,"isExternalId":false,"isSfIdLookup":false,"isNullable":true,"isUnique":false,"isCreateable":true,"isUpdateable":true,"isFilterable":true,"isCalculated":false,"filterType":"DOUBLE","showLabel":true,"naturalOrder":22,"typeConfigFields":[],"linkedFields":[],"relatedInfos":[],"references":[]}},{"@type":"fieldMap","id":"18665302","targetField":{"@type":"field","id":108398706,"name":"MailingGeocodeAccuracy","type":"picklist","uniqueName":"MailingGeocodeAccuracy","label":"Mailing Geocode Accuracy","parentObject":"Contact","pcType":"STRING","precision":40,"scale":0,"columnIndex":23,"isKey":false,"isWaterMarkKey":false,"isExternalId":false,"isSfIdLookup":false,"isNullable":true,"isUnique":false,"isCreateable":true,"isUpdateable":true,"isFilterable":true,"isCalculated":false,"filterType":"STRING","showLabel":true,"naturalOrder":23,"typeConfigFields":[],"linkedFields":[],"relatedInfos":[],"references":[]}},{"@type":"fieldMap","id":"18665303","targetField":{"@type":"field","id":108398707,"name":"Phone","type":"phone","uniqueName":"Phone","label":"Business Phone","parentObject":"Contact","pcType":"STRING","precision":40,"scale":0,"columnIndex":24,"isKey":false,"isWaterMarkKey":false,"isExternalId":false,"isSfIdLookup":false,"isNullable":true,"isUnique":false,"isCreateable":true,"isUpdateable":true,"isFilterable":true,"isCalculated":false,"filterType":"STRING","showLabel":true,"naturalOrder":24,"typeConfigFields":[],"linkedFields":["Phone"],"relatedInfos":[],"references":[]},"expression":"Phone"},{"@type":"fieldMap","id":"18665304","targetField":{"@type":"field","id":108398708,"name":"Fax","type":"phone","uniqueName":"Fax","label":"Business Fax","parentObject":"Contact","pcType":"STRING","precision":40,"scale":0,"columnIndex":25,"isKey":false,"isWaterMarkKey":false,"isExternalId":false,"isSfIdLookup":false,"isNullable":true,"isUnique":false,"isCreateable":true,"isUpdateable":true,"isFilterable":true,"isCalculated":false,"filterType":"STRING","showLabel":true,"naturalOrder":25,"typeConfigFields":[],"linkedFields":[],"relatedInfos":[],"references":[]}},{"@type":"fieldMap","id":"18665305","targetField":{"@type":"field","id":108398709,"name":"MobilePhone","type":"phone","uniqueName":"MobilePhone","label":"Mobile Phone","parentObject":"Contact","pcType":"STRING","precision":40,"scale":0,"columnIndex":26,"isKey":false,"isWaterMarkKey":false,"isExternalId":false,"isSfIdLookup":false,"isNullable":true,"isUnique":false,"isCreateable":true,"isUpdateable":true,"isFilterable":true,"isCalculated":false,"filterType":"STRING","showLabel":true,"naturalOrder":26,"typeConfigFields":[],"linkedFields":[],"relatedInfos":[],"references":[]}},{"@type":"fieldMap","id":"18665306","targetField":{"@type":"field","id":108398710,"name":"HomePhone","type":"phone","uniqueName":"HomePhone","label":"Home Phone","parentObject":"Contact","pcType":"STRING","precision":40,"scale":0,"columnIndex":27,"isKey":false,"isWaterMarkKey":false,"isExternalId":false,"isSfIdLookup":false,"isNullable":true,"isUnique":false,"isCreateable":true,"isUpdateable":true,"isFilterable":true,"isCalculated":false,"filterType":"STRING","showLabel":true,"naturalOrder":27,"typeConfigFields":[],"linkedFields":[],"relatedInfos":[],"references":[]}},{"@type":"fieldMap","id":"18665307","targetField":{"@type":"field","id":108398711,"name":"OtherPhone","type":"phone","uniqueName":"OtherPhone","label":"Other Phone","parentObject":"Contact","pcType":"STRING","precision":40,"scale":0,"columnIndex":28,"isKey":false,"isWaterMarkKey":false,"isExternalId":false,"isSfIdLookup":false,"isNullable":true,"isUnique":false,"isCreateable":true,"isUpdateable":true,"isFilterable":true,"isCalculated":false,"filterType":"STRING","showLabel":true,"naturalOrder":28,"typeConfigFields":[],"linkedFields":[],"relatedInfos":[],"references":[]}},{"@type":"fieldMap","id":"18665308","targetField":{"@type":"field","id":108398712,"name":"AssistantPhone","type":"phone","uniqueName":"AssistantPhone","label":"Asst. Phone","parentObject":"Contact","pcType":"STRING","precision":40,"scale":0,"columnIndex":29,"isKey":false,"isWaterMarkKey":false,"isExternalId":false,"isSfIdLookup":false,"isNullable":true,"isUnique":false,"isCreateable":true,"isUpdateable":true,"isFilterable":true,"isCalculated":false,"filterType":"STRING","showLabel":true,"naturalOrder":29,"typeConfigFields":[],"linkedFields":[],"relatedInfos":[],"references":[]}},{"@type":"fieldMap","id":"18665309","targetField":{"@type":"field","id":108398713,"name":"ReportsToId","type":"reference","uniqueName":"ReportsToId","label":"Reports To ID","parentObject":"Contact","pcType":"STRING","precision":18,"scale":0,"columnIndex":30,"isKey":false,"isWaterMarkKey":false,"isExternalId":false,"isSfIdLookup":false,"isNullable":true,"isUnique":false,"isCreateable":true,"isUpdateable":true,"isFilterable":true,"isCalculated":false,"filterType":"STRING","showLabel":true,"naturalOrder":30,"typeConfigFields":[],"linkedFields":[],"relatedInfos":[{"@type":"fieldRelatedInfo","id":38332,"referenceObject":"Contact","relationshipName":"ReportsTo","referenceField":{"@type":"field","id":-1,"precision":0,"scale":0,"columnIndex":-1,"isKey":false,"isWaterMarkKey":false,"isExternalId":false,"isSfIdLookup":false,"isNullable":true,"isUnique":false,"isCreateable":false,"isUpdateable":true,"isFilterable":true,"isCalculated":false,"showLabel":true,"naturalOrder":0,"typeConfigFields":[],"linkedFields":[],"relatedInfos":[],"references":[]}}],"references":[]}},{"@type":"fieldMap","id":"18665310","targetField":{"@type":"field","id":108398714,"name":"Email","type":"email","uniqueName":"Email","label":"Email","parentObject":"Contact","pcType":"STRING","precision":80,"scale":0,"columnIndex":31,"isKey":false,"isWaterMarkKey":false,"isExternalId":false,"isSfIdLookup":true,"isNullable":true,"isUnique":false,"isCreateable":true,"isUpdateable":true,"isFilterable":true,"isCalculated":false,"filterType":"STRING","showLabel":true,"naturalOrder":31,"typeConfigFields":[],"linkedFields":["Email"],"relatedInfos":[],"references":[]},"expression":"Email"},{"@type":"fieldMap","id":"18665311","targetField":{"@type":"field","id":108398715,"name":"Title","type":"string","uniqueName":"Title","label":"Title","parentObject":"Contact","pcType":"STRING","precision":128,"scale":0,"columnIndex":32,"isKey":false,"isWaterMarkKey":false,"isExternalId":false,"isSfIdLookup":false,"isNullable":true,"isUnique":false,"isCreateable":true,"isUpdateable":true,"isFilterable":true,"isCalculated":false,"filterType":"STRING","showLabel":true,"naturalOrder":32,"typeConfigFields":[],"linkedFields":[],"relatedInfos":[],"references":[]}},{"@type":"fieldMap","id":"18665312","targetField":{"@type":"field","id":108398716,"name":"Department","type":"string","uniqueName":"Department","label":"Department","parentObject":"Contact","pcType":"STRING","precision":80,"scale":0,"columnIndex":33,"isKey":false,"isWaterMarkKey":false,"isExternalId":false,"isSfIdLookup":false,"isNullable":true,"isUnique":false,"isCreateable":true,"isUpdateable":true,"isFilterable":true,"isCalculated":false,"filterType":"STRING","showLabel":true,"naturalOrder":33,"typeConfigFields":[],"linkedFields":["Department"],"relatedInfos":[],"references":[]},"expression":"Department"},{"@type":"fieldMap","id":"18665313","targetField":{"@type":"field","id":108398717,"name":"AssistantName","type":"string","uniqueName":"AssistantName","label":"Assistant's Name","parentObject":"Contact","pcType":"STRING","precision":40,"scale":0,"columnIndex":34,"isKey":false,"isWaterMarkKey":false,"isExternalId":false,"isSfIdLookup":false,"isNullable":true,"isUnique":false,"isCreateable":true,"isUpdateable":true,"isFilterable":true,"isCalculated":false,"filterType":"STRING","showLabel":true,"naturalOrder":34,"typeConfigFields":[],"linkedFields":[],"relatedInfos":[],"references":[]}},{"@type":"fieldMap","id":"18665314","targetField":{"@type":"field","id":108398718,"name":"LeadSource","type":"picklist","uniqueName":"LeadSource","label":"Lead Source","parentObject":"Contact","pcType":"STRING","precision":255,"scale":0,"columnIndex":35,"isKey":false,"isWaterMarkKey":false,"isExternalId":false,"isSfIdLookup":false,"isNullable":true,"isUnique":false,"isCreateable":true,"isUpdateable":true,"isFilterable":true,"isCalculated":false,"filterType":"STRING","showLabel":true,"naturalOrder":35,"typeConfigFields":[],"linkedFields":[],"relatedInfos":[],"references":[]}},{"@type":"fieldMap","id":"18665315","targetField":{"@type":"field","id":108398719,"name":"Birthdate","type":"date","uniqueName":"Birthdate","label":"Birthdate","parentObject":"Contact","pcType":"DATE","precision":10,"scale":0,"columnIndex":36,"isKey":false,"isWaterMarkKey":false,"isExternalId":false,"isSfIdLookup":false,"isNullable":true,"isUnique":false,"isCreateable":true,"isUpdateable":true,"isFilterable":true,"isCalculated":false,"filterType":"DATE","showLabel":true,"naturalOrder":36,"typeConfigFields":[],"linkedFields":[],"relatedInfos":[],"references":[]}},{"@type":"fieldMap","id":"18665316","targetField":{"@type":"field","id":108398720,"name":"Description","type":"textarea","uniqueName":"Description","label":"Contact Description","parentObject":"Contact","pcType":"STRING","precision":32000,"scale":0,"columnIndex":37,"isKey":false,"isWaterMarkKey":false,"isExternalId":false,"isSfIdLookup":false,"isNullable":true,"isUnique":false,"isCreateable":true,"isUpdateable":true,"isFilterable":false,"isCalculated":false,"filterType":"STRING","showLabel":true,"naturalOrder":37,"typeConfigFields":[],"linkedFields":[],"relatedInfos":[],"references":[]}},{"@type":"fieldMap","id":"18665317","targetField":{"@type":"field","id":108398721,"name":"OwnerId","type":"reference","uniqueName":"OwnerId","label":"Owner ID","parentObject":"Contact","pcType":"STRING","precision":18,"scale":0,"columnIndex":38,"isKey":false,"isWaterMarkKey":false,"isExternalId":false,"isSfIdLookup":false,"isNullable":false,"isUnique":false,"isCreateable":true,"isUpdateable":true,"isFilterable":true,"isCalculated":false,"filterType":"STRING","showLabel":true,"naturalOrder":38,"typeConfigFields":[],"linkedFields":[],"relatedInfos":[{"@type":"fieldRelatedInfo","id":38333,"referenceObject":"User","relationshipName":"Owner","referenceField":{"@type":"field","id":-1,"precision":0,"scale":0,"columnIndex":-1,"isKey":false,"isWaterMarkKey":false,"isExternalId":false,"isSfIdLookup":false,"isNullable":true,"isUnique":false,"isCreateable":false,"isUpdateable":true,"isFilterable":true,"isCalculated":false,"showLabel":true,"naturalOrder":0,"typeConfigFields":[],"linkedFields":[],"relatedInfos":[],"references":[]}}],"references":[]}},{"@type":"fieldMap","id":"18665318","targetField":{"@type":"field","id":108398722,"name":"CreatedDate","type":"datetime","uniqueName":"CreatedDate","label":"Created Date","parentObject":"Contact","pcType":"DATE","precision":24,"scale":0,"columnIndex":39,"isKey":false,"isWaterMarkKey":false,"isExternalId":false,"isSfIdLookup":false,"isNullable":false,"isUnique":false,"isCreateable":false,"isUpdateable":false,"isFilterable":true,"isCalculated":false,"filterType":"DATETIME","showLabel":true,"naturalOrder":39,"typeConfigFields":[],"linkedFields":[],"relatedInfos":[],"references":[]}},{"@type":"fieldMap","id":"18665319","targetField":{"@type":"field","id":108398723,"name":"CreatedById","type":"reference","uniqueName":"CreatedById","label":"Created By ID","parentObject":"Contact","pcType":"STRING","precision":18,"scale":0,"columnIndex":40,"isKey":false,"isWaterMarkKey":false,"isExternalId":false,"isSfIdLookup":false,"isNullable":false,"isUnique":false,"isCreateable":false,"isUpdateable":false,"isFilterable":true,"isCalculated":false,"filterType":"STRING","showLabel":true,"naturalOrder":40,"typeConfigFields":[],"linkedFields":[],"relatedInfos":[{"@type":"fieldRelatedInfo","id":38334,"referenceObject":"User","relationshipName":"CreatedBy","referenceField":{"@type":"field","id":-1,"precision":0,"scale":0,"columnIndex":-1,"isKey":false,"isWaterMarkKey":false,"isExternalId":false,"isSfIdLookup":false,"isNullable":true,"isUnique":false,"isCreateable":false,"isUpdateable":true,"isFilterable":true,"isCalculated":false,"showLabel":true,"naturalOrder":0,"typeConfigFields":[],"linkedFields":[],"relatedInfos":[],"references":[]}}],"references":[]}},{"@type":"fieldMap","id":"18665320","targetField":{"@type":"field","id":108398724,"name":"LastModifiedDate","type":"datetime","uniqueName":"LastModifiedDate","label":"Last Modified Date","parentObject":"Contact","pcType":"DATE","precision":24,"scale":0,"columnIndex":41,"isKey":false,"isWaterMarkKey":false,"isExternalId":false,"isSfIdLookup":false,"isNullable":false,"isUnique":false,"isCreateable":false,"isUpdateable":false,"isFilterable":true,"isCalculated":false,"filterType":"DATETIME","showLabel":true,"naturalOrder":41,"typeConfigFields":[],"linkedFields":[],"relatedInfos":[],"references":[]}},{"@type":"fieldMap","id":"18665321","targetField":{"@type":"field","id":108398725,"name":"LastModifiedById","type":"reference","uniqueName":"LastModifiedById","label":"Last Modified By ID","parentObject":"Contact","pcType":"STRING","precision":18,"scale":0,"columnIndex":42,"isKey":false,"isWaterMarkKey":false,"isExternalId":false,"isSfIdLookup":false,"isNullable":false,"isUnique":false,"isCreateable":false,"isUpdateable":false,"isFilterable":true,"isCalculated":false,"filterType":"STRING","showLabel":true,"naturalOrder":42,"typeConfigFields":[],"linkedFields":[],"relatedInfos":[{"@type":"fieldRelatedInfo","id":38335,"referenceObject":"User","relationshipName":"LastModifiedBy","referenceField":{"@type":"field","id":-1,"precision":0,"scale":0,"columnIndex":-1,"isKey":false,"isWaterMarkKey":false,"isExternalId":false,"isSfIdLookup":false,"isNullable":true,"isUnique":false,"isCreateable":false,"isUpdateable":true,"isFilterable":true,"isCalculated":false,"showLabel":true,"naturalOrder":0,"typeConfigFields":[],"linkedFields":[],"relatedInfos":[],"references":[]}}],"references":[]}},{"@type":"fieldMap","id":"18665322","targetField":{"@type":"field","id":108398726,"name":"SystemModstamp","type":"datetime","uniqueName":"SystemModstamp","label":"System Modstamp","parentObject":"Contact","pcType":"DATE","precision":24,"scale":0,"columnIndex":43,"isKey":false,"isWaterMarkKey":false,"isExternalId":false,"isSfIdLookup":false,"isNullable":false,"isUnique":false,"isCreateable":false,"isUpdateable":false,"isFilterable":true,"isCalculated":false,"filterType":"DATETIME","showLabel":true,"naturalOrder":43,"typeConfigFields":[],"linkedFields":[],"relatedInfos":[],"references":[]}},{"@type":"fieldMap","id":"18665323","targetField":{"@type":"field","id":108398727,"name":"LastActivityDate","type":"date","uniqueName":"LastActivityDate","label":"Last Activity","parentObject":"Contact","pcType":"DATE","precision":10,"scale":0,"columnIndex":44,"isKey":false,"isWaterMarkKey":false,"isExternalId":false,"isSfIdLookup":false,"isNullable":true,"isUnique":false,"isCreateable":false,"isUpdateable":false,"isFilterable":true,"isCalculated":false,"filterType":"DATE","showLabel":true,"naturalOrder":44,"typeConfigFields":[],"linkedFields":[],"relatedInfos":[],"references":[]}},{"@type":"fieldMap","id":"18665324","targetField":{"@type":"field","id":108398728,"name":"LastCURequestDate","type":"datetime","uniqueName":"LastCURequestDate","label":"Last Stay-in-Touch Request Date","parentObject":"Contact","pcType":"DATE","precision":24,"scale":0,"columnIndex":45,"isKey":false,"isWaterMarkKey":false,"isExternalId":false,"isSfIdLookup":false,"isNullable":true,"isUnique":false,"isCreateable":false,"isUpdateable":false,"isFilterable":true,"isCalculated":false,"filterType":"DATETIME","showLabel":true,"naturalOrder":45,"typeConfigFields":[],"linkedFields":[],"relatedInfos":[],"references":[]}},{"@type":"fieldMap","id":"18665325","targetField":{"@type":"field","id":108398729,"name":"LastCUUpdateDate","type":"datetime","uniqueName":"LastCUUpdateDate","label":"Last Stay-in-Touch Save Date","parentObject":"Contact","pcType":"DATE","precision":24,"scale":0,"columnIndex":46,"isKey":false,"isWaterMarkKey":false,"isExternalId":false,"isSfIdLookup":false,"isNullable":true,"isUnique":false,"isCreateable":false,"isUpdateable":false,"isFilterable":true,"isCalculated":false,"filterType":"DATETIME","showLabel":true,"naturalOrder":46,"typeConfigFields":[],"linkedFields":[],"relatedInfos":[],"references":[]}},{"@type":"fieldMap","id":"18665326","targetField":{"@type":"field","id":108398730,"name":"LastViewedDate","type":"datetime","uniqueName":"LastViewedDate","label":"Last Viewed Date","parentObject":"Contact","pcType":"DATE","precision":24,"scale":0,"columnIndex":47,"isKey":false,"isWaterMarkKey":false,"isExternalId":false,"isSfIdLookup":false,"isNullable":true,"isUnique":false,"isCreateable":false,"isUpdateable":false,"isFilterable":true,"isCalculated":false,"filterType":"DATETIME","showLabel":true,"naturalOrder":47,"typeConfigFields":[],"linkedFields":[],"relatedInfos":[],"references":[]}},{"@type":"fieldMap","id":"18665327","targetField":{"@type":"field","id":108398731,"name":"LastReferencedDate","type":"datetime","uniqueName":"LastReferencedDate","label":"Last Referenced Date","parentObject":"Contact","pcType":"DATE","precision":24,"scale":0,"columnIndex":48,"isKey":false,"isWaterMarkKey":false,"isExternalId":false,"isSfIdLookup":false,"isNullable":true,"isUnique":false,"isCreateable":false,"isUpdateable":false,"isFilterable":true,"isCalculated":false,"filterType":"DATETIME","showLabel":true,"naturalOrder":48,"typeConfigFields":[],"linkedFields":[],"relatedInfos":[],"references":[]}},{"@type":"fieldMap","id":"18665328","targetField":{"@type":"field","id":108398732,"name":"EmailBouncedReason","type":"string","uniqueName":"EmailBouncedReason","label":"Email Bounced Reason","parentObject":"Contact","pcType":"STRING","precision":255,"scale":0,"columnIndex":49,"isKey":false,"isWaterMarkKey":false,"isExternalId":false,"isSfIdLookup":false,"isNullable":true,"isUnique":false,"isCreateable":true,"isUpdateable":true,"isFilterable":true,"isCalculated":false,"filterType":"STRING","showLabel":true,"naturalOrder":49,"typeConfigFields":[],"linkedFields":[],"relatedInfos":[],"references":[]}},{"@type":"fieldMap","id":"18665329","targetField":{"@type":"field","id":108398733,"name":"EmailBouncedDate","type":"datetime","uniqueName":"EmailBouncedDate","label":"Email Bounced Date","parentObject":"Contact","pcType":"DATE","precision":24,"scale":0,"columnIndex":50,"isKey":false,"isWaterMarkKey":false,"isExternalId":false,"isSfIdLookup":false,"isNullable":true,"isUnique":false,"isCreateable":true,"isUpdateable":true,"isFilterable":true,"isCalculated":false,"filterType":"DATETIME","showLabel":true,"naturalOrder":50,"typeConfigFields":[],"linkedFields":[],"relatedInfos":[],"references":[]}},{"@type":"fieldMap","id":"18665330","targetField":{"@type":"field","id":108398734,"name":"IsEmailBounced","type":"boolean","uniqueName":"IsEmailBounced","label":"Is Email Bounced","parentObject":"Contact","pcType":"INT","precision":10,"scale":0,"columnIndex":51,"isKey":false,"isWaterMarkKey":false,"isExternalId":false,"isSfIdLookup":false,"isNullable":false,"isUnique":false,"isCreateable":false,"isUpdateable":false,"isFilterable":true,"isCalculated":false,"filterType":"BOOLEAN","showLabel":true,"naturalOrder":51,"typeConfigFields":[],"linkedFields":[],"relatedInfos":[],"references":[]}},{"@type":"fieldMap","id":"18665331","targetField":{"@type":"field","id":108398735,"name":"PhotoUrl","type":"url","uniqueName":"PhotoUrl","label":"Photo URL","parentObject":"Contact","pcType":"STRING","precision":255,"scale":0,"columnIndex":52,"isKey":false,"isWaterMarkKey":false,"isExternalId":false,"isSfIdLookup":false,"isNullable":true,"isUnique":false,"isCreateable":false,"isUpdateable":false,"isFilterable":true,"isCalculated":false,"filterType":"STRING","showLabel":true,"naturalOrder":52,"typeConfigFields":[],"linkedFields":[],"relatedInfos":[],"references":[]}},{"@type":"fieldMap","id":"18665332","targetField":{"@type":"field","id":108398736,"name":"Jigsaw","type":"string","uniqueName":"Jigsaw","label":"Data.com Key","parentObject":"Contact","pcType":"STRING","precision":20,"scale":0,"columnIndex":53,"isKey":false,"isWaterMarkKey":false,"isExternalId":false,"isSfIdLookup":false,"isNullable":true,"isUnique":false,"isCreateable":true,"isUpdateable":true,"isFilterable":true,"isCalculated":false,"filterType":"STRING","showLabel":true,"naturalOrder":53,"typeConfigFields":[],"linkedFields":[],"relatedInfos":[],"references":[]}},{"@type":"fieldMap","id":"18665333","targetField":{"@type":"field","id":108398737,"name":"JigsawContactId","type":"string","uniqueName":"JigsawContactId","label":"Jigsaw Contact ID","parentObject":"Contact","pcType":"STRING","precision":20,"scale":0,"columnIndex":54,"isKey":false,"isWaterMarkKey":false,"isExternalId":false,"isSfIdLookup":false,"isNullable":true,"isUnique":false,"isCreateable":false,"isUpdateable":false,"isFilterable":true,"isCalculated":false,"filterType":"STRING","showLabel":true,"naturalOrder":54,"typeConfigFields":[],"linkedFields":[],"relatedInfos":[],"references":[]}},{"@type":"fieldMap","id":"18665334","targetField":{"@type":"field","id":108398738,"name":"CleanStatus","type":"picklist","uniqueName":"CleanStatus","label":"Clean Status","parentObject":"Contact","pcType":"STRING","precision":40,"scale":0,"columnIndex":55,"isKey":false,"isWaterMarkKey":false,"isExternalId":false,"isSfIdLookup":false,"isNullable":true,"isUnique":false,"isCreateable":true,"isUpdateable":true,"isFilterable":true,"isCalculated":false,"filterType":"STRING","showLabel":true,"naturalOrder":55,"typeConfigFields":[],"linkedFields":[],"relatedInfos":[],"references":[]}},{"@type":"fieldMap","id":"18665335","targetField":{"@type":"field","id":108398739,"name":"IndividualId","type":"reference","uniqueName":"IndividualId","label":"Individual ID","parentObject":"Contact","pcType":"STRING","precision":18,"scale":0,"columnIndex":56,"isKey":false,"isWaterMarkKey":false,"isExternalId":false,"isSfIdLookup":false,"isNullable":true,"isUnique":false,"isCreateable":true,"isUpdateable":true,"isFilterable":true,"isCalculated":false,"filterType":"STRING","showLabel":true,"naturalOrder":56,"typeConfigFields":[],"linkedFields":[],"relatedInfos":[{"@type":"fieldRelatedInfo","id":38336,"referenceObject":"Individual","relationshipName":"Individual","referenceField":{"@type":"field","id":-1,"precision":0,"scale":0,"columnIndex":-1,"isKey":false,"isWaterMarkKey":false,"isExternalId":false,"isSfIdLookup":false,"isNullable":true,"isUnique":false,"isCreateable":false,"isUpdateable":true,"isFilterable":true,"isCalculated":false,"showLabel":true,"naturalOrder":0,"typeConfigFields":[],"linkedFields":[],"relatedInfos":[],"references":[]}}],"references":[]}},{"@type":"fieldMap","id":"18665336","targetField":{"@type":"field","id":108398740,"name":"Level__c","type":"picklist","uniqueName":"Level__c","label":"Level","parentObject":"Contact","pcType":"STRING","precision":255,"scale":0,"columnIndex":57,"isKey":false,"isWaterMarkKey":false,"isExternalId":false,"isSfIdLookup":false,"isNullable":true,"isUnique":false,"isCreateable":true,"isUpdateable":true,"isFilterable":true,"isCalculated":false,"filterType":"STRING","showLabel":true,"naturalOrder":57,"typeConfigFields":[],"linkedFields":[],"relatedInfos":[],"references":[]}},{"@type":"fieldMap","id":"18665337","targetField":{"@type":"field","id":108398741,"name":"Languages__c","type":"string","uniqueName":"Languages__c","label":"Languages","parentObject":"Contact","pcType":"STRING","precision":100,"scale":0,"columnIndex":58,"isKey":false,"isWaterMarkKey":false,"isExternalId":false,"isSfIdLookup":false,"isNullable":true,"isUnique":false,"isCreateable":true,"isUpdateable":true,"isFilterable":true,"isCalculated":false,"filterType":"STRING","showLabel":true,"naturalOrder":58,"typeConfigFields":[],"linkedFields":[],"relatedInfos":[],"references":[]}}],"sourceFields":[{"@type":"field","id":108398742,"name":"Emp_ID","type":"nstring","uniqueName":"Emp_ID","label":"Emp_ID","parentObject":"Employee.csv","pcType":"UNISTRING","precision":18,"scale":0,"columnIndex":0,"isKey":false,"isWaterMarkKey":false,"isExternalId":false,"isSfIdLookup":false,"isNullable":true,"isUnique":false,"isCreateable":false,"isUpdateable":true,"isFilterable":true,"isCalculated":false,"filterType":"STRING","showLabel":false,"naturalOrder":0,"typeConfigFields":[],"linkedFields":["Id"],"relatedInfos":[],"references":[]},{"@type":"field","id":108398743,"name":"Full_Name","type":"nstring","uniqueName":"Full_Name","label":"Full_Name","parentObject":"Employee.csv","pcType":"UNISTRING","precision":255,"scale":0,"columnIndex":1,"isKey":false,"isWaterMarkKey":false,"isExternalId":false,"isSfIdLookup":false,"isNullable":true,"isUnique":false,"isCreateable":false,"isUpdateable":true,"isFilterable":true,"isCalculated":false,"filterType":"STRING","showLabel":false,"naturalOrder":0,"typeConfigFields":[],"linkedFields":["FirstName","LastName"],"relatedInfos":[],"references":[]},{"@type":"field","id":108398744,"name":"Email","type":"nstring","uniqueName":"Email","label":"Email","parentObject":"Employee.csv","pcType":"UNISTRING","precision":80,"scale":0,"columnIndex":2,"isKey":false,"isWaterMarkKey":false,"isExternalId":false,"isSfIdLookup":false,"isNullable":true,"isUnique":false,"isCreateable":false,"isUpdateable":true,"isFilterable":true,"isCalculated":false,"filterType":"STRING","showLabel":false,"naturalOrder":0,"typeConfigFields":[],"linkedFields":["Email"],"relatedInfos":[],"references":[]},{"@type":"field","id":108398745,"name":"Outlet_Name","type":"nstring","uniqueName":"Outlet_Name","label":"Outlet_Name","parentObject":"Employee.csv","pcType":"UNISTRING","precision":255,"scale":0,"columnIndex":3,"isKey":false,"isWaterMarkKey":false,"isExternalId":false,"isSfIdLookup":false,"isNullable":true,"isUnique":false,"isCreateable":false,"isUpdateable":true,"isFilterable":true,"isCalculated":false,"filterType":"STRING","showLabel":false,"naturalOrder":0,"typeConfigFields":[],"linkedFields":["AccountId"],"relatedInfos":[],"references":[]},{"@type":"field","id":108398746,"name":"Department","type":"nstring","uniqueName":"Department","label":"Department","parentObject":"Employee.csv","pcType":"UNISTRING","precision":80,"scale":0,"columnIndex":4,"isKey":false,"isWaterMarkKey":false,"isExternalId":false,"isSfIdLookup":false,"isNullable":true,"isUnique":false,"isCreateable":false,"isUpdateable":true,"isFilterable":true,"isCalculated":false,"filterType":"STRING","showLabel":false,"naturalOrder":0,"typeConfigFields":[],"linkedFields":["Department"],"relatedInfos":[],"references":[]},{"@type":"field","id":108398747,"name":"Phone","type":"nstring","uniqueName":"Phone","label":"Phone","parentObject":"Employee.csv","pcType":"UNISTRING","precision":40,"scale":0,"columnIndex":5,"isKey":false,"isWaterMarkKey":false,"isExternalId":false,"isSfIdLookup":false,"isNullable":true,"isUnique":false,"isCreateable":false,"isUpdateable":true,"isFilterable":true,"isCalculated":false,"filterType":"STRING","showLabel":false,"naturalOrder":0,"typeConfigFields":[],"linkedFields":["Phone"],"relatedInfos":[],"references":[]}],"sortFields":[],"groupFields":[]}]