[{"@type":"mappingTemplate","id":"@1","name":"m_tableau","description":"","bundleVersion":"0","templateId":"@3","deployTime":1692978386000,"hasParameters":false,"valid":true,"fixedConnection":true,"hasParametersDeployed":false,"fixedConnectionDeployed":true,"isSchemaValidationEnabled":false,"tasks":1,"mappingPreviewFileRecordId":"@2","documentType":"MAPPING","references":[{"@type":"reference","refObjectId":"@1PLiSc5GA6oge4Ya9e0Kq3","refType":"connection"},{"@type":"reference","refObjectId":"@4OWjfyWNnTEgTUfAQadtIn","refType":"connection"}]}]