[{"@type":"mappingTemplate","id":"@1","name":"MappingTest1_OLD","description":"","bundleVersion":"0","templateId":"@3","deployTime":1634247380000,"hasParameters":false,"valid":true,"fixedConnection":true,"hasParametersDeployed":false,"fixedConnectionDeployed":true,"tasks":0,"mappingPreviewFileRecordId":"@2","documentType":"MAPPING","references":[{"@type":"reference","refObjectId":"@2peIyF6BO2xbrd2goQsHit","refType":"connection"},{"@type":"reference","refObjectId":"@aS3jigXQm4PeXgIWxDRtEu","refType":"connection"}]}]